{
    "Settings": [
        {
            "Config_Version": 2.0,
            "Minimum_Players": 0,
            "Bots_Timeout_Radius": 150,
            "Bots_Timeout_Time": 300,
            "Cleanup_Radius_Startup": 50,
            "Cleanup_Radius_Running": 100,
            "Cleanup_Time_Running": 600,
            "Missions_Max_Concurrent": 1,
            "Mission_Start_Delay": 300,
            "Mission_Starting_Failed_Retry_Delay": 120,
            "Mission_Time_Between": 2700,
            "Mission_Time_Limit": 2700,
            "Mission_Time_Extension_Limit": 1200,
            "Mission_Inner_Radius": 600,
            "Mission_AI_Spawn_Radius": 800,
            "Reward_Loot_Weapons_Minimum": 0,
            "Reward_Loot_Weapons_Maximum": 1,
            "Reward_Loot_Weapons_Multiplier": 0.2,
            "Reward_Loot_Armour_Minimum": 0,
            "Reward_Loot_Armour_Maximum": 2,
            "Reward_Loot_Armour_Multiplier": 0.35,
            "Reward_Loot_Misc_Minimum": 1,
            "Reward_Loot_Misc_Maximum": 5,
            "Reward_Loot_Misc_Multiplier": 1.0,
            "Text_MissionTitle": "AI МIСIЯ",
            "Notification_StartMessage": "Місія '%1' почалась! Вбийте всіх ботів, щоб забрати здобич!",
            "Notification_WinMessage": "Місія '%1' Виконана! Всі цілі уражено!",
            "Notification_LoseMessage": "Місія '%1' провалена!",
            "Notification_Time": 10,
            "Notification_Icon": "Skull 1",
            "Marker3D_LB_Path": "LBmaster_Groups\\gui\\icons\\player.paa",
            "Markers_Icon": "Skull 1",
            "Markers_Show2D": 1,
            "Markers_Show3D": 0,
            "Markers_ColourAlpha": 255,
            "Markers_ColourRed": 255,
            "Markers_ColourGreen": 0,
            "Markers_ColourBlue": 0,
            "Markers_CircleRadius": 350,
            "Debug_Logging_Enabled": 1,
            "Debug_Disable_Notifications": 0,
            "Debug_Disable_Markers": 0,
            "Debug_Force_Win": 0,
            "Debug_QuickMode": 0,
            "Debug_Ignore_Player_Radius": 0
        }
    ],
    "Missions": [
        {
            "Name": "[HARD] Засада",
            "Position": [
                9995.498047,
                284.391266,
                15280.158203
            ],
            "Bots_Count_Minimum": 3,
            "Bots_Count_Maximum": 5,
            "Bots_Expansion_Loadout": "PatrolLoadout3",
            "Bots_Loadout_ID": 1,
            "Bots_Range": 500,
            "Bots_Accuracy": 0.8,
            "Bots_Damage_Done_Multiplier": 0.6,
            "Bots_Damage_Taken_Multiplier": 0.2,
            "Bots_Drop_Loot": 1,
            "Bots_Drop_Weapon": 1,
            "Is_NBC_Mission": 0,
            "Allow_Crate_Reward": 1,
            "Allow_Vehicle_Reward": 0,
            "Allow_Helicopter_Reward": 1,
            "Static_Objects": [
                {
                    "ClassName": "StaticObj_Wreck_Uaz_DE",
                    "Scale": 1.0,
                    "Position": [
                        9987.709961,
                        282.591003,
                        15259.799805
                    ],
                    "Rotation": [
                        37.000000,
                        7.000000,
                        2.000000
                    ]
                },
                {
                    "ClassName": "StaticObj_Wreck_HMMWV_DE",
                    "Scale": 1.0,
                    "Position": [
                        9995.120117,
                        284.623993,
                        15271.799805
                    ],
                    "Rotation": [
                        32.940098,
                        4.000000,
                        0.000000
                    ]
                },
                {
                    "ClassName": "StaticObj_Wreck_Ural_DE",
                    "Scale": 1.0,
                    "Position": [
                        10007.299805,
                        285.346008,
                        15284.500000
                    ],
                    "Rotation": [
                        58.000004,
                        5.000000,
                        6.000000
                    ]
                },
                {
                    "ClassName": "StaticObj_Wreck_BMP2",
                    "Scale": 1.0,
                    "Position": [
                        9975.820313,
                        289.319000,
                        15286.099609
                    ],
                    "Rotation": [
                        -72.000008,
                        9.999999,
                        8.000000
                    ]
                }
            ]
        },
        {
            "Name": "[HARD] Колона",
            "Position": [
                2439.916016,
                440.338715,
                15002.429688
            ],
            "Bots_Count_Minimum": 3,
            "Bots_Count_Maximum": 5,
            "Bots_Expansion_Loadout": "PatrolLoadout3",
            "Bots_Loadout_ID": 1,
            "Bots_Range": 500,
            "Bots_Accuracy": 0.8,
            "Bots_Damage_Done_Multiplier": 0.60,
            "Bots_Damage_Taken_Multiplier": 0.2,
            "Bots_Drop_Loot": 1,
            "Bots_Drop_Weapon": 1,
            "Is_NBC_Mission": 0,
            "Allow_Crate_Reward": 1,
            "Allow_Vehicle_Reward": 0,
            "Allow_Helicopter_Reward": 1,
            "Static_Objects": [
                {
                    "ClassName": "StaticObj_Wreck_BMP2",
                    "Scale": 1.0,
                    "Position": [
                        2431.000000,
                        441.213989,
                        15011.299805
                    ],
                    "Rotation": [
                        -25.999304,
                        -1.000209,
                        7.008643
                    ]
                },
                {
                    "ClassName": "StaticObj_Wreck_BMP1",
                    "Scale": 1.0,
                    "Position": [
                        2448.000000,
                        441.864014,
                        14997.000000
                    ],
                    "Rotation": [
                        -67.000847,
                        -2.998345,
                        -0.149372
                    ]
                },
                {
                    "ClassName": "StaticObj_Wreck_T72_Turret",
                    "Scale": 1.0,
                    "Position": [
                        2462.000000,
                        442.131012,
                        14993.000000
                    ],
                    "Rotation": [
                        -2.001198,
                        -6.001424,
                        -0.000397
                    ]
                },
                {
                    "ClassName": "StaticObj_Wreck_T72_Chassis",
                    "Scale": 1.0,
                    "Position": [
                        2461.830078,
                        442.881989,
                        14981.000000
                    ],
                    "Rotation": [
                        -42.000233,
                        -6.001425,
                        0.982754
                    ]
                }
            ]
        },
        {
            "Name": "[EASY] Колона",
            "Position": [
                12298.496094,
                188.490372,
                6991.335449
            ],
            "Bots_Count_Minimum": 1,
            "Bots_Count_Maximum": 2,
            "Bots_Expansion_Loadout": "PatrolLoadout3",
            "Bots_Loadout_ID": 1,
            "Bots_Range": 500,
            "Bots_Accuracy": 0.7,
            "Bots_Damage_Done_Multiplier": 0.60,
            "Bots_Damage_Taken_Multiplier": 0.5,
            "Bots_Drop_Loot": 1,
            "Bots_Drop_Weapon": 1,
            "Is_NBC_Mission": 0,
            "Allow_Crate_Reward": 1,
            "Allow_Vehicle_Reward": 0,
            "Allow_Helicopter_Reward": 1,
            "Static_Objects": [
                {
                    "ClassName": "StaticObj_Wreck_Uaz_DE",
                    "Scale": 1.0,
                    "Position": [
                        12309.200195,
                        188.770996,
                        6974.129883
                    ],
                    "Rotation": [
                        -61.560780,
                        5.000141,
                        0.118973
                    ]
                },
                {
                    "ClassName": "StaticObj_Wreck_Ural",
                    "Scale": 1.0,
                    "Position": [
                        12302.200195,
                        189.684006,
                        6984.529785
                    ],
                    "Rotation": [
                        -35.640083,
                        -2.000722,
                        0.002150
                    ]
                },
                {
                    "ClassName": "StaticObj_Wreck_HMMWV_DE",
                    "Scale": 1.0,
                    "Position": [
                        12295.099609,
                        189.233994,
                        6998.439941
                    ],
                    "Rotation": [
                        -36.719547,
                        -2.000723,
                        0.000912
                    ]
                },
                {
                    "ClassName": "StaticObj_Wreck_Ural",
                    "Scale": 1.0,
                    "Position": [
                        12290.299805,
                        188.692001,
                        7011.000000
                    ],
                    "Rotation": [
                        -18.900494,
                        -5.000141,
                        -0.006396
                    ]
                }
            ]
        },
        {
            "Name": "[EASY] Колона",
            "Position": [
                543.710999,
                46.908680,
                3544.109863
            ],
            "Bots_Count_Minimum": 1,
            "Bots_Count_Maximum": 2,
            "Bots_Expansion_Loadout": "PatrolLoadout3",
            "Bots_Loadout_ID": 1,
            "Bots_Range": 500,
            "Bots_Accuracy": 0.7,
            "Bots_Damage_Done_Multiplier": 0.60,
            "Bots_Damage_Taken_Multiplier": 0.5,
            "Bots_Drop_Loot": 1,
            "Bots_Drop_Weapon": 1,
            "Is_NBC_Mission": 0,
            "Allow_Crate_Reward": 1,
            "Allow_Vehicle_Reward": 0,
            "Allow_Helicopter_Reward": 1,
            "Static_Objects": [
                {
                    "ClassName": "StaticObj_Wreck_BRDM_DE",
                    "Scale": 1.0,
                    "Position": [
                        542.130981,
                        48.490101,
                        3537.610107
                    ],
                    "Rotation": [
                        -156.999527,
                        11.998476,
                        -12.006021
                    ]
                },
                {
                    "ClassName": "StaticObj_Wreck_Ural_DE",
                    "Scale": 1.0,
                    "Position": [
                        548.361023,
                        47.662998,
                        3546.060059
                    ],
                    "Rotation": [
                        159.299255,
                        2.000722,
                        -6.009191
                    ]
                },
                {
                    "ClassName": "StaticObj_Wreck_HMMWV",
                    "Scale": 1.0,
                    "Position": [
                        545.643005,
                        46.845100,
                        3550.719971
                    ],
                    "Rotation": [
                        6.001745,
                        -8.999920,
                        -0.000616
                    ]
                }
            ]
        },
        {
            "Name": "[MEDIUM] Колона",
            "Position": [
                9617.914063,
                236.102005,
                9784.658203
            ],
            "Bots_Count_Minimum": 2,
            "Bots_Count_Maximum": 3,
            "Bots_Expansion_Loadout": "PatrolLoadout3",
            "Bots_Loadout_ID": 1,
            "Bots_Range": 500,
            "Bots_Accuracy": 0.8,
            "Bots_Damage_Done_Multiplier": 0.60,
            "Bots_Damage_Taken_Multiplier": 0.4,
            "Bots_Drop_Loot": 1,
            "Bots_Drop_Weapon": 1,
            "Is_NBC_Mission": 0,
            "Allow_Crate_Reward": 1,
            "Allow_Vehicle_Reward": 0,
            "Allow_Helicopter_Reward": 1,
            "Static_Objects": [
                {
                    "ClassName": "StaticObj_Wreck_BRDM_DE",
                    "Scale": 1.0,
                    "Position": [
                        9606.780273,
                        237.983002,
                        9779.959961
                    ],
                    "Rotation": [
                        -119.996742,
                        2.998345,
                        -9.002758
                    ]
                },
                {
                    "ClassName": "StaticObj_Wreck_BMP1_DE",
                    "Scale": 1.0,
                    "Position": [
                        9622.950195,
                        237.235001,
                        9791.049805
                    ],
                    "Rotation": [
                        -140.937927,
                        -1.000209,
                        0.024752
                    ]
                },
                {
                    "ClassName": "StaticObj_Wreck_BMP2_DE",
                    "Scale": 1.0,
                    "Position": [
                        9637.280273,
                        237.981995,
                        9797.750000
                    ],
                    "Rotation": [
                        -134.998703,
                        -6.001425,
                        9.068539
                    ]
                }
            ]
        },
        {
            "Name": "[MEDIUM] Колона",
            "Position": [
                2708.818604,
                301.093994,
                10599.605469
            ],
            "Bots_Count_Minimum": 2,
            "Bots_Count_Maximum": 3,
            "Bots_Expansion_Loadout": "PatrolLoadout3",
            "Bots_Loadout_ID": 1,
            "Bots_Range": 500,
            "Bots_Accuracy": 0.8,
            "Bots_Damage_Done_Multiplier": 0.60,
            "Bots_Damage_Taken_Multiplier": 0.4,
            "Bots_Drop_Loot": 1,
            "Bots_Drop_Weapon": 1,
            "Is_NBC_Mission": 0,
            "Allow_Crate_Reward": 1,
            "Allow_Vehicle_Reward": 0,
            "Allow_Helicopter_Reward": 1,
            "Static_Objects": [
                {
                    "ClassName": "StaticObj_Wreck_BMP1",
                    "Scale": 1.0,
                    "Position": [
                        2684.030029,
                        298.506012,
                        10587.400391
                    ],
                    "Rotation": [
                        30.240152,
                        5.000140,
                        -7.028989
                    ]
                },
                {
                    "ClassName": "StaticObj_Wreck_T72_Chassis_DE",
                    "Scale": 1.0,
                    "Position": [
                        2698.679932,
                        300.234009,
                        10595.200195
                    ],
                    "Rotation": [
                        57.777798,
                        8.999919,
                        0.011852
                    ]
                },
                {
                    "ClassName": "StaticObj_Wreck_T72_Chassis_DE",
                    "Scale": 1.0,
                    "Position": [
                        2722.340088,
                        304.710999,
                        10572.200195
                    ],
                    "Rotation": [
                        0.000000,
                        5.000141,
                        0.000000
                    ]
                },
                {
                    "ClassName": "StaticObj_Wreck_T72_Turret_DE",
                    "Scale": 1.0,
                    "Position": [
                        2721.330078,
                        303.842987,
                        10600.299805
                    ],
                    "Rotation": [
                        0.000000,
                        -5.000141,
                        -0.000000
                    ]
                }
            ]
        },
        {
            "Name": "[MEDIUM] Аварія",
            "Position": [
                10212.898438,
                83.614304,
                13949.666016
            ],
            "Bots_Count_Minimum": 2,
            "Bots_Count_Maximum": 3,
            "Bots_Expansion_Loadout": "PatrolLoadout3",
            "Bots_Loadout_ID": 1,
            "Bots_Range": 500,
            "Bots_Accuracy": 0.8,
            "Bots_Damage_Done_Multiplier": 0.60,
            "Bots_Damage_Taken_Multiplier": 0.4,
            "Bots_Drop_Loot": 1,
            "Bots_Drop_Weapon": 1,
            "Is_NBC_Mission": 0,
            "Allow_Crate_Reward": 1,
            "Allow_Vehicle_Reward": 0,
            "Allow_Helicopter_Reward": 1,
            "Static_Objects": [
                {
                    "ClassName": "StaticObj_Wreck_Train_742_Red",
                    "Scale": 1.0,
                    "Position": [
                        10222.900391,
                        85.670898,
                        13962.400391
                    ],
                    "Rotation": [
                        -165.780746,
                        2.000723,
                        4.002805
                    ]
                },
                {
                    "ClassName": "StaticObj_Wreck_Train_Wagon_Flat",
                    "Scale": 1.0,
                    "Position": [
                        10216.500000,
                        84.339996,
                        13948.500000
                    ],
                    "Rotation": [
                        32.400055,
                        0.000000,
                        -0.000000
                    ]
                },
                {
                    "ClassName": "StaticObj_Wreck_BMP2",
                    "Scale": 1.0,
                    "Position": [
                        10217.200195,
                        85.193604,
                        13954.900391
                    ],
                    "Rotation": [
                        31.859087,
                        0.000000,
                        -23.995943
                    ]
                },
                {
                    "ClassName": "StaticObj_Wreck_BMP2",
                    "Scale": 1.0,
                    "Position": [
                        10215.599609,
                        85.654800,
                        13943.700195
                    ],
                    "Rotation": [
                        64.799561,
                        -18.999594,
                        20.014565
                    ]
                },
                {
                    "ClassName": "StaticObj_Wreck_HMMWV",
                    "Scale": 1.0,
                    "Position": [
                        10233.500000,
                        84.040199,
                        13966.500000
                    ],
                    "Rotation": [
                        3.779562,
                        0.000000,
                        -0.000000
                    ]
                }
            ]
        },
        {
            "Name": "[HARD] Крадіжка",
            "Position": [
                14029.967773,
                5.350428,
                11450.395508
            ],
            "Bots_Count_Minimum": 3,
            "Bots_Count_Maximum": 5,
            "Bots_Expansion_Loadout": "PatrolLoadout3",
            "Bots_Loadout_ID": 1,
            "Bots_Range": 500,
            "Bots_Accuracy": 0.8,
            "Bots_Damage_Done_Multiplier": 0.60,
            "Bots_Damage_Taken_Multiplier": 0.2,
            "Bots_Drop_Loot": 1,
            "Bots_Drop_Weapon": 1,
            "Is_NBC_Mission": 0,
            "Allow_Crate_Reward": 1,
            "Allow_Vehicle_Reward": 0,
            "Allow_Helicopter_Reward": 1,
            "Static_Objects": [
                {
                    "ClassName": "StaticObj_Wreck_Ship_Medium_Front",
                    "Scale": 1.0,
                    "Position": [
                        14065.200195,
                        12.832800,
                        11462.799805
                    ],
                    "Rotation": [
                        51.302391,
                        0.000000,
                        -0.000000
                    ]
                },
                {
                    "ClassName": "StaticObj_Wreck_Trailer_Cistern",
                    "Scale": 1.0,
                    "Position": [
                        14036.599609,
                        3.122130,
                        11459.000000
                    ],
                    "Rotation": [
                        -142.560287,
                        7.001029,
                        -5.988313
                    ]
                },
                {
                    "ClassName": "StaticObj_Wreck_Ural",
                    "Scale": 1.0,
                    "Position": [
                        14031.099609,
                        4.303870,
                        11463.700195
                    ],
                    "Rotation": [
                        131.038589,
                        -2.998345,
                        -13.991785
                    ]
                }
            ]
        },
        {
            "Name": "[MEDIUM] Підкріплення",
            "Position": [
                59.605648,
                306.802063,
                8829.688477
            ],
            "Bots_Count_Minimum": 2,
            "Bots_Count_Maximum": 3,
            "Bots_Expansion_Loadout": "PatrolLoadout3",
            "Bots_Loadout_ID": 1,
            "Bots_Range": 500,
            "Bots_Accuracy": 0.8,
            "Bots_Damage_Done_Multiplier": 0.60,
            "Bots_Damage_Taken_Multiplier": 0.4,
            "Bots_Drop_Loot": 1,
            "Bots_Drop_Weapon": 1,
            "Is_NBC_Mission": 0,
            "Allow_Crate_Reward": 1,
            "Allow_Vehicle_Reward": 0,
            "Allow_Helicopter_Reward": 1,
            "Static_Objects": [
                {
                    "ClassName": "StaticObj_Wreck_Ural",
                    "Scale": 1.0,
                    "Position": [
                        68.106201,
                        308.410004,
                        8841.639648
                    ],
                    "Rotation": [
                        -169.018570,
                        0.000000,
                        -0.000000
                    ]
                },
                {
                    "ClassName": "StaticObj_Wreck_Trailer_Cistern",
                    "Scale": 1.0,
                    "Position": [
                        64.671898,
                        307.019989,
                        8836.049805
                    ],
                    "Rotation": [
                        -23.760197,
                        -8.999919,
                        -4.000812
                    ]
                },
                {
                    "ClassName": "StaticObj_Wreck_Ural",
                    "Scale": 1.0,
                    "Position": [
                        53.566299,
                        307.575012,
                        8824.690430
                    ],
                    "Rotation": [
                        -123.119041,
                        -6.001424,
                        1.929914
                    ]
                },
                {
                    "ClassName": "StaticObj_Wreck_Trailer_Flat",
                    "Scale": 1.0,
                    "Position": [
                        47.386700,
                        307.046997,
                        8820.360352
                    ],
                    "Rotation": [
                        -120.188759,
                        -5.000141,
                        0.071341
                    ]
                },
                {
                    "ClassName": "StaticObj_Wreck_BRDM",
                    "Scale": 1.0,
                    "Position": [
                        46.349098,
                        307.462006,
                        8819.639648
                    ],
                    "Rotation": [
                        -114.481476,
                        0.000000,
                        -21.999815
                    ]
                }
            ]
        },
        {
            "Name": "[EASY] Падіння",
            "Position": [
                6642.984375,
                221.373016,
                4614.536133
            ],
            "Bots_Count_Minimum": 1,
            "Bots_Count_Maximum": 2,
            "Bots_Expansion_Loadout": "PatrolLoadout3",
            "Bots_Loadout_ID": 1,
            "Bots_Range": 500,
            "Bots_Accuracy": 0.8,
            "Bots_Damage_Done_Multiplier": 0.60,
            "Bots_Damage_Taken_Multiplier": 0.5,
            "Bots_Drop_Loot": 1,
            "Bots_Drop_Weapon": 1,
            "Is_NBC_Mission": 0,
            "Allow_Crate_Reward": 1,
            "Allow_Vehicle_Reward": 0,
            "Allow_Helicopter_Reward": 1,
            "Static_Objects": [
                {
                    "ClassName": "StaticObj_Wreck_UH1Y",
                    "Scale": 1.0,
                    "Position": [
                        6648.529785,
                        222.917007,
                        4617.890137
                    ],
                    "Rotation": [
                        0.000000,
                        2.998345,
                        2.000723
                    ]
                },
                {
                    "ClassName": "StaticObj_Wreck_Digger",
                    "Scale": 1.0,
                    "Position": [
                        6643.819824,
                        224.686005,
                        4620.709961
                    ],
                    "Rotation": [
                        72.908005,
                        1.000209,
                        3.003192
                    ]
                }
            ]
        },
        {
            "Name": "[MEDIUM] Підкріплення",
            "Position": [
                4545.438965,
                317.987030,
                8352.354492
            ],
            "Bots_Count_Minimum": 2,
            "Bots_Count_Maximum": 3,
            "Bots_Expansion_Loadout": "PatrolLoadout3",
            "Bots_Loadout_ID": 1,
            "Bots_Range": 500,
            "Bots_Accuracy": 0.8,
            "Bots_Damage_Done_Multiplier": 0.60,
            "Bots_Damage_Taken_Multiplier": 0.4,
            "Bots_Drop_Loot": 1,
            "Bots_Drop_Weapon": 1,
            "Is_NBC_Mission": 0,
            "Allow_Crate_Reward": 1,
            "Allow_Vehicle_Reward": 0,
            "Allow_Helicopter_Reward": 1,
            "Static_Objects": [
                {
                    "ClassName": "StaticObj_Wreck_Mi8_Crashed",
                    "Scale": 1.0,
                    "Position": [
                        4548.759766,
                        319.821991,
                        8353.129883
                    ],
                    "Rotation": [
                        -62.638260,
                        0.000000,
                        0.000000
                    ]
                }
            ]
        },
        {
            "Name": "[MEDIUM] Розкопки",
            "Position": [
                6926.415039,
                403.798737,
                11408.079102
            ],
            "Bots_Count_Minimum": 2,
            "Bots_Count_Maximum": 3,
            "Bots_Expansion_Loadout": "PatrolLoadout3",
            "Bots_Loadout_ID": 1,
            "Bots_Range": 500,
            "Bots_Accuracy": 0.8,
            "Bots_Damage_Done_Multiplier": 0.60,
            "Bots_Damage_Taken_Multiplier": 0.4,
            "Bots_Drop_Loot": 1,
            "Bots_Drop_Weapon": 1,
            "Is_NBC_Mission": 0,
            "Allow_Crate_Reward": 1,
            "Allow_Vehicle_Reward": 0,
            "Allow_Helicopter_Reward": 1,
            "Static_Objects": [
                {
                    "ClassName": "StaticObj_Wreck_Digger",
                    "Scale": 1.0,
                    "Position": [
                        6935.450195,
                        405.704987,
                        11410.500000
                    ],
                    "Rotation": [
                        -117.721046,
                        6.001424,
                        0.015787
                    ]
                },
                {
                    "ClassName": "StaticObj_Wreck_Bulldozer",
                    "Scale": 1.0,
                    "Position": [
                        6925.169922,
                        405.864014,
                        11418.200195
                    ],
                    "Rotation": [
                        -3.600841,
                        0.000000,
                        0.000000
                    ]
                },
                {
                    "ClassName": "StaticObj_Wreck_PowGen",
                    "Scale": 1.0,
                    "Position": [
                        6942.629883,
                        403.205994,
                        11428.000000
                    ],
                    "Rotation": [
                        -49.137917,
                        0.000000,
                        4.986093
                    ]
                }
            ]
        },
        {
            "Name": "[HARD] Колона",
            "Position": [
                6771.525391,
                216.562424,
                13275.636719
            ],
            "Bots_Count_Minimum": 3,
            "Bots_Count_Maximum": 5,
            "Bots_Expansion_Loadout": "PatrolLoadout3",
            "Bots_Loadout_ID": 1,
            "Bots_Range": 500,
            "Bots_Accuracy": 0.8,
            "Bots_Damage_Done_Multiplier": 0.60,
            "Bots_Damage_Taken_Multiplier": 0.2,
            "Bots_Drop_Loot": 1,
            "Bots_Drop_Weapon": 1,
            "Is_NBC_Mission": 0,
            "Allow_Crate_Reward": 1,
            "Allow_Vehicle_Reward": 0,
            "Allow_Helicopter_Reward": 1,
            "Static_Objects": [
                {
                    "ClassName": "StaticObj_Wreck_BMP1",
                    "Scale": 1.0,
                    "Position": [
                        6763.609863,
                        217.895004,
                        13268.500000
                    ],
                    "Rotation": [
                        28.620365,
                        0.000000,
                        -0.000000
                    ]
                },
                {
                    "ClassName": "StaticObj_Wreck_BMP2",
                    "Scale": 1.0,
                    "Position": [
                        6784.560059,
                        217.384995,
                        13281.400391
                    ],
                    "Rotation": [
                        64.257729,
                        0.000000,
                        -0.000000
                    ]
                },
                {
                    "ClassName": "StaticObj_Wreck_BRDM",
                    "Scale": 1.0,
                    "Position": [
                        6804.129883,
                        216.876007,
                        13289.099609
                    ],
                    "Rotation": [
                        69.655968,
                        0.000000,
                        -14.004701
                    ]
                }
            ]
        },
        {
            "Name": "[MEDIUM] Пограбування",
            "Position": [
                5262.255371,
                305.838287,
                5492.199219
            ],
            "Bots_Count_Minimum": 2,
            "Bots_Count_Maximum": 3,
            "Bots_Expansion_Loadout": "PatrolLoadout3",
            "Bots_Loadout_ID": 1,
            "Bots_Range": 500,
            "Bots_Accuracy": 0.8,
            "Bots_Damage_Done_Multiplier": 0.60,
            "Bots_Damage_Taken_Multiplier": 0.4,
            "Bots_Drop_Loot": 1,
            "Bots_Drop_Weapon": 1,
            "Is_NBC_Mission": 0,
            "Allow_Crate_Reward": 1,
            "Allow_Vehicle_Reward": 0,
            "Allow_Helicopter_Reward": 1,
            "Static_Objects": [
                {
                    "ClassName": "StaticObj_Wreck_PowGen",
                    "Scale": 1.0,
                    "Position": [
                        5261.609863,
                        306.737000,
                        5488.290039
                    ],
                    "Rotation": [
                        110.703110,
                        0.000000,
                        -0.000000
                    ]
                },
                {
                    "ClassName": "StaticObj_Wreck_Trailer_Cistern",
                    "Scale": 1.0,
                    "Position": [
                        5253.950195,
                        305.911011,
                        5494.740234
                    ],
                    "Rotation": [
                        -124.199295,
                        0.000000,
                        -0.000000
                    ]
                },
                {
                    "ClassName": "StaticObj_Wreck_Ural",
                    "Scale": 1.0,
                    "Position": [
                        5247.540039,
                        306.858002,
                        5498.189941
                    ],
                    "Rotation": [
                        98.825882,
                        0.000000,
                        -0.000000
                    ]
                },
                {
                    "ClassName": "Land_Wreck_Tractor",
                    "Scale": 1.0,
                    "Position": [
                        5253.180176,
                        306.977997,
                        5504.270020
                    ],
                    "Rotation": [
                        14.578664,
                        0.000000,
                        -0.000000
                    ]
                }
            ]
        },
        {
            "Name": "[HARD] Висадка на острів",
            "Position": [
                13634.753906,
                44.008549,
                2973.740479
            ],
            "Bots_Count_Minimum": 3,
            "Bots_Count_Maximum": 5,
            "Bots_Expansion_Loadout": "PatrolLoadout3",
            "Bots_Loadout_ID": 1,
            "Bots_Range": 500,
            "Bots_Accuracy": 0.8,
            "Bots_Damage_Done_Multiplier": 0.60,
            "Bots_Damage_Taken_Multiplier": 0.2,
            "Bots_Drop_Loot": 1,
            "Bots_Drop_Weapon": 1,
            "Is_NBC_Mission": 0,
            "Allow_Crate_Reward": 1,
            "Allow_Vehicle_Reward": 0,
            "Allow_Helicopter_Reward": 1,
            "Static_Objects": [
                {
                    "ClassName": "StaticObj_Wreck_Mi8_Crashed",
                    "Scale": 1.0,
                    "Position": [
                        13625.000000,
                        45.651600,
                        2962.770020
                    ],
                    "Rotation": [
                        -167.220978,
                        0.000000,
                        0.000000
                    ]
                },
                {
                    "ClassName": "StaticObj_Wreck_UH1Y",
                    "Scale": 1.0,
                    "Position": [
                        13657.000000,
                        45.887600,
                        2964.750000
                    ],
                    "Rotation": [
                        30.778381,
                        0.000000,
                        -0.000000
                    ]
                }
            ]
        }
    ],
    "Loadouts": [
        {
            "AI_Loot_Misc_Max": 2,
            "AI_Loot_Special_Max": 1,
            "Shirts": [
                "GorkaEJacket_Autumn",
                "GorkaEJacket_Flat",
                "GorkaEJacket_PautRev",
                "GorkaEJacket_Summer"
            ],
            "Pants": [
                "GorkaPants_Autumn",
                "GorkaPants_Flat",
                "GorkaPants_PautRev",
                "GorkaPants_Summer"
            ],
            "Shoes": [
                "TTSKOBoots",
                "WorkingBoots_Beige",
                "CombatBoots_Beige",
                "CombatBoots_Black",
                "CombatBoots_Brown"
            ],
            "BackPacks": [
                "CoyoteBag_Brown",
                "CoyoteBag_Green",
                "HuntingBag",
                "TortillaBag",
                "WaterproofBag_Green"
            ],
            "Gloves": [
                "WorkingGloves_Beige",
                "WorkingGloves_Black",
                "NBCGlovesGray",
                "OMNOGloves_Brown"
            ],
            "Belts": [
                "CivilianBelt",
                "MilitaryBelt"
            ],
            "NBC_Loadout": [
                "NBCGlovesGray",
                "NBCJacketGray",
                "NBCPantsGray",
                "NBCBootsGray",
                "NBCHoodGray",
                "GasMask"
            ],
            "AI_Loot_Misc": [
                "CP_EmptyBag",
                "CP_TobaccoSeedsPack",
                "CP_CannabisSeedsPackFuture",
                "CP_CannabisSeedsPackStardawg",
                "CP_CannabisSeedsPackNomad",
                "CP_CannabisSeedsPackBlackFrost",
                "CP_CannabisSeedsPackS1",
                "CP_CannabisSeedsPackBlue",
                "CP_CannabisSeedsPackKush",
                "CP_CannabisSeedsPackSkunk",
                "TerjeDrink6Energy",
                "TerjeDrinkGang",
                "TerjeDrinkPrayboy",
                "TerjeDrinkYaguar"
            ],
            "AI_Loot_Special": [
                "NailBox",
                "HackSaw",
                "RGD5Grenade"
            ],
            "Weapons": [
                {
                    "Loadout_ID": 0,
                    "Weapon_ClassName": "CZ61",
                    "Magazine_ClassName": "Mag_CZ61_20Rnd",
                    "Attach": []
                },
                {
                    "Loadout_ID": 1,
                    "Weapon_ClassName": "M4A1",
                    "Magazine_ClassName": "Mag_CMAG_40Rnd",
                    "Attach": [
                        "M4_RISHndgrd",
                        "M4_MPBttstck",
                        "ACOGOptic"
                    ]
                },
                {
                    "Loadout_ID": 2,
                    "Weapon_ClassName": "SVD",
                    "Magazine_ClassName": "Mag_SVD_10Rnd",
                    "Attach": [
                        "PSO1Optic"
                    ]
                }
            ],
            "Armour": [
                {
                    "Loadout_ID": 0,
                    "Armour_ClassName": "PlateCarrierVest_Black",
                    "Attach": [],
                    "Contents": []
                },
                {
                    "Loadout_ID": 0,
                    "Armour_ClassName": "PlateCarrierVest_Green",
                    "Attach": [],
                    "Contents": []
                },
                {
                    "Loadout_ID": 1,
                    "Armour_ClassName": "PlateCarrierVest_Black",
                    "Attach": [],
                    "Contents": []
                },
                {
                    "Loadout_ID": 1,
                    "Armour_ClassName": "PlateCarrierVest_Green",
                    "Attach": [],
                    "Contents": []
                },
                {
                    "Loadout_ID": 2,
                    "Armour_ClassName": "PlateCarrierVest_Camo",
                    "Attach": [],
                    "Contents": []
                }
            ],
            "Headgear": [
                {
                    "Loadout_ID": 0,
                    "Helmet_ClassName": "GorkaHelmet",
                    "Give_NVG": 0
                },
                {
                    "Loadout_ID": 1,
                    "Helmet_ClassName": "GorkaHelmet",
                    "Give_NVG": 0
                },
                {
                    "Loadout_ID": 2,
                    "Helmet_ClassName": "Mich2001Helmet",
                    "Give_NVG": 0
                }
            ]
        }
    ],
    "RewardObjects": [
        {
            "Reward_Type": 1,
            "ClassName": "Barrel_Red",
            "Replace_ClassName": "",
            "Loot_Initial": [],
            "Loot_Win": []
        }
    ],
    "Loot": [
        {
            "Weapons": [
                {
                    "ClassName": "M4A1_Green",
                    "Magazine_ClassName": "Mag_STANAG_60Rnd",
                    "Attach": [
                        "Fal_OeBttsck",
                        "M4_RISHndgrd_Green",
                        "M4_MPBttstck",
                        "ACOGOptic"
                    ],
                    "Loot": [
                        "Mag_STANAG_30Rnd",
                        "AmmoBox_556x45_20Rnd",
                        "AmmoBox_556x45_20Rnd",
                        "AmmoBox_556x45_20Rnd",
                        "AmmoBox_556x45_20Rnd",
                        "AmmoBox_556x45_20Rnd",
                        "AmmoBox_556x45_20Rnd",
                        "AmmoBox_556x45_20Rnd",
                        "AmmoBox_556x45_20Rnd",
                        "AmmoBox_556x45_20Rnd",
                        "AmmoBox_556x45_20Rnd",
                        "TerjeInjectorErytromixelin",
                        "Morphine"
                    ]
                },
                {
                    "ClassName": "SVD",
                    "Magazine_ClassName": "Mag_SVD_10Rnd",
                    "Attach": [
                        "PSO1Optic"
                    ],
                    "Loot": [
                        "Mag_SVD_10Rnd",
                        "AmmoBox_762x54_20Rnd",
                        "AmmoBox_762x54_20Rnd",
                        "AmmoBox_762x54_20Rnd",
                        "AmmoBox_762x54_20Rnd",
                        "AmmoBox_762x54_20Rnd",
                        "AmmoBox_762x54_20Rnd",
                        "AmmoBox_762x54_20Rnd",
                        "AmmoBox_762x54_20Rnd",
                        "AmmoBox_762x54_20Rnd",
                        "AmmoBox_762x54_20Rnd",
                        "TerjeInjectorErytromixelin",
                        "Morphine"
                    ]
                },
                {
                    "ClassName": "VSS",
                    "Magazine_ClassName": "Mag_VSS_10Rnd",
                    "Attach": [
                        "PSO1Optic"
                    ],
                    "Loot": [
                        "Mag_VSS_10Rnd",
                        "AmmoBox_9x39_20Rnd",
                        "AmmoBox_9x39_20Rnd",
                        "AmmoBox_9x39_20Rnd",
                        "AmmoBox_9x39_20Rnd",
                        "AmmoBox_9x39_20Rnd",
                        "AmmoBox_9x39_20Rnd",
                        "AmmoBox_9x39_20Rnd",
                        "AmmoBox_9x39_20Rnd",
                        "AmmoBox_9x39_20Rnd",
                        "AmmoBox_9x39_20Rnd",
                        "TerjeInjectorErytromixelin",
                        "Morphine"
                    ]
                },
                {
                    "ClassName": "AKM",
                    "Magazine_ClassName": "Mag_AKM_Drum75Rnd",
                    "Attach": [
                        "AK_RailHndgrd_Green",
                        "AK_PlasticBttstck_Green",
                        "PSO1Optic"
                    ],
                    "Loot": [
                        "Mag_AKM_30Rnd",
                        "AmmoBox_762x39_20Rnd",
                        "AmmoBox_762x39_20Rnd",
                        "AmmoBox_762x39_20Rnd",
                        "AmmoBox_762x39_20Rnd",
                        "AmmoBox_762x39_20Rnd",
                        "AmmoBox_762x39_20Rnd",
                        "AmmoBox_762x39_20Rnd",
                        "AmmoBox_762x39_20Rnd",
                        "AmmoBox_762x39_20Rnd",
                        "AmmoBox_762x39_20Rnd",
                        "TerjeInjectorErytromixelin",
                        "Morphine"
                    ]
                },
                {
                    "ClassName": "SCWS_P90_Fall",
                    "Magazine_ClassName": "SCWS_P90_Magazine",
                    "Attach": [],
                    "Loot": [
                        "SCWS_P90_Magazine",
                        "AmmoBox_9x39_20Rnd",
                        "AmmoBox_9x39_20Rnd",
                        "AmmoBox_9x39_20Rnd",
                        "AmmoBox_9x39_20Rnd",
                        "AmmoBox_9x39_20Rnd",
                        "AmmoBox_9x39_20Rnd",
                        "AmmoBox_9x39_20Rnd",
                        "AmmoBox_9x39_20Rnd",
                        "AmmoBox_9x39_20Rnd",
                        "AmmoBox_9x39_20Rnd",
                        "TerjeInjectorErytromixelin",
                        "Morphine"
                    ]
                },
                {
                    "ClassName": "SCWS_CZ_Red",
                    "Magazine_ClassName": "SCWS_CZ_Magazine",
                    "Attach": [],
                    "Loot": [
                        "SCWS_CZ_Magazine",
                        "AmmoBox_9x19_25rnd",
                        "AmmoBox_9x19_25rnd",
                        "AmmoBox_9x19_25rnd",
                        "AmmoBox_9x19_25rnd",
                        "AmmoBox_9x19_25rnd",
                        "AmmoBox_9x19_25rnd",
                        "AmmoBox_9x19_25rnd",
                        "AmmoBox_9x19_25rnd",
                        "AmmoBox_9x19_25rnd",
                        "AmmoBox_9x19_25rnd",
                        "TerjeInjectorErytromixelin",
                        "Morphine"
                    ]
                }
            ],
            "Armour": [
                {
                    "ClassName": "NVGoggles",
                    "Attach": [],
                    "Contents": []
                },
                {
                    "ClassName": "AmmoBox",
                    "Attach": [],
                    "Contents": [
                        "AmmoBox_556x45_20Rnd",
                        "AmmoBox_556x45_20Rnd",
                        "AmmoBox_556x45_20Rnd",
                        "AmmoBox_556x45_20Rnd",
                        "AmmoBox_556x45_20Rnd"
                    ]
                },
                {
                    "ClassName": "AmmoBox",
                    "Attach": [],
                    "Contents": [
                        "AmmoBox_308Win_20Rnd",
                        "AmmoBox_308Win_20Rnd",
                        "AmmoBox_308Win_20Rnd",
                        "AmmoBox_308Win_20Rnd",
                        "AmmoBox_308Win_20Rnd"
                    ]
                },
                {
                    "ClassName": "AmmoBox",
                    "Attach": [],
                    "Contents": [
                        "AmmoBox_762x39_20Rnd",
                        "AmmoBox_762x39_20Rnd",
                        "AmmoBox_762x39_20Rnd",
                        "AmmoBox_762x39_20Rnd",
                        "AmmoBox_762x39_20Rnd"
                    ]
                },
                {
                    "ClassName": "AmmoBox",
                    "Attach": [],
                    "Contents": [
                        "AmmoBox_762x54_20Rnd",
                        "AmmoBox_762x54_20Rnd",
                        "AmmoBox_762x54_20Rnd",
                        "AmmoBox_762x54_20Rnd",
                        "AmmoBox_762x54_20Rnd"
                    ]
                },
                {
                    "ClassName": "AmmoBox",
                    "Attach": [],
                    "Contents": [
                        "AmmoBox_556x45_20Rnd",
                        "AmmoBox_556x45_20Rnd",
                        "AmmoBox_556x45_20Rnd",
                        "AmmoBox_556x45_20Rnd",
                        "AmmoBox_556x45_20Rnd"
                    ]
                },
                {
                    "ClassName": "AmmoBox",
                    "Attach": [],
                    "Contents": [
                        "AmmoBox_308Win_20Rnd",
                        "AmmoBox_308Win_20Rnd",
                        "AmmoBox_308Win_20Rnd",
                        "AmmoBox_308Win_20Rnd",
                        "AmmoBox_308Win_20Rnd"
                    ]
                },
                {
                    "ClassName": "AmmoBox",
                    "Attach": [],
                    "Contents": [
                        "AmmoBox_762x39_20Rnd",
                        "AmmoBox_762x39_20Rnd",
                        "AmmoBox_762x39_20Rnd",
                        "AmmoBox_762x39_20Rnd",
                        "AmmoBox_762x39_20Rnd"
                    ]
                },
                {
                    "ClassName": "AmmoBox",
                    "Attach": [],
                    "Contents": [
                        "AmmoBox_762x54_20Rnd",
                        "AmmoBox_762x54_20Rnd",
                        "AmmoBox_762x54_20Rnd",
                        "AmmoBox_762x54_20Rnd",
                        "AmmoBox_762x54_20Rnd"
                    ]
                },
                {
                    "ClassName": "FOG_Vest_CPC_MCB",
                    "Attach": [
                        ""
                    ],
                    "Contents": []
                },
                {
                    "ClassName": "FOG_Vest_CPC_MCB",
                    "Attach": [
                        ""
                    ],
                    "Contents": []
                },
                {
                    "ClassName": "FOG_Helmet_FAST_SF_Black",
                    "Attach": [],
                    "Contents": []
                },
                {
                    "ClassName": "FOG_Helmet_FAST_SF_Black",
                    "Attach": [],
                    "Contents": []
                }
            ],
            "Misc": [
                {
                    "ClassName": "FirstAidKit",
                    "Attach": [],
                    "Contents": []
                },
                {
                    "ClassName": "TerjeAmpouleFlemoclav",
                    "Attach": [],
                    "Contents": []
                },
                {
                    "ClassName": "TerjeAmpouleZivirol",
                    "Attach": [],
                    "Contents": []
                },
                {
                    "ClassName": "KIWI_WeaponCleaningKit",
                    "Attach": [],
                    "Contents": []
                },
                {
                    "ClassName": "RIP_Carbon",
                    "Attach": [],
                    "Contents": []
                },
                {
                    "ClassName": "HackSaw",
                    "Attach": [],
                    "Contents": []
                },
                {
                    "ClassName": "NailBox",
                    "Attach": [],
                    "Contents": []
                },
                {
                    "ClassName": "NailBox",
                    "Attach": [],
                    "Contents": []
                },
                {
                    "ClassName": "NailBox",
                    "Attach": [],
                    "Contents": []
                },
                {
                    "ClassName": "TerjeFirstAidKitIndividual_Green",
                    "Attach": [],
                    "Contents": []
                },
                {
                    "ClassName": "TerjeFirstAidKitAdvance_Green",
                    "Attach": [],
                    "Contents": []
                },
                {
                    "ClassName": "KIWI_WeaponCleaningKit",
                    "Attach": [],
                    "Contents": []
                },
                {
                    "ClassName": "WeaponCleaningKit",
                    "Attach": [],
                    "Contents": []
                },
                {
                    "ClassName": "SmallProtectorCase",
                    "Attach": [],
                    "Contents": []
                },
                {
                    "ClassName": "RIP_WD40",
                    "Attach": [],
                    "Contents": []
                },
                {
                    "ClassName": "RIP_Glue",
                    "Attach": [],
                    "Contents": []
                },
                {
                    "ClassName": "RIP_WD40S",
                    "Attach": [],
                    "Contents": []
                },
                {
                    "ClassName": "RIP_WeaponCleaningSpray",
                    "Attach": [],
                    "Contents": []
                },
                {
                    "ClassName": "RIP_WeaponCleaningSpray_2",
                    "Attach": [],
                    "Contents": []
                },
                {
                    "ClassName": "RIP_OilPlastic",
                    "Attach": [],
                    "Contents": []
                },
                {
                    "ClassName": "HackSaw",
                    "Attach": [],
                    "Contents": []
                },
                {
                    "ClassName": "Pliers",
                    "Attach": [],
                    "Contents": []
                },
                {
                    "ClassName": "HP_napilnik",
                    "Attach": [],
                    "Contents": []
                },
                {
                    "ClassName": "Pipewrench",
                    "Attach": [],
                    "Contents": []
                },
                {
                    "ClassName": "Pipe",
                    "Attach": [],
                    "Contents": []
                },
                {
                    "ClassName": "Hatchet",
                    "Attach": [],
                    "Contents": []
                },
                {
                    "ClassName": "Hammer",
                    "Attach": [],
                    "Contents": []
                },
                {
                    "ClassName": "Crowbar",
                    "Attach": [],
                    "Contents": []
                },
                {
                    "ClassName": "Crowbar",
                    "Attach": [],
                    "Contents": []
                },
                {
                    "ClassName": "KIWI_SALT",
                    "Attach": [],
                    "Contents": []
                },
                {
                    "ClassName": "KIWI_SALT",
                    "Attach": [],
                    "Contents": []
                },
                {
                    "ClassName": "Pipewrench",
                    "Attach": [],
                    "Contents": []
                },
                {
                    "ClassName": "ElectronicRepairKit",
                    "Attach": [],
                    "Contents": []
                },
                {
                    "ClassName": "Pipe",
                    "Attach": [],
                    "Contents": []
                },
                {
                    "ClassName": "Hammer",
                    "Attach": [],
                    "Contents": []
                },
                {
                    "ClassName": "Crowbar",
                    "Attach": [],
                    "Contents": []
                },
                {
                    "ClassName": "DuctTape",
                    "Attach": [],
                    "Contents": []
                },
                {
                    "ClassName": "EpoxyPutty",
                    "Attach": [],
                    "Contents": []
                },
                {
                    "ClassName": "RIP_CuttingDisc",
                    "Attach": [],
                    "Contents": []
                },
                {
                    "ClassName": "LeatherSewingKit",
                    "Attach": [],
                    "Contents": []
                },
                {
                    "ClassName": "SewingKit",
                    "Attach": [],
                    "Contents": []
                }
            ]
        }
    ]
}