{
    "configVersion": 300,
    "removeAfterHarvest": 1,
    "tobacco_growtime": 8,
    "tobacco_cropcount": 2,
    "tobaccoSeed_count": 9,
    "cannabisSkunk_growtime": 10,
    "cannabisSkunk_cropcount": 2,
    "cannabisSkunkSeed_count": 9,
    "cannabisKush_growtime": 10,
    "cannabisKush_cropcount": 2,
    "cannabisKushSeed_count": 9,
    "cannabisBlue_growtime": 15,
    "cannabisBlue_cropcount": 2,
    "cannabisBlueSeed_count": 9,
    "cannabisStardawg_growtime": 15,
    "cannabisStardawg_cropcount": 2,
    "cannabisStardawgSeed_count": 9,
    "cannabisFuture_growtime": 20,
    "cannabisFuture_cropcount": 2,
    "cannabisFutureSeed_count": 9,
    "cannabisS1_growtime": 20,
    "cannabisS1_cropcount": 2,
    "cannabisS1Seed_count": 9,
    "cannabisNomad_growtime": 30,
    "cannabisNomad_cropcount": 2,
    "cannabisNomadSeed_count": 9,
    "cannabisBlackFrost_growtime": 30,
    "cannabisBlackFrost_cropcount": 2,
    "cannabisBlackFrostSeed_count": 9,
    "pepper_growtime": 8,
    "pepper_cropcount": 2,
    "pepperSeed_count": 9,
    "tomato_growtime": 8,
    "tomato_cropcount": 2,
    "tomatoSeed_count": 9,
    "zucchini_growtime": 8,
    "zucchini_cropcount": 2,
    "zucchiniSeed_count": 9,
    "pumpkin_growtime": 8,
    "pumpkin_cropcount": 2,
    "pumpkinSeed_count": 9,
    "potato_growtime": 8,
    "potato_cropcount": 2,
    "activateCigaretteSmokingEffect": 0,
    "smokingCigaretteEffectDuration": 20,
    "cigaretteCyclesToActivateEffect": 8,
    "activateJointSmokingEffect": 1,
    "smokingJointEffectDuration": 360,
    "jointCyclesToActivateEffect": 10,
    "weedHueIntensity": 58.0,
    "weedRadBlurXPower": 2,
    "weedRadBlurYPower": 2,
    "weedRotBlurPow": 10,
    "spoiltime": 30,
    "cannabis_drytime": 300,
    "RequireBattery": 1,
    "WorkBench_PowerUsed": 1.0,
    "Plastic_Wrap_Usage": 10.0,
    "Workbench_Processing_Time": 5
}