{
  "LCTools": [
    {
      "name": "SledgeHammer",
      "time": 90,
      "dmg": 50,
      "desc": ""
    },
    {
      "name": "Crowbar",
      "time": 60,
      "dmg": 100,
      "desc": ""
    },
    {
      "name": "Lockpick",
      "time": 30,
      "dmg": 100,
      "desc": ""
    },
    {
      "name": "CJ_Key1",
      "time": 3,
      "dmg": 100,
      "desc": "Black Key|Старий потертий ключ, який відкриває таємничий ящик у поліцейському відділку."
    },
    {
      "name": "CJ_Key2",
      "time": 3,
      "dmg": 100,
      "desc": "Military Key|Старий потертий ключ, який відкриває таємничий ящик на Алькатрасі"
    },
    {
      "name": "CJ_Key3",
      "time": 3,
      "dmg": 100,
      "desc": "Yar|Старий потертий ключ, який відкриває таємничий ящик в Бункері біля Старого Яру"
    },
    {
      "name": "CJ_Key4",
      "time": 3,
      "dmg": 100,
      "desc": "Medical key|Старий потертий ключ, який відкриває таємничий ящик в медичному закладі"
    },
    {
      "name": "CJ_Key5",
      "time": 3,
      "dmg": 10,
      "desc": ""
    },
    {
      "name": "CJ_Key6",
      "time": 3,
      "dmg": 10,
      "desc": ""
    },
    {
      "name": "CJ_Key7",
      "time": 3,
      "dmg": 10,
      "desc": ""
    },
    {
      "name": "CJ_Key8",
      "time": 3,
      "dmg": 10,
      "desc": ""
    },
    {
      "name": "CJ_Key9",
      "time": 3,
      "dmg": 10,
      "desc": ""
    },
    {
      "name": "CJ_Key10",
      "time": 3,
      "dmg": 10,
      "desc": ""
    },
    {
      "name": "CJ_Key11",
      "time": 3,
      "dmg": 10,
      "desc": ""
    },
    {
      "name": "CJ_Key12",
      "time": 3,
      "dmg": 10,
      "desc": ""
    },
    {
      "name": "CJ_Key101",
      "time": 3,
      "dmg": 10,
      "desc": ""
    },
    {
      "name": "CJ_Key102",
      "time": 3,
      "dmg": 10,
      "desc": ""
    },
    {
      "name": "CJ_Key103",
      "time": 3,
      "dmg": 100,
      "desc": "Ключ від касового апарата"
    },
    {
      "name": "CJ_Key200",
      "time": 3,
      "dmg": 10,
      "desc": ""
    },
    {
      "name": "CJ_Key201",
      "time": 3,
      "dmg": 10,
      "desc": ""
    },
    {
      "name": "CJ_Key202",
      "time": 3,
      "dmg": 10,
      "desc": ""
    },
    {
      "name": "CJ_Key203",
      "time": 3,
      "dmg": 10,
      "desc": ""
    },
    {
      "name": "CJ_Key204",
      "time": 3,
      "dmg": 10,
      "desc": ""
    }
  ]
}
