[
    {
        "EnableSpawn": 1,
        "Description": "VoMa_Base_Garage_Door",
        "DoorClassName": "RZ_MetalGate",
        "EnableAlarmSound": 0,
        "AlarmSound": "RZ_KeyCardDoor_Alarm1_Loop_SoundSet",
        "DoorPosition": [
            [
                5710.65,
                306.7,
                7253.88
            ]
        ],
        "DoorOrientation": [
            [
                141,
                0,
                0
            ]
        ],
        "DoorScale": 1.55,
        "ActionName": "Відкрити ворота",
        "TimeForOpen": 5.0,
        "TimeForClose": 15.0,
        "EnableNotificationForOpen": 0,
        "NotificationForOpen": "",
        "NotificationTitle": "",
        "NotificationTime": 3.0,
        "NeedItem": {
            "Item": "RZ_KeycardDD_lvl5",
            "ModeFlag": 0,
            "ItemHealthDamage": 0.0,
            "ItemQuantityDamage": 0.0
        },
        "WhiteListAllow": 1,
        "WhiteList": [
            "76561198104182080"
        ],
        "BlackList": []
    }
]