{
    "m_DNAConfig_Version": [
        {
            "dna_WarningMessage": "DO NOT CHANGE THIS! IT WILL DELETE YOUR CONFIGS!!!!!!(but also creates backups ;) )",
            "dna_ConfigVersion": 2
        }
    ],
    "m_DNAConfig_Main_System": [
        {
            "dna_Option": "(0) Use DNA To Spawn Crates (0 = off, 1 = random, 2 = static) If off, you will need to place the crates yourself",
            "dna_Setting": 0
        },
        {
            "dna_Option": "(1) Use DNA To Spawn Strongrooms (0 = off, 1 = random, 2 = static) If off, you will need to place the Strongrooms yourself",
            "dna_Setting": 0
        },
        {
            "dna_Option": "(2) Yellow Crates Spawn Count (If static or off, ignore setting. 0 to turn off this tier, don't set higher than number of available positions",
            "dna_Setting": 0
        },
        {
            "dna_Option": "(3) Green Crates Spawn Count (If static or off, ignore setting. 0 to turn off this tier, don't set higher than number of available positions",
            "dna_Setting": 0
        },
        {
            "dna_Option": "(4) Blue Crates Spawn Count (If static or off, ignore setting. 0 to turn off this tier, don't set higher than number of available positions",
            "dna_Setting": 0
        },
        {
            "dna_Option": "(5) Purple Crates Spawn Count (If static or off, ignore setting. 0 to turn off this tier, don't set higher than number of available positions",
            "dna_Setting": 0
        },
        {
            "dna_Option": "(6) Red Crates Spawn Count (If static or off, ignore setting. 0 to turn off this tier, don't set higher than number of available positions",
            "dna_Setting": 0
        },
        {
            "dna_Option": "(7) Yellow Strongrooms Spawn Count (If static or off, ignore setting. 0 to turn off this tier, don't set higher than number of available positions",
            "dna_Setting": 0
        },
        {
            "dna_Option": "(8) Green Strongrooms Spawn Count (If static or off, ignore setting. 0 to turn off this tier, don't set higher than number of available positions",
            "dna_Setting": 0
        },
        {
            "dna_Option": "(9) Blue Strongrooms Spawn Count (If static or off, ignore setting. 0 to turn off this tier, don't set higher than number of available positions",
            "dna_Setting": 0
        },
        {
            "dna_Option": "(10) Purple Strongrooms Spawn Count (If static or off, ignore setting. 0 to turn off this tier, don't set higher than number of available positions",
            "dna_Setting": 0
        },
        {
            "dna_Option": "(11) Red Strongrooms Spawn Count (If static or off, ignore setting. 0 to turn off this tier, don't set higher than number of available positions",
            "dna_Setting": 0
        },
        {
            "dna_Option": "(12) Yellow Card Usage Allotment",
            "dna_Setting": 2
        },
        {
            "dna_Option": "(13) Green Card Usage Allotment",
            "dna_Setting": 2
        },
        {
            "dna_Option": "(14) Blue Card Usage Allotment",
            "dna_Setting": 1
        },
        {
            "dna_Option": "(15) Purple Card Usage Allotment",
            "dna_Setting": 1
        },
        {
            "dna_Option": "(16) Red Card Usage Allotment",
            "dna_Setting": 1
        },
        {
            "dna_Option": "(17) Separate Sidearms by tier (1 = Yes, 0 = No)",
            "dna_Setting": 0
        },
        {
            "dna_Option": "(18) Separate Food and Drink by tier (1 = Yes, 0 = No)",
            "dna_Setting": 0
        },
        {
            "dna_Option": "(19) Separate Tools by tier (1 = Yes, 0 = No)",
            "dna_Setting": 0
        },
        {
            "dna_Option": "(20) Separate Meds by tier (1 = Yes, 0 = No)",
            "dna_Setting": 0
        },
        {
            "dna_Option": "(21) Separate Materials by tier (1 = Yes, 0 = No)",
            "dna_Setting": 0
        },
        {
            "dna_Option": "(22) Separate Miscellaneous by tier (1 = Yes, 0 = No)",
            "dna_Setting": 1
        },
        {
            "dna_Option": "(23) Yellow Strongrooms spawn this many wolves when opened - (0 = off - 10 =  max)",
            "dna_Setting": 0
        },
        {
            "dna_Option": "(24) Yellow Strongrooms spawn this many bears when opened - (0 = off - 6 =  max)",
            "dna_Setting": 0
        },
        {
            "dna_Option": "(25) Yellow Strongrooms spawn this many infected when opened - (0 = off - 40 =  max)",
            "dna_Setting": 0
        },
        {
            "dna_Option": "(26) Yellow Strongrooms alarm toggle - (0 = Off - 1 = On)",
            "dna_Setting": 0
        },
        {
            "dna_Option": "(27) Yellow Strongrooms notification range - (0 = Off - Max 2000m - 2001+ shows full server)",
            "dna_Setting": 0
        },
        {
            "dna_Option": "(28) Green Strongrooms spawn this many wolves when opened - (0 = off - 10 =  max)",
            "dna_Setting": 0
        },
        {
            "dna_Option": "(29) Green Strongrooms spawn this many bears when opened - (0 = off - 6 =  max)",
            "dna_Setting": 0
        },
        {
            "dna_Option": "(30) Green Strongrooms spawn this many infected when opened - (0 = off - 40 =  max)",
            "dna_Setting": 0
        },
        {
            "dna_Option": "(31) Green Strongrooms alarm toggle - (0 = Off - 1 = On)",
            "dna_Setting": 0
        },
        {
            "dna_Option": "(32) Green Strongrooms notification range - (0 = Off - Max 2000m - 2001+ shows full server)",
            "dna_Setting": 0
        },
        {
            "dna_Option": "(33) Blue Strongrooms spawn this many wolves when opened - (0 = off - 10 =  max)",
            "dna_Setting": 0
        },
        {
            "dna_Option": "(34) Blue Strongrooms spawn this many bears when opened - (0 = off - 6 =  max)",
            "dna_Setting": 0
        },
        {
            "dna_Option": "(35) Blue Strongrooms spawn this many infected when opened - (0 = off - 40 =  max)",
            "dna_Setting": 0
        },
        {
            "dna_Option": "(36) Blue Strongrooms alarm toggle - (0 = Off - 1 = On)",
            "dna_Setting": 0
        },
        {
            "dna_Option": "(37) Blue Strongrooms notification range - (0 = Off - Max 2000m - 2001+ shows full server)",
            "dna_Setting": 0
        },
        {
            "dna_Option": "(38) Purple Strongrooms spawn this many wolves when opened - (0 = off - 10 =  max)",
            "dna_Setting": 0
        },
        {
            "dna_Option": "(39) Purple Strongrooms spawn this many bears when opened - (0 = off - 6 =  max)",
            "dna_Setting": 0
        },
        {
            "dna_Option": "(40) Purple Strongrooms spawn this many infected when opened - (0 = off - 40 =  max)",
            "dna_Setting": 0
        },
        {
            "dna_Option": "(41) Purple Strongrooms alarm toggle - (0 = Off - 1 = On)",
            "dna_Setting": 0
        },
        {
            "dna_Option": "(42) Purple Strongrooms notification range - (0 = Off - Max 2000m - 2001+ shows full server)",
            "dna_Setting": 0
        },
        {
            "dna_Option": "(43) Red Strongrooms spawn this many wolves when opened - (0 = off - 10 =  max)",
            "dna_Setting": 0
        },
        {
            "dna_Option": "(44) Red Strongrooms spawn this many bears when opened - (0 = off - 6 =  max)",
            "dna_Setting": 0
        },
        {
            "dna_Option": "(45) Red Strongrooms spawn this many infected when opened - (0 = off - 40 =  max)",
            "dna_Setting": 0
        },
        {
            "dna_Option": "(46) Red Strongrooms alarm toggle - (0 = Off - 1 = On)",
            "dna_Setting": 0
        },
        {
            "dna_Option": "(47) Red Strongrooms notification range - (0 = Off - Max 2000m - 2001+ shows full server)",
            "dna_Setting": 0
        },
        {
            "dna_Option": "(48) Yellow Crates alarm toggle - (0 = Off - 1 = On)",
            "dna_Setting": 1
        },
        {
            "dna_Option": "(49) Yellow Crates notification range - (0 = Off - Max 2000m - 2001+ shows full server)",
            "dna_Setting": 0
        },
        {
            "dna_Option": "(50) Green Crates alarm toggle - (0 = Off - 1 = On)",
            "dna_Setting": 0
        },
        {
            "dna_Option": "(51) Green Crates notification range - (0 = Off - Max 2000m - 2001+ shows full server)",
            "dna_Setting": 0
        },
        {
            "dna_Option": "(52) Blue Crates alarm toggle - (0 = Off - 1 = On)",
            "dna_Setting": 0
        },
        {
            "dna_Option": "(53) Blue Crates notification range - (0 = Off - Max 2000m - 2001+ shows full server)",
            "dna_Setting": 0
        },
        {
            "dna_Option": "(54) Purple Crates alarm toggle - (0 = Off - 1 = On)",
            "dna_Setting": 0
        },
        {
            "dna_Option": "(55) Purple Crates notification range - (0 = Off - Max 2000m - 2001+ shows full server)",
            "dna_Setting": 0
        },
        {
            "dna_Option": "(56) Red Crates alarm toggle - (0 = Off - 1 = On)",
            "dna_Setting": 0
        },
        {
            "dna_Option": "(57) Red Crates notification range - (0 = Off - Max 2000m - 2001+ shows full server)",
            "dna_Setting": 0
        },
        {
            "dna_Option": "(58) Yellow Lockout Doors alarm toggle - (0 = Off - 1 = On)",
            "dna_Setting": 0
        },
        {
            "dna_Option": "(59) Yellow Lockout Doors notification range - (0 = Off - Max 2000m - 2001+ shows full server)",
            "dna_Setting": 0
        },
        {
            "dna_Option": "(60) Green Lockout Doors alarm toggle - (0 = Off - 1 = On)",
            "dna_Setting": 0
        },
        {
            "dna_Option": "(61) Green Lockout Doors notification range - (0 = Off - Max 2000m - 2001+ shows full server)",
            "dna_Setting": 0
        },
        {
            "dna_Option": "(62) Blue Lockout Doors alarm toggle - (0 = Off - 1 = On)",
            "dna_Setting": 0
        },
        {
            "dna_Option": "(63) Blue Lockout Doors notification range - (0 = Off - Max 2000m - 2001+ shows full server)",
            "dna_Setting": 0
        },
        {
            "dna_Option": "(64) Purple Lockout Doors alarm toggle - (0 = Off - 1 = On)",
            "dna_Setting": 0
        },
        {
            "dna_Option": "(65) Purple Lockout Doors notification range - (0 = Off - Max 2000m - 2001+ shows full server)",
            "dna_Setting": 0
        },
        {
            "dna_Option": "(66) Red Lockout Doors alarm toggle - (0 = Off - 1 = On)",
            "dna_Setting": 0
        },
        {
            "dna_Option": "(67) Red Lockout Doors notification range - (0 = Off - Max 2000m - 2001+ shows full server)",
            "dna_Setting": 0
        }
    ],
    "m_DNAYellow_Crate_Locations": [
        {
            "dna_Location": "0.0 0.0 0.0",
            "dna_Rotation": "0.0 0.0 0.0"
        },
        {
            "dna_Location": "0.0 0.0 0.0",
            "dna_Rotation": "0.0 0.0 0.0"
        },
        {
            "dna_Location": "0.0 0.0 0.0",
            "dna_Rotation": "0.0 0.0 0.0"
        },
        {
            "dna_Location": "0.0 0.0 0.0",
            "dna_Rotation": "0.0 0.0 0.0"
        },
        {
            "dna_Location": "0.0 0.0 0.0",
            "dna_Rotation": "0.0 0.0 0.0"
        }
    ],
    "m_DNAGreen_Crate_Locations": [
        {
            "dna_Location": "0.0 0.0 0.0",
            "dna_Rotation": "0.0 0.0 0.0"
        },
        {
            "dna_Location": "0.0 0.0 0.0",
            "dna_Rotation": "0.0 0.0 0.0"
        },
        {
            "dna_Location": "0.0 0.0 0.0",
            "dna_Rotation": "0.0 0.0 0.0"
        },
        {
            "dna_Location": "0.0 0.0 0.0",
            "dna_Rotation": "0.0 0.0 0.0"
        },
        {
            "dna_Location": "0.0 0.0 0.0",
            "dna_Rotation": "0.0 0.0 0.0"
        }
    ],
    "m_DNABlue_Crate_Locations": [
        {
            "dna_Location": "0.0 0.0 0.0",
            "dna_Rotation": "0.0 0.0 0.0"
        },
        {
            "dna_Location": "0.0 0.0 0.0",
            "dna_Rotation": "0.0 0.0 0.0"
        },
        {
            "dna_Location": "0.0 0.0 0.0",
            "dna_Rotation": "0.0 0.0 0.0"
        },
        {
            "dna_Location": "0.0 0.0 0.0",
            "dna_Rotation": "0.0 0.0 0.0"
        },
        {
            "dna_Location": "0.0 0.0 0.0",
            "dna_Rotation": "0.0 0.0 0.0"
        }
    ],
    "m_DNAPurple_Crate_Locations": [
        {
            "dna_Location": "0.0 0.0 0.0",
            "dna_Rotation": "0.0 0.0 0.0"
        },
        {
            "dna_Location": "0.0 0.0 0.0",
            "dna_Rotation": "0.0 0.0 0.0"
        },
        {
            "dna_Location": "0.0 0.0 0.0",
            "dna_Rotation": "0.0 0.0 0.0"
        },
        {
            "dna_Location": "0.0 0.0 0.0",
            "dna_Rotation": "0.0 0.0 0.0"
        },
        {
            "dna_Location": "0.0 0.0 0.0",
            "dna_Rotation": "0.0 0.0 0.0"
        }
    ],
    "m_DNARed_Crate_Locations": [
        {
            "dna_Location": "0.0 0.0 0.0",
            "dna_Rotation": "0.0 0.0 0.0"
        },
        {
            "dna_Location": "0.0 0.0 0.0",
            "dna_Rotation": "0.0 0.0 0.0"
        },
        {
            "dna_Location": "0.0 0.0 0.0",
            "dna_Rotation": "0.0 0.0 0.0"
        },
        {
            "dna_Location": "0.0 0.0 0.0",
            "dna_Rotation": "0.0 0.0 0.0"
        },
        {
            "dna_Location": "0.0 0.0 0.0",
            "dna_Rotation": "0.0 0.0 0.0"
        }
    ],
    "m_DNAYellow_Strongroom_Locations": [
        {
            "dna_Location": "0.0 0.0 0.0",
            "dna_Rotation": "0.0 0.0 0.0"
        },
        {
            "dna_Location": "0.0 0.0 0.0",
            "dna_Rotation": "0.0 0.0 0.0"
        },
        {
            "dna_Location": "0.0 0.0 0.0",
            "dna_Rotation": "0.0 0.0 0.0"
        },
        {
            "dna_Location": "0.0 0.0 0.0",
            "dna_Rotation": "0.0 0.0 0.0"
        },
        {
            "dna_Location": "0.0 0.0 0.0",
            "dna_Rotation": "0.0 0.0 0.0"
        }
    ],
    "m_DNAGreen_Strongroom_Locations": [
        {
            "dna_Location": "0.0 0.0 0.0",
            "dna_Rotation": "0.0 0.0 0.0"
        },
        {
            "dna_Location": "0.0 0.0 0.0",
            "dna_Rotation": "0.0 0.0 0.0"
        },
        {
            "dna_Location": "0.0 0.0 0.0",
            "dna_Rotation": "0.0 0.0 0.0"
        },
        {
            "dna_Location": "0.0 0.0 0.0",
            "dna_Rotation": "0.0 0.0 0.0"
        },
        {
            "dna_Location": "0.0 0.0 0.0",
            "dna_Rotation": "0.0 0.0 0.0"
        }
    ],
    "m_DNABlue_Strongroom_Locations": [
        {
            "dna_Location": "0.0 0.0 0.0",
            "dna_Rotation": "0.0 0.0 0.0"
        },
        {
            "dna_Location": "0.0 0.0 0.0",
            "dna_Rotation": "0.0 0.0 0.0"
        },
        {
            "dna_Location": "0.0 0.0 0.0",
            "dna_Rotation": "0.0 0.0 0.0"
        },
        {
            "dna_Location": "0.0 0.0 0.0",
            "dna_Rotation": "0.0 0.0 0.0"
        },
        {
            "dna_Location": "0.0 0.0 0.0",
            "dna_Rotation": "0.0 0.0 0.0"
        }
    ],
    "m_DNAPurple_Strongroom_Locations": [
        {
            "dna_Location": "0.0 0.0 0.0",
            "dna_Rotation": "0.0 0.0 0.0"
        },
        {
            "dna_Location": "0.0 0.0 0.0",
            "dna_Rotation": "0.0 0.0 0.0"
        },
        {
            "dna_Location": "0.0 0.0 0.0",
            "dna_Rotation": "0.0 0.0 0.0"
        },
        {
            "dna_Location": "0.0 0.0 0.0",
            "dna_Rotation": "0.0 0.0 0.0"
        },
        {
            "dna_Location": "0.0 0.0 0.0",
            "dna_Rotation": "0.0 0.0 0.0"
        }
    ],
    "m_DNARed_Strongroom_Locations": [
        {
            "dna_Location": "0.0 0.0 0.0",
            "dna_Rotation": "0.0 0.0 0.0"
        },
        {
            "dna_Location": "0.0 0.0 0.0",
            "dna_Rotation": "0.0 0.0 0.0"
        },
        {
            "dna_Location": "0.0 0.0 0.0",
            "dna_Rotation": "0.0 0.0 0.0"
        },
        {
            "dna_Location": "0.0 0.0 0.0",
            "dna_Rotation": "0.0 0.0 0.0"
        },
        {
            "dna_Location": "0.0 0.0 0.0",
            "dna_Rotation": "0.0 0.0 0.0"
        }
    ]
}