{
    "dna_SoundAlarmOrangeLockout": 1,
    "dna_NotificationRangeOrangeLockout": 250,
    "dna_SoundAlarmOrangeOneWay": 1,
    "dna_NotificationRangeOrangeOneWay": 250,
    "dna_SoundAlarmOrangeWarp": 1,
    "dna_NotificationRangeOrangeWarp": 250,
    "dna_SoundAlarmYellowOneWay": 1,
    "dna_NotificationRangeYellowOneWay": 250,
    "dna_SoundAlarmYellowWarp": 1,
    "dna_NotificationRangeYellowWarp": 250,
    "dna_SoundAlarmGreenOneWay": 1,
    "dna_NotificationRangeGreenOneWay": 250,
    "dna_SoundAlarmGreenWarp": 1,
    "dna_NotificationRangeGreenWarp": 250,
    "dna_SoundAlarmBlueOneWay": 1,
    "dna_NotificationRangeBlueOneWay": 250,
    "dna_SoundAlarmBlueWarp": 1,
    "dna_NotificationRangeBlueWarp": 250,
    "dna_SoundAlarmPurpleOneWay": 1,
    "dna_NotificationRangePurpleOneWay": 250,
    "dna_SoundAlarmPurpleWarp": 1,
    "dna_NotificationRangePurpleWarp": 250,
    "dna_SoundAlarmRedOneWay": 1,
    "dna_NotificationRangeRedOneWay": 250,
    "dna_SoundAlarmRedWarp": 1,
    "dna_NotificationRangeRedWarp": 250
}