{
    "dna_WARNING": "You must turn on and configure all types and tiers individually, distance to nearsest player is the only shared value.",
    "dna_WARNING_CONTINUED": "Distance is in meters, and all time is in whole minutes. To turn off a tier, just set to longer than intended uptime.",
    "dna_UseResetTimer": 1,
    "dna_TimeBetweenChecks": 1,
    "dna_Min_Distance_Between_Nearest_Player": 25.0,
    "dna_ResetCrates": 1,
    "dna_TimeUntilYellowCrateResets": 1,
    "dna_TimeUntilGreenCrateResets": 1,
    "dna_TimeUntilBlueCrateResets": 1,
    "dna_TimeUntilPurpleCrateResets": 1,
    "dna_TimeUntilRedCrateResets": 1,
    "dna_ResetStrongrooms": 1,
    "dna_TimeUntilYellowSRoomResets": 1,
    "dna_TimeUntilGreenSRoomResets": 1,
    "dna_TimeUntilBlueSRoomResets": 1,
    "dna_TimeUntilPurpleSRoomResets": 1,
    "dna_TimeUntilRedSRoomResets": 1,
    "dna_ResetLockouts": 1,
    "dna_TimeUntilYellowLockoutResets": 1,
    "dna_TimeUntilGreenLockoutResets": 1,
    "dna_TimeUntilBlueLockoutResets": 1,
    "dna_TimeUntilPurpleLockoutResets": 1,
    "dna_TimeUntilRedLockoutResets": 1,
    "dna_TimeUntilOrangeLockoutResets": 1,
    "dna_ResetOneWayDoors": 1,
    "dna_TimeUntilYellowOWDoorResets": 1,
    "dna_TimeUntilGreenOWDoorResets": 1,
    "dna_TimeUntilBlueOWDoorResets": 1,
    "dna_TimeUntilPurpleOWDoorResets": 1,
    "dna_TimeUntilRedOWDoorResets": 1,
    "dna_TimeUntilOrangeOWDoorResets": 1,
    "dna_ResetWarpDoors": 1,
    "dna_TimeUntilYellowWarpDoorResets": 1,
    "dna_TimeUntilGreenWarpDoorResets": 1,
    "dna_TimeUntilBlueWarpDoorResets": 1,
    "dna_TimeUntilPurpleWarpDoorResets": 1,
    "dna_TimeUntilRedWarpDoorResets": 1,
    "dna_TimeUntilOrangeWarpDoorResets": 1
}