{
    "m_DNAConfig_Weapons": [
        {
            "dna_Tier": "yellow",
            "dna_WeaponCategory": "main",
            "dna_TheChosenOne": "TTC_MCX",
            "dna_Magazine": "TTC_DMR_556Pmag_40rnd",
            "dna_Ammunition": "AmmoBox_556x45_20Rnd",
            "dna_OpticType": "TTC_Razor",
            "dna_Suppressor": "",
            "dna_UnderBarrel": "",
            "dna_ButtStock": "",
            "dna_HandGuard": "",
            "dna_Wrap": ""
        },
        {
            "dna_Tier": "yellow",
            "dna_WeaponCategory": "main",
            "dna_TheChosenOne": "TTC_AKModPK_Digi",
            "dna_Magazine": "TTC_AKMod_762x54_30rnd",
            "dna_Ammunition": "AmmoBox_762x54_20Rnd",
            "dna_OpticType": "ReflexOptic",
            "dna_Suppressor": "",
            "dna_UnderBarrel": "",
            "dna_ButtStock": "",
            "dna_HandGuard": "",
            "dna_Wrap": ""
        },
        {
            "dna_Tier": "yellow",
            "dna_WeaponCategory": "main",
            "dna_TheChosenOne": "",
            "dna_Magazine": "",
            "dna_Ammunition": "",
            "dna_OpticType": "",
            "dna_Suppressor": "",
            "dna_UnderBarrel": "",
            "dna_ButtStock": "",
            "dna_HandGuard": "",
            "dna_Wrap": ""
        },
        {
            "dna_Tier": "yellow",
            "dna_WeaponCategory": "side",
            "dna_TheChosenOne": "",
            "dna_Magazine": "",
            "dna_Ammunition": "",
            "dna_OpticType": "",
            "dna_Suppressor": "",
            "dna_UnderBarrel": "",
            "dna_ButtStock": "",
            "dna_HandGuard": "",
            "dna_Wrap": ""
        },
        {
            "dna_Tier": "yellow",
            "dna_WeaponCategory": "side",
            "dna_TheChosenOne": "",
            "dna_Magazine": "",
            "dna_Ammunition": "",
            "dna_OpticType": "",
            "dna_Suppressor": "",
            "dna_UnderBarrel": "",
            "dna_ButtStock": "",
            "dna_HandGuard": "",
            "dna_Wrap": ""
        },
        {
            "dna_Tier": "green",
            "dna_WeaponCategory": "main",
            "dna_TheChosenOne": "Izh18",
            "dna_Magazine": "",
            "dna_Ammunition": "AmmoBox_762x39_20Rnd",
            "dna_OpticType": "",
            "dna_Suppressor": "",
            "dna_UnderBarrel": "",
            "dna_ButtStock": "",
            "dna_HandGuard": "",
            "dna_Wrap": ""
        },
        {
            "dna_Tier": "green",
            "dna_WeaponCategory": "main",
            "dna_TheChosenOne": "Mosin9130_Camo",
            "dna_Magazine": "",
            "dna_Ammunition": "AmmoBox_762x54_20Rnd",
            "dna_OpticType": "PUScopeOptic",
            "dna_Suppressor": "Mosin_Compensator",
            "dna_UnderBarrel": "",
            "dna_ButtStock": "",
            "dna_HandGuard": "",
            "dna_Wrap": ""
        },
        {
            "dna_Tier": "green",
            "dna_WeaponCategory": "main",
            "dna_TheChosenOne": "SKS_Black",
            "dna_Magazine": "",
            "dna_Ammunition": "AmmoBox_762x39_20Rnd",
            "dna_OpticType": "PUScopeOptic",
            "dna_Suppressor": "SKS_Bayonet",
            "dna_UnderBarrel": "",
            "dna_ButtStock": "",
            "dna_HandGuard": "",
            "dna_Wrap": ""
        },
        {
            "dna_Tier": "green",
            "dna_WeaponCategory": "side",
            "dna_TheChosenOne": "Colt1911",
            "dna_Magazine": "Mag_1911_7Rnd",
            "dna_Ammunition": "Ammo_45ACP",
            "dna_OpticType": "",
            "dna_Suppressor": "",
            "dna_UnderBarrel": "",
            "dna_ButtStock": "",
            "dna_HandGuard": "",
            "dna_Wrap": ""
        },
        {
            "dna_Tier": "blue",
            "dna_WeaponCategory": "main",
            "dna_TheChosenOne": "MP5K",
            "dna_Magazine": "Mag_MP5_30Rnd",
            "dna_Ammunition": "AmmoBox_9x19_25rnd",
            "dna_OpticType": "ReflexOptic",
            "dna_Suppressor": "PistolSuppressor",
            "dna_UnderBarrel": "UniversalLight",
            "dna_ButtStock": "MP5k_StockBttstck",
            "dna_HandGuard": "MP5_RailHndgrd",
            "dna_Wrap": ""
        },
        {
            "dna_Tier": "blue",
            "dna_WeaponCategory": "main",
            "dna_TheChosenOne": "AKS74U_Black",
            "dna_Magazine": "Mag_AK74_30Rnd_Black",
            "dna_Ammunition": "AmmoBox_545x39_20Rnd",
            "dna_OpticType": "",
            "dna_Suppressor": "AK_Suppressor",
            "dna_UnderBarrel": "",
            "dna_ButtStock": "AKS74U_Bttstck_Black",
            "dna_HandGuard": "",
            "dna_Wrap": ""
        },
        {
            "dna_Tier": "blue",
            "dna_WeaponCategory": "side",
            "dna_TheChosenOne": "Engraved1911",
            "dna_Magazine": "Mag_1911_7Rnd",
            "dna_Ammunition": "Ammo_45ACP",
            "dna_OpticType": "",
            "dna_Suppressor": "",
            "dna_UnderBarrel": "",
            "dna_ButtStock": "",
            "dna_HandGuard": "",
            "dna_Wrap": ""
        },
        {
            "dna_Tier": "purple",
            "dna_WeaponCategory": "main",
            "dna_TheChosenOne": "M4A1_Black",
            "dna_Magazine": "Mag_STANAG_30Rnd",
            "dna_Ammunition": "AmmoBox_556x45_20Rnd",
            "dna_OpticType": "ACOGOptic",
            "dna_Suppressor": "M4_Suppressor",
            "dna_UnderBarrel": "UniversalLight",
            "dna_ButtStock": "M4_MPBttstck",
            "dna_HandGuard": "M4_RISHndgrd_Black",
            "dna_Wrap": ""
        },
        {
            "dna_Tier": "purple",
            "dna_WeaponCategory": "side",
            "dna_TheChosenOne": "Glock19",
            "dna_Magazine": "Mag_Glock_15Rnd",
            "dna_Ammunition": "Ammo_9x19",
            "dna_OpticType": "FNP45_MRDSOptic",
            "dna_Suppressor": "PistolSuppressor",
            "dna_UnderBarrel": "TLRLight",
            "dna_ButtStock": "",
            "dna_HandGuard": "",
            "dna_Wrap": ""
        },
        {
            "dna_Tier": "red",
            "dna_WeaponCategory": "main",
            "dna_TheChosenOne": "Winchester70",
            "dna_Magazine": "",
            "dna_Ammunition": "AmmoBox_308WIN_20Rnd",
            "dna_OpticType": "HuntingOptic",
            "dna_Suppressor": "",
            "dna_UnderBarrel": "",
            "dna_ButtStock": "",
            "dna_HandGuard": "",
            "dna_Wrap": ""
        },
        {
            "dna_Tier": "red",
            "dna_WeaponCategory": "side",
            "dna_TheChosenOne": "FNX45",
            "dna_Magazine": "Mag_FNX45_15Rnd",
            "dna_Ammunition": "Ammo_45ACP",
            "dna_OpticType": "FNP45_MRDSOptic",
            "dna_Suppressor": "PistolSuppressor",
            "dna_UnderBarrel": "TLRLight",
            "dna_ButtStock": "",
            "dna_HandGuard": "",
            "dna_Wrap": ""
        },
        {
            "dna_Tier": "red",
            "dna_WeaponCategory": "side",
            "dna_TheChosenOne": "FAMAS",
            "dna_Magazine": "",
            "dna_Ammunition": "",
            "dna_OpticType": "",
            "dna_Suppressor": "",
            "dna_UnderBarrel": "",
            "dna_ButtStock": "",
            "dna_HandGuard": "",
            "dna_Wrap": ""
        }
    ]
}