{
    "dna_Description": "DNA SMOL CRATE CONFIG (Yellow Tier). Below are settings to spawn either static or randomized loot. To spawn all items in array, use randomize setting 0,",
    "dna_DescriptionCont": "if set to 1, it will use the count setting found just below the randomize setting. When using randomized loot, the system can and likely WILL",
    "dna_DescriptionCont2": "spawn duplicates. I suggest using static and manually adding desired duplicates. Each loot set, including weapons can be turned off as well.",
    "dna_SpawnMainWeapons": 0,
    "dna_RandomizeWeapons": 0,
    "dna_WeaponCount": 0,
    "weaponTypesYellow": [
        {
            "dna_TheChosenOne": "SCWS_APC9",
            "dna_Magazine": "SCWS_APC9_DualMagazine",
            "dna_SpareMagCount": 0,
            "dna_Ammunition": "AmmoBox_9x19_25rnd",
            "dna_SpareAmmoCount": 8,
            "dna_OpticType": "",
            "dna_Suppressor": "",
            "dna_UnderBarrel": "",
            "dna_ButtStock": "",
            "dna_HandGuard": "",
            "dna_Wrap": ""
        },
        {
            "dna_TheChosenOne": "",
            "dna_Magazine": "SCWS_APC9_DualMagazine",
            "dna_SpareMagCount": 0,
            "dna_Ammunition": "AmmoBox_9x19_25rnd",
            "dna_SpareAmmoCount": 8,
            "dna_OpticType": "",
            "dna_Suppressor": "",
            "dna_UnderBarrel": "",
            "dna_ButtStock": "",
            "dna_HandGuard": "",
            "dna_Wrap": ""
        }
    ],
    "dna_SpawnLootSet1": 1,
    "dna_RandomizeLootSet1": 1,
    "dna_LootSet1Count": 2,
    "dna_LootSetY1": [
        "RIP_CleaningKitPlastic",
        "RIP_OilPlastic",
        "RIP_WeaponCleaningSpray_2",
        "RIP_WD40",
        "RIP_WeaponCleaningSpray",
        "KIWI_WeaponCleaningKit",
        "RIP_WD40S",
        "NVGoggles"
    ],
    "dna_SpawnLootSet2": 1,
    "dna_RandomizeLootSet2": 1,
    "dna_LootSet2Count": 8,
    "dna_LootSetY2": [
        "AmmoBox_9x39_20Rnd",
        "AmmoBox_556x45_20Rnd",
        "AmmoBox_762x54_20Rnd",
        "AmmoBox_762x39_20Rnd",
        "AmmoBox_308Win_20Rnd",
        "SCWS_AmmoBox_338"
    ],
    "dna_SpawnLootSet3": 1,
    "dna_RandomizeLootSet3": 1,
    "dna_LootSet3Count": 1,
    "dna_LootSetY3": [
        "FOG_BoltCutters"
    ],
    "dna_SpawnLootSet4": 1,
    "dna_RandomizeLootSet4": 1,
    "dna_LootSet4Count": 2,
    "dna_LootSetY4": [
        "SCWS_MP7A1_Magazine",
        "SCWS_APC9_Magazine",
        "SCWS_9mm_DualMagazine",
        "SCWS_AR10_Magazine",
        "SCWS_AK47G_Magazine",
        "SCWS_CZ_Magazine",
        "SCWS_M14_Magazine",
        "SCWS_TIMBERWOLF_Magazine",
        "SCWS_P90_Magazine"
    ]
}