{
    "dna_Description": "DNA SMOL CRATE CONFIG (Red Tier). Below are settings to spawn either static or randomized loot. To spawn all items in array, use randomize setting 0,",
    "dna_DescriptionCont": "if set to 1, it will use the count setting found just below the randomize setting. When using randomized loot, the system can and likely WILL",
    "dna_DescriptionCont2": "spawn duplicates. I suggest using static and manually adding desired duplicates. Each loot set, including weapons can be turned off as well.",
    "dna_SpawnMainWeapons": 1,
    "dna_RandomizeWeapons": 1,
    "dna_WeaponCount": 1,
    "weaponTypesRed": [
        {
            "dna_TheChosenOne": "SVD",
            "dna_Magazine": "Mag_SVD_10Rnd",
            "dna_SpareMagCount": 1,
            "dna_Ammunition": "AmmoBox_762x54_20Rnd",
            "dna_SpareAmmoCount": 1,
            "dna_OpticType": "PSO1Optic",
            "dna_Suppressor": "AK_Suppressor",
            "dna_UnderBarrel": "",
            "dna_ButtStock": "",
            "dna_HandGuard": "",
            "dna_Wrap": ""
        },
        {
            "dna_TheChosenOne": "Winchester70",
            "dna_Magazine": "",
            "dna_SpareMagCount": 0,
            "dna_Ammunition": "AmmoBox_308WIN_20Rnd",
            "dna_SpareAmmoCount": 1,
            "dna_OpticType": "HuntingOptic",
            "dna_Suppressor": "",
            "dna_UnderBarrel": "",
            "dna_ButtStock": "",
            "dna_HandGuard": "",
            "dna_Wrap": ""
        }
    ],
    "dna_SpawnLootSet1": 1,
    "dna_RandomizeLootSet1": 1,
    "dna_LootSet1Count": 3,
    "dna_LootSetR1": [
        "BloodTestKit",
        "TetracyclineAntibiotics",
        "BandageDressing",
        "BloodBagIV",
        "Morphine",
        "Epinephrine"
    ],
    "dna_SpawnLootSet2": 1,
    "dna_RandomizeLootSet2": 1,
    "dna_LootSet2Count": 3,
    "dna_LootSetR2": [
        "BoxCerealCrunchin",
        "PeachesCan_Opened",
        "TacticalBaconCan",
        "BakedBeansCan",
        "BakedBeansCan_Opened"
    ],
    "dna_SpawnLootSet3": 1,
    "dna_RandomizeLootSet3": 1,
    "dna_LootSet3Count": 3,
    "dna_LootSetR3": [
        "SodaCan_Pipsi",
        "WaterBottle",
        "SodaCan_Fronta",
        "SodaCan_Cola",
        "SodaCan_Spite"
    ],
    "dna_SpawnLootSet4": 1,
    "dna_RandomizeLootSet4": 0,
    "dna_LootSet4Count": 3,
    "dna_LootSetR4": [
        "NailBox",
        "Shovel",
        "WoodAxe",
        "Screwdriver"
    ]
}