{
    "m_Version": 12,
    "DisplayName": "Запчастини для NapalmNova",
    "Icon": "Deliver",
    "Color": "FBFCFEFF",
    "IsExchange": 0,
    "InitStockPercent": 75.0,
    "Items": [
        {
            "ClassName": "Chevrolet_NapalmNova_Driverdoor",
            "MaxPriceThreshold": 870,
            "MinPriceThreshold": 870,
            "SellPricePercent": -1.0,
            "MaxStockThreshold": 100,
            "MinStockThreshold": 1,
            "QuantityPercent": -1,
            "SpawnAttachments": [],
            "Variants": [
                "Chevrolet_NapalmNova_Driverdoor_White",
                "Chevrolet_NapalmNova_Driverdoor_Red",
                "Chevrolet_NapalmNova_Driverdoor_Blue",
                "Chevrolet_NapalmNova_Driverdoor_Green",
                "Chevrolet_NapalmNova_Driverdoor_Yellow",
                "Chevrolet_NapalmNova_Driverdoor_Pink",
                "Chevrolet_NapalmNova_Driverdoor_Purple",
                "Chevrolet_NapalmNova_Driverdoor_Orange"
            ]
        },
        {
            "ClassName": "Chevrolet_NapalmNova_CoDriver",
            "MaxPriceThreshold": 870,
            "MinPriceThreshold": 870,
            "SellPricePercent": -1.0,
            "MaxStockThreshold": 100,
            "MinStockThreshold": 1,
            "QuantityPercent": -1,
            "SpawnAttachments": [],
            "Variants": [
                "Chevrolet_NapalmNova_CoDriver_White",
                "Chevrolet_NapalmNova_CoDriver_Red",
                "Chevrolet_NapalmNova_CoDriver_Blue",
                "Chevrolet_NapalmNova_CoDriver_Green",
                "Chevrolet_NapalmNova_CoDriver_Yellow",
                "Chevrolet_NapalmNova_CoDriver_Pink",
                "Chevrolet_NapalmNova_CoDriver_Purple",
                "Chevrolet_NapalmNova_CoDriver_Orange"
            ]
        },
        {
            "ClassName": "Chevrolet_NapalmNova_Trunk",
            "MaxPriceThreshold": 870,
            "MinPriceThreshold": 870,
            "SellPricePercent": -1.0,
            "MaxStockThreshold": 100,
            "MinStockThreshold": 1,
            "QuantityPercent": -1,
            "SpawnAttachments": [],
            "Variants": [
                "Chevrolet_NapalmNova_Trunk_White",
                "Chevrolet_NapalmNova_Trunk_Red",
                "Chevrolet_NapalmNova_Trunk_Blue",
                "Chevrolet_NapalmNova_Trunk_Green",
                "Chevrolet_NapalmNova_Trunk_Yellow",
                "Chevrolet_NapalmNova_Trunk_Pink",
                "Chevrolet_NapalmNova_Trunk_Purple",
                "Chevrolet_NapalmNova_Trunk_Orange"
            ]
        },
        {
            "ClassName": "Chevrolet_NapalmNova_Hood",
            "MaxPriceThreshold": 870,
            "MinPriceThreshold": 870,
            "SellPricePercent": -1.0,
            "MaxStockThreshold": 100,
            "MinStockThreshold": 1,
            "QuantityPercent": -1,
            "SpawnAttachments": [],
            "Variants": [
                "Chevrolet_NapalmNova_Hood_White",
                "Chevrolet_NapalmNova_Hood_Red",
                "Chevrolet_NapalmNova_Hood_Blue",
                "Chevrolet_NapalmNova_Hood_Green",
                "Chevrolet_NapalmNova_Hood_Yellow",
                "Chevrolet_NapalmNova_Hood_Pink",
                "Chevrolet_NapalmNova_Hood_Purple",
                "Chevrolet_NapalmNova_Hood_Orange"
            ]
        },
        {
            "ClassName": "Chevrolet_NapalmNova_Wheel",
            "MaxPriceThreshold": 300,
            "MinPriceThreshold": 300,
            "SellPricePercent": -1.0,
            "MaxStockThreshold": 100,
            "MinStockThreshold": 1,
            "QuantityPercent": -1,
            "SpawnAttachments": [],
            "Variants": []
        }
    ]
}