{
    "m_Version": 12,
    "DisplayName": "Корисні речі",
    "Icon": "Deliver",
    "Color": "FBFCFEFF",
    "IsExchange": 0,
    "InitStockPercent": 75.0,
    "Items": [
        {
            "ClassName": "TD_Wallet",
            "MaxPriceThreshold": 1000,
            "MinPriceThreshold": 1000,
            "SellPricePercent": 1,
            "MaxStockThreshold": 1,
            "MinStockThreshold": 1,
            "QuantityPercent": -1,
            "SpawnAttachments": [],
            "Variants": []
        },
        {
            "ClassName": "NailBox",
            "MaxPriceThreshold": 350,
            "MinPriceThreshold": 350,
            "SellPricePercent": 1,
            "MaxStockThreshold": 1,
            "MinStockThreshold": 1,
            "QuantityPercent": -1,
            "SpawnAttachments": [],
            "Variants": []
        },
        {
            "ClassName": "KIWI_Battery9V",
            "MaxPriceThreshold": 650,
            "MinPriceThreshold": 650,
            "SellPricePercent": 1,
            "MaxStockThreshold": 1,
            "MinStockThreshold": 1,
            "QuantityPercent": -1,
            "SpawnAttachments": [],
            "Variants": []
        },
        {
            "ClassName": "VM_Nano_Pouch",
            "MaxPriceThreshold": 5000,
            "MinPriceThreshold": 5000,
            "SellPricePercent": 1,
            "MaxStockThreshold": 1,
            "MinStockThreshold": 1,
            "QuantityPercent": -1,
            "SpawnAttachments": [],
            "Variants": []
        }
    ]
}