{
    "m_Version": 12,
    "DisplayName": "Запчастини для Audi RS6",
    "Icon": "Deliver",
    "Color": "FBFCFEFF",
    "IsExchange": 0,
    "InitStockPercent": 75.0,
    "Items": [
        {
            "ClassName": "Audi_RS6_ABT_Driver",
            "MaxPriceThreshold": 870,
            "MinPriceThreshold": 870,
            "SellPricePercent": -1.0,
            "MaxStockThreshold": 100,
            "MinStockThreshold": 1,
            "QuantityPercent": -1,
            "SpawnAttachments": [],
            "Variants": [
                "Audi_RS6_ABT_Driver_Red",
                "Audi_RS6_ABT_Driver_Blue",
                "Audi_RS6_ABT_Driver_Yellow",
                "Audi_RS6_ABT_Driver_Green",
                "Audi_RS6_ABT_Driver_Pink",
                "Audi_RS6_ABT_Driver_Teal",
                "Audi_RS6_ABT_Driver_MidNightBlue",
                "Audi_RS6_ABT_Driver_Black"
            ]
        },
        {
            "ClassName": "Audi_RS6_ABT_CoDriver",
            "MaxPriceThreshold": 870,
            "MinPriceThreshold": 870,
            "SellPricePercent": -1.0,
            "MaxStockThreshold": 100,
            "MinStockThreshold": 1,
            "QuantityPercent": -1,
            "SpawnAttachments": [],
            "Variants": [
                "Audi_RS6_ABT_CoDriver_Red",
                "Audi_RS6_ABT_CoDriver_Blue",
                "Audi_RS6_ABT_CoDriver_Yellow",
                "Audi_RS6_ABT_CoDriver_Green",
                "Audi_RS6_ABT_CoDriver_Pink",
                "Audi_RS6_ABT_CoDriver_Teal",
                "Audi_RS6_ABT_CoDriver_MidNightBlue",
                "Audi_RS6_ABT_CoDriver_Black"
            ]
        },
        {
            "ClassName": "Audi_RS6_ABT_Cargo1",
            "MaxPriceThreshold": 870,
            "MinPriceThreshold": 870,
            "SellPricePercent": -1.0,
            "MaxStockThreshold": 100,
            "MinStockThreshold": 1,
            "QuantityPercent": -1,
            "SpawnAttachments": [],
            "Variants": [
                "Audi_RS6_ABT_Cargo1_Red",
                "Audi_RS6_ABT_Cargo1_Blue",
                "Audi_RS6_ABT_Cargo1_Yellow",
                "Audi_RS6_ABT_Cargo1_Green",
                "Audi_RS6_ABT_Cargo1_Pink",
                "Audi_RS6_ABT_Cargo1_Teal",
                "Audi_RS6_ABT_Cargo1_MidNightBlue",
                "Audi_RS6_ABT_Cargo1_Black"
            ]
        },
        {
            "ClassName": "Audi_RS6_ABT_Cargo2",
            "MaxPriceThreshold": 870,
            "MinPriceThreshold": 870,
            "SellPricePercent": -1.0,
            "MaxStockThreshold": 100,
            "MinStockThreshold": 1,
            "QuantityPercent": -1,
            "SpawnAttachments": [],
            "Variants": [
                "Audi_RS6_ABT_Cargo2_Red",
                "Audi_RS6_ABT_Cargo2_Blue",
                "Audi_RS6_ABT_Cargo2_Yellow",
                "Audi_RS6_ABT_Cargo2_Green",
                "Audi_RS6_ABT_Cargo2_Pink",
                "Audi_RS6_ABT_Cargo2_Teal",
                "Audi_RS6_ABT_Cargo2_MidNightBlue",
                "Audi_RS6_ABT_Cargo2_Black"
            ]
        },
        {
            "ClassName": "Audi_RS6_ABT_Hood",
            "MaxPriceThreshold": 870,
            "MinPriceThreshold": 870,
            "SellPricePercent": -1.0,
            "MaxStockThreshold": 100,
            "MinStockThreshold": 1,
            "QuantityPercent": -1,
            "SpawnAttachments": [],
            "Variants": [
                "Audi_RS6_ABT_Hood_Red",
                "Audi_RS6_ABT_Hood_Blue",
                "Audi_RS6_ABT_Hood_Yellow",
                "Audi_RS6_ABT_Hood_Green",
                "Audi_RS6_ABT_Hood_Pink",
                "Audi_RS6_ABT_Hood_Teal",
                "Audi_RS6_ABT_Hood_MidNightBlue",
                "Audi_RS6_ABT_Hood_Black"
            ]
        },
        {
            "ClassName": "Audi_RS6_ABT_Trunk",
            "MaxPriceThreshold": 870,
            "MinPriceThreshold": 870,
            "SellPricePercent": -1.0,
            "MaxStockThreshold": 100,
            "MinStockThreshold": 1,
            "QuantityPercent": -1,
            "SpawnAttachments": [],
            "Variants": [
                "Audi_RS6_ABT_Trunk_Red",
                "Audi_RS6_ABT_Trunk_Blue",
                "Audi_RS6_ABT_Trunk_Yellow",
                "Audi_RS6_ABT_Trunk_Green",
                "Audi_RS6_ABT_Trunk_Pink",
                "Audi_RS6_ABT_Trunk_Teal",
                "Audi_RS6_ABT_Trunk_MidNightBlue",
                "Audi_RS6_ABT_Trunk_Black"
            ]
        },
        {
            "ClassName": "Audi_RS6_ABT_Wheel",
            "MaxPriceThreshold": 500,
            "MinPriceThreshold": 500,
            "SellPricePercent": -1.0,
            "MaxStockThreshold": 100,
            "MinStockThreshold": 1,
            "QuantityPercent": -1,
            "SpawnAttachments": [],
            "Variants": []
        }
    ]
}