{
    "ConfigVersion": 6,
    "ID": 1,
    "ClassName": "ExpansionQuestBoardLarge",
    "Position": [
        3712.595215, 
        403, 
        6006.325195
    ],
    "Orientation": [
        65,
        0.0,
        0.0
    ],
    "NPCName": "Дошка завдань",
    "DefaultNPCText": "",
    "Waypoints": [],
    "NPCEmoteID": 46,
    "NPCEmoteIsStatic": 0,
    "NPCLoadoutFile": "",
    "NPCInteractionEmoteID": 1,
    "NPCQuestCancelEmoteID": 60,
    "NPCQuestStartEmoteID": 58,
    "NPCQuestCompleteEmoteID": 39,
    "NPCFaction": "InvincibleObservers",
    "NPCType": 1,
    "Active": 1
}