{
    "m_Version": 12,
    "DisplayName": "Запчастини для DodgeRam",
    "Icon": "Deliver",
    "Color": "FBFCFEFF",
    "IsExchange": 0,
    "InitStockPercent": 75.0,
    "Items": [
        {
            "ClassName": "DodgeRam_Driver_Door",
            "MaxPriceThreshold": 870,
            "MinPriceThreshold": 870,
            "SellPricePercent": -1.0,
            "MaxStockThreshold": 100,
            "MinStockThreshold": 1,
            "QuantityPercent": -1,
            "SpawnAttachments": [],
            "Variants": [
                "DodgeRam_Driver_Door_Yellow",
                "DodgeRam_Driver_Door_Green",
                "DodgeRam_Driver_Door_White",
                "DodgeRam_Driver_Door_Teal",
                "DodgeRam_Driver_Door_Black",
                "DodgeRam_Driver_Door_Blue",
                "DodgeRam_Driver_Door_camoblack",
                "DodgeRam_Driver_Door_camoblue",
                "DodgeRam_Driver_Door_camowhite",
                "DodgeRam_Driver_Door_camored",
                "DodgeRam_Driver_Door_camogreen",
                "DodgeRam_Driver_Door_camonuke"
            ]
        },
        {
            "ClassName": "DodgeRam_CoDriver_Door",
            "MaxPriceThreshold": 870,
            "MinPriceThreshold": 870,
            "SellPricePercent": -1.0,
            "MaxStockThreshold": 100,
            "MinStockThreshold": 1,
            "QuantityPercent": -1,
            "SpawnAttachments": [],
            "Variants": [
                "DodgeRam_CoDriver_Door_Yellow",
                "DodgeRam_CoDriver_Door_Green",
                "DodgeRam_CoDriver_Door_White",
                "DodgeRam_CoDriver_Door_Teal",
                "DodgeRam_CoDriver_Door_Black",
                "DodgeRam_CoDriver_Door_Blue",
                "DodgeRam_CoDriver_Door_camoblack",
                "DodgeRam_CoDriver_Door_camoblue",
                "DodgeRam_CoDriver_Door_camowhite",
                "DodgeRam_CoDriver_Door_camored",
                "DodgeRam_CoDriver_Door_camogreen",
                "DodgeRam_CoDriver_Door_camonuke"
            ]
        },
        {
            "ClassName": "DodgeRam_Trunk",
            "MaxPriceThreshold": 870,
            "MinPriceThreshold": 870,
            "SellPricePercent": -1.0,
            "MaxStockThreshold": 100,
            "MinStockThreshold": 1,
            "QuantityPercent": -1,
            "SpawnAttachments": [],
            "Variants": [
                "DodgeRam_Trunk_Yellow",
                "DodgeRam_Trunk_Green",
                "DodgeRam_Trunk_White",
                "DodgeRam_Trunk_Teal",
                "DodgeRam_Trunk_Black",
                "DodgeRam_Trunk_Blue",
                "DodgeRam_Trunk_camoblack",
                "DodgeRam_Trunk_camoblue",
                "DodgeRam_Trunk_camowhite",
                "DodgeRam_Trunk_camored",
                "DodgeRam_Trunk_camogreen",
                "DodgeRam_Trunk_camonuke"
            ]
        },
        {
            "ClassName": "DodgeRam_Cargo1",
            "MaxPriceThreshold": 870,
            "MinPriceThreshold": 870,
            "SellPricePercent": -1.0,
            "MaxStockThreshold": 100,
            "MinStockThreshold": 1,
            "QuantityPercent": -1,
            "SpawnAttachments": [],
            "Variants": [
                "DodgeRam_Cargo1_Yellow",
                "DodgeRam_Cargo1_Green",
                "DodgeRam_Cargo1_White",
                "DodgeRam_Cargo1_Teal",
                "DodgeRam_Cargo1_Black",
                "DodgeRam_Cargo1_Blue",
                "DodgeRam_Cargo1_camoblack",
                "DodgeRam_Cargo1_camoblue",
                "DodgeRam_Cargo1_camowhite",
                "DodgeRam_Cargo1_camored",
                "DodgeRam_Cargo1_camogreen",
                "DodgeRam_Cargo1_camonuke"
            ]
        },
        {
            "ClassName": "DodgeRam_Cargo2",
            "MaxPriceThreshold": 800,
            "MinPriceThreshold": 480,
            "SellPricePercent": -1.0,
            "MaxStockThreshold": 100,
            "MinStockThreshold": 1,
            "QuantityPercent": -1,
            "SpawnAttachments": [],
            "Variants": [
                "DodgeRam_Cargo2_Yellow",
                "DodgeRam_Cargo2_Green",
                "DodgeRam_Cargo2_White",
                "DodgeRam_Cargo2_Teal",
                "DodgeRam_Cargo2_Black",
                "DodgeRam_Cargo2_Blue",
                "DodgeRam_Cargo2_camoblack",
                "DodgeRam_Cargo2_camoblue",
                "DodgeRam_Cargo2_camowhite",
                "DodgeRam_Cargo2_camored",
                "DodgeRam_Cargo2_camogreen",
                "DodgeRam_Cargo2_camonuke"
            ]
        },
        {
            "ClassName": "DodgeRam_Hood",
            "MaxPriceThreshold": 870,
            "MinPriceThreshold": 870,
            "SellPricePercent": -1.0,
            "MaxStockThreshold": 100,
            "MinStockThreshold": 1,
            "QuantityPercent": -1,
            "SpawnAttachments": [],
            "Variants": [
                "DodgeRam_Hood_Yellow",
                "DodgeRam_Hood_Green",
                "DodgeRam_Hood_White",
                "DodgeRam_Hood_Teal",
                "DodgeRam_Hood_Black",
                "DodgeRam_Hood_Blue",
                "DodgeRam_Hood_camoblack",
                "DodgeRam_Hood_camoblue",
                "DodgeRam_Hood_camowhite",
                "DodgeRam_Hood_camored",
                "DodgeRam_Hood_camogreen",
                "DodgeRam_Hood_camonuke"
            ]
        },
        {
            "ClassName": "DodgeRam_Wheel",
            "MaxPriceThreshold": 300,
            "MinPriceThreshold": 300,
            "SellPricePercent": -1.0,
            "MaxStockThreshold": 100,
            "MinStockThreshold": 1,
            "QuantityPercent": -1,
            "SpawnAttachments": [],
            "Variants": [
                "DodgeRam_Wheel_Green",
                "DodgeRam_Wheel_White",
                "DodgeRam_Wheel_Teal",
                "DodgeRam_Wheel_Black",
                "DodgeRam_Wheel_Blue"
            ]
        }
    ]
}