{
    "m_Version": 12,
    "DisplayName": "Запчастини для GTR",
    "Icon": "Deliver",
    "Color": "FBFCFEFF",
    "IsExchange": 0,
    "InitStockPercent": 75.0,
    "Items": [
        {
            "ClassName": "NissanGTRNismo_Driverdoor",
            "MaxPriceThreshold": 870,
            "MinPriceThreshold": 870,
            "SellPricePercent": -1.0,
            "MaxStockThreshold": 100,
            "MinStockThreshold": 1,
            "QuantityPercent": -1,
            "SpawnAttachments": [],
            "Variants": [
                "NissanGTRNismo_Driverdoor_Red",
                "NissanGTR_Driverdoor_Black",
                "NissanGTR_Driverdoor_DarkPurple",
                "NissanGTR_Driverdoor_White",
                "NissanGTR_Driverdoor_Green",
                "NissanGTR_Driverdoor_Orange",
                "NissanGTR_Driverdoor_Pink",
                "NissanGTR_Driverdoor_Red",
                "NissanGTRCustom_Driverdoor_Black",
                "NissanGTRCustom_Driverdoor_Blood",
                "NissanGTRCustom_Driverdoor_LB",
                "NissanGTRCustom_Driverdoor_Pink"
            ]
        },
        {
            "ClassName": "NissanGTRNismo_Codriverdoor",
            "MaxPriceThreshold": 870,
            "MinPriceThreshold": 870,
            "SellPricePercent": -1.0,
            "MaxStockThreshold": 100,
            "MinStockThreshold": 1,
            "QuantityPercent": -1,
            "SpawnAttachments": [],
            "Variants": [
                "NissanGTRNismo_Codriverdoor_Red",
                "NissanGTR_Codriverdoor_Black",
                "NissanGTR_Codriverdoor_DarkPurple",
                "NissanGTR_Codriverdoor_Green",
                "NissanGTR_Codriverdoor_Orange",
                "NissanGTR_Codriverdoor_Pink",
                "NissanGTR_Codriverdoor_Red",
                "NissanGTRCustom_Codriverdoor_Black",
                "NissanGTRCustom_Codriverdoor_Blood",
                "NissanGTRCustom_Codriverdoor_LB",
                "NissanGTRCustom_Codriverdoor_Pink"
            ]
        },
        {
            "ClassName": "NissanGTRNismo_Hood",
            "MaxPriceThreshold": 870,
            "MinPriceThreshold": 870,
            "SellPricePercent": -1.0,
            "MaxStockThreshold": 100,
            "MinStockThreshold": 1,
            "QuantityPercent": -1,
            "SpawnAttachments": [],
            "Variants": [
                "NissanGTRNismo_Hood_Red",
                "NissanGTR_Hood_Black",
                "NissanGTR_Hood_DarkPurple",
                "NissanGTR_Hood_White",
                "NissanGTR_Hood_Green",
                "NissanGTR_Hood_Orange",
                "NissanGTR_Hood_Pink",
                "NissanGTR_Hood_Red",
                "NissanGTRCustom_Hood_Black",
                "NissanGTRCustom_Hood_Blood",
                "NissanGTRCustom_Hood_LB",
                "NissanGTRCustom_Hood_Pink"
            ]
        },
        {
            "ClassName": "NissanGTRNismo_Trunk",
            "MaxPriceThreshold": 870,
            "MinPriceThreshold": 870,
            "SellPricePercent": -1.0,
            "MaxStockThreshold": 100,
            "MinStockThreshold": 1,
            "QuantityPercent": -1,
            "SpawnAttachments": [],
            "Variants": [
                "NissanGTRNismo_Trunk_Red",
                "NissanGTR_Trunk_Black",
                "NissanGTR_Trunk_DarkPurple",
                "NissanGTR_Trunk_White",
                "NissanGTR_Trunk_Green",
                "NissanGTR_Trunk_Orange",
                "NissanGTR_Trunk_Pink",
                "NissanGTR_Trunk_Red",
                "NissanGTRCustom_Trunk_Black",
                "NissanGTRCustom_Trunk_Blood",
                "NissanGTRCustom_Trunk_LB",
                "NissanGTRCustom_Trunk_Pink"
            ]
        },
        {
            "ClassName": "NissanGTRNismo_Wheel",
            "MaxPriceThreshold": 300,
            "MinPriceThreshold": 300,
            "SellPricePercent": -1.0,
            "MaxStockThreshold": 100,
            "MinStockThreshold": 1,
            "QuantityPercent": -1,
            "SpawnAttachments": [],
            "Variants": [
                "NissanGTRNismo_Wheel2"
            ]
        }
    ]
}