{
    "m_Version": 12,
    "DisplayName": "Запчастини для 4Runner",
    "Icon": "Deliver",
    "Color": "FBFCFEFF",
    "IsExchange": 0,
    "InitStockPercent": 75.0,
    "Items": [
        {
            "ClassName": "Runner_DriverDoor",
            "MaxPriceThreshold": 870,
            "MinPriceThreshold": 870,
            "SellPricePercent": -1.0,
            "MaxStockThreshold": 100,
            "MinStockThreshold": 1,
            "QuantityPercent": -1,
            "SpawnAttachments": [],
            "Variants": [
                "Runner_DriverDoor_camoblack",
                "Runner_DriverDoor_camowhite",
                "Runner_DriverDoor_camogreen",
                "Runner_DriverDoor_white",
                "Runner_DriverDoor_red",
                "Runner_DriverDoor_blue",
                "Runner_DriverDoor_camored",
                "Runner_DriverDoor_camopink",
                "Runner_DriverDoor_pink",
                "Runner_DriverDoor_yellow",
                "Runner_DriverDoor_camoblue",
                "Runner_DriverDoor_camopurple",
                "Runner_DriverDoor_BOSS"
            ]
        },
        {
            "ClassName": "Runner_CoDriver_Door",
            "MaxPriceThreshold": 870,
            "MinPriceThreshold": 870,
            "SellPricePercent": -1.0,
            "MaxStockThreshold": 100,
            "MinStockThreshold": 1,
            "QuantityPercent": -1,
            "SpawnAttachments": [],
            "Variants": [
                "Runner_CoDriver_Door_camoblack",
                "Runner_CoDriver_Door_camowhite",
                "Runner_CoDriver_Door_camogreen",
                "Runner_CoDriver_Door_white",
                "Runner_CoDriver_Door_red",
                "Runner_CoDriver_Door_blue",
                "Runner_CoDriver_Door_camored",
                "Runner_CoDriver_Door_camopink",
                "Runner_CoDriver_Door_pink",
                "Runner_CoDriver_Door_yellow",
                "Runner_CoDriver_Door_camoblue",
                "Runner_CoDriver_Door_camopurple",
                "Runner_CoDriver_Door_BOSS"
            ]
        },
        {
            "ClassName": "Runner_Cargo1",
            "MaxPriceThreshold": 870,
            "MinPriceThreshold": 870,
            "SellPricePercent": -1.0,
            "MaxStockThreshold": 100,
            "MinStockThreshold": 1,
            "QuantityPercent": -1,
            "SpawnAttachments": [],
            "Variants": [
                "Runner_Cargo1_camoblack",
                "Runner_Cargo1_camowhite",
                "Runner_Cargo1_camogreen",
                "Runner_Cargo1_white",
                "Runner_Cargo1_red",
                "Runner_Cargo1_blue",
                "Runner_Cargo1_camored",
                "Runner_Cargo1_camopink",
                "Runner_Cargo1_pink",
                "Runner_Cargo1_yellow",
                "Runner_Cargo1_camoblue",
                "Runner_Cargo1_camopurple",
                "Runner_Cargo1_BOSS"
            ]
        },
        {
            "ClassName": "Runner_Cargo2",
            "MaxPriceThreshold": 870,
            "MinPriceThreshold": 870,
            "SellPricePercent": -1.0,
            "MaxStockThreshold": 100,
            "MinStockThreshold": 1,
            "QuantityPercent": -1,
            "SpawnAttachments": [],
            "Variants": [
                "Runner_Cargo2_camoblack",
                "Runner_Cargo2_camowhite",
                "Runner_Cargo2_camogreen",
                "Runner_Cargo2_white",
                "Runner_Cargo2_red",
                "Runner_Cargo2_blue",
                "Runner_Cargo2_camored",
                "Runner_Cargo2_camopink",
                "Runner_Cargo2_pink",
                "Runner_Cargo2_yellow",
                "Runner_Cargo2_camoblue",
                "Runner_Cargo2_camopurple",
                "Runner_Cargo2_BOSS"
            ]
        },
        {
            "ClassName": "Runner_Hood",
            "MaxPriceThreshold": 800,
            "MinPriceThreshold": 480,
            "SellPricePercent": -1.0,
            "MaxStockThreshold": 100,
            "MinStockThreshold": 1,
            "QuantityPercent": -1,
            "SpawnAttachments": [],
            "Variants": [
                "Runner_Hood_camoblack",
                "Runner_Hood_camowhite",
                "Runner_Hood_camogreen",
                "Runner_Hood_white",
                "Runner_Hood_red",
                "Runner_Hood_blue",
                "Runner_Hood_camored",
                "Runner_Hood_camopink",
                "Runner_Hood_pink",
                "Runner_Hood_yellow",
                "Runner_Hood_camoblue",
                "Runner_Hood_camopurple",
                "Runner_Hood_BOSS"
            ]
        },
        {
            "ClassName": "Runner_Trunk",
            "MaxPriceThreshold": 870,
            "MinPriceThreshold": 870,
            "SellPricePercent": -1.0,
            "MaxStockThreshold": 100,
            "MinStockThreshold": 1,
            "QuantityPercent": -1,
            "SpawnAttachments": [],
            "Variants": [
                "Runner_Trunk_camoblack",
                "Runner_Trunk_camowhite",
                "Runner_Trunk_camogreen",
                "Runner_Trunk_white",
                "Runner_Trunk_red",
                "Runner_Trunk_blue",
                "Runner_Trunk_camored",
                "Runner_Trunk_camopink",
                "Runner_Trunk_yellow",
                "Runner_Trunk_camoblue",
                "Runner_Trunk_camopurple",
                "Runner_Trunk_BOSS"
            ]
        },
        {
            "ClassName": "Runner_Wheel",
            "MaxPriceThreshold": 300,
            "MinPriceThreshold": 300,
            "SellPricePercent": -1.0,
            "MaxStockThreshold": 100,
            "MinStockThreshold": 1,
            "QuantityPercent": -1,
            "SpawnAttachments": [],
            "Variants": []
        }
    ]
}