{
    "m_Version": 12,
    "DisplayName": "#STR_EXPANSION_MARKET_CATEGORY_BANDANAS",
    "Icon": "Deliver",
    "Color": "FBFCFEFF",
    "IsExchange": 0,
    "InitStockPercent": 75.0,
    "Items": [
        {
            "ClassName": "bandana_redpattern",
            "MaxPriceThreshold": 355,
            "MinPriceThreshold": 215,
            "SellPricePercent": -1.0,
            "MaxStockThreshold": 100,
            "MinStockThreshold": 1,
            "QuantityPercent": -1,
            "SpawnAttachments": [],
            "Variants": [
                "bandana_pink",
                "bandana_yellow",
                "bandana_redpattern",
                "bandana_blue",
                "bandana_polkapattern"
            ]
        },
        {
            "ClassName": "bandana_greenpattern",
            "MaxPriceThreshold": 1895,
            "MinPriceThreshold": 1135,
            "SellPricePercent": -1.0,
            "MaxStockThreshold": 100,
            "MinStockThreshold": 1,
            "QuantityPercent": -1,
            "SpawnAttachments": [],
            "Variants": []
        },
        {
            "ClassName": "bandana_camopattern",
            "MaxPriceThreshold": 1895,
            "MinPriceThreshold": 1135,
            "SellPricePercent": -1.0,
            "MaxStockThreshold": 100,
            "MinStockThreshold": 1,
            "QuantityPercent": -1,
            "SpawnAttachments": [],
            "Variants": []
        },
        {
            "ClassName": "bandana_blackpattern",
            "MaxPriceThreshold": 1895,
            "MinPriceThreshold": 1135,
            "SellPricePercent": -1.0,
            "MaxStockThreshold": 100,
            "MinStockThreshold": 1,
            "QuantityPercent": -1,
            "SpawnAttachments": [],
            "Variants": []
        }
    ]
}