{
    "m_Version": 12,
    "DisplayName": "Позашляховики",
    "Icon": "Deliver",
    "Color": "FBFCFEFF",
    "IsExchange": 0,
    "InitStockPercent": 75.0,
    "Items": [
        {
            "ClassName": "Jeep_GladiatorF9_BOSS_White",
            "MaxPriceThreshold": 500000,
            "MinPriceThreshold": 500000,
            "MaxStockThreshold": 1,
            "MinStockThreshold": 1,
            "SellPricePercent": 60.0,
            "QuantityPercent": -1,
            "SpawnAttachments": [
                "CarBattery",
                "CarRadiator",
                "SparkPlug",
                "Jeep_GladiatorF9_Driver_Door",
                "Jeep_GladiatorF9_Codriver_Door",
                "Jeep_GladiatorF9_Cargo_Door1",
                "Jeep_GladiatorF9_Cargo_Door2",
                "Jeep_GladiatorF9_Trunk",
                "Jeep_GladiatorF9_Hood",
                "JeepGladiator_Wheel",
                "JeepGladiator_Wheel",
                "JeepGladiator_Wheel",
                "JeepGladiator_Wheel",
                "HeadlightH7",
                "HeadlightH7"
            ],
            "Variants": [
                "Jeep_GladiatorF9_BOSS_Black",
                "Jeep_GladiatorF9_BOSS_Gold",
                "Jeep_GladiatorF9_BOSS_Brown",
                "Jeep_GladiatorF9_BOSS_DarkRed",
                "Jeep_GladiatorF9_BOSS_DarkBlue",
                "Jeep_GladiatorF9_BOSS_camo_green",
                "Jeep_GladiatorF9_BOSS_camo_red",
                "Jeep_GladiatorF9_BOSS_camo_blue",
                "Jeep_GladiatorF9_BOSS_camo_black"
            ]
        },
        {
            "ClassName": "Jeep_GladiatorF9_BOSS_Black",
            "MaxPriceThreshold": 500000,
            "MinPriceThreshold": 500000,
            "MaxStockThreshold": 1,
            "MinStockThreshold": 1,
            "SellPricePercent": 60.0,
            "QuantityPercent": -1,
            "SpawnAttachments": [
                "CarBattery",
                "CarRadiator",
                "SparkPlug",
                "Jeep_GladiatorF9_Driver_Door_Black",
                "Jeep_GladiatorF9_Codriver_Door_Black",
                "Jeep_GladiatorF9_Cargo_Door1_Black",
                "Jeep_GladiatorF9_Cargo_Door2_Black",
                "Jeep_GladiatorF9_Trunk_Black",
                "Jeep_GladiatorF9_Hood_Black",
                "JeepGladiator_Wheel",
                "JeepGladiator_Wheel",
                "JeepGladiator_Wheel",
                "JeepGladiator_Wheel",
                "HeadlightH7",
                "HeadlightH7"
            ],
            "Variants": []
        },
        {
            "ClassName": "Jeep_GladiatorF9_BOSS_Gold",
            "MaxPriceThreshold": 500000,
            "MinPriceThreshold": 500000,
            "MaxStockThreshold": 1,
            "MinStockThreshold": 1,
            "SellPricePercent": 60.0,
            "QuantityPercent": -1,
            "SpawnAttachments": [
                "CarBattery",
                "CarRadiator",
                "SparkPlug",
                "Jeep_GladiatorF9_Driver_Door_Gold",
                "Jeep_GladiatorF9_Codriver_Door_Gold",
                "Jeep_GladiatorF9_Cargo_Door1_Gold",
                "Jeep_GladiatorF9_Cargo_Door2_Gold",
                "Jeep_GladiatorF9_Trunk_Gold",
                "Jeep_GladiatorF9_Hood_Gold",
                "JeepGladiator_Wheel",
                "JeepGladiator_Wheel",
                "JeepGladiator_Wheel",
                "JeepGladiator_Wheel",
                "HeadlightH7",
                "HeadlightH7"
            ],
            "Variants": []
        },
        {
            "ClassName": "Jeep_GladiatorF9_BOSS_Brown",
            "MaxPriceThreshold": 500000,
            "MinPriceThreshold": 500000,
            "MaxStockThreshold": 1,
            "MinStockThreshold": 1,
            "SellPricePercent": 60.0,
            "QuantityPercent": -1,
            "SpawnAttachments": [
                "CarBattery",
                "CarRadiator",
                "SparkPlug",
                "Jeep_GladiatorF9_Driver_Door_Brown",
                "Jeep_GladiatorF9_Codriver_Door_Brown",
                "Jeep_GladiatorF9_Cargo_Door1_Brown",
                "Jeep_GladiatorF9_Cargo_Door2_Brown",
                "Jeep_GladiatorF9_Trunk_Brown",
                "Jeep_GladiatorF9_Hood_Brown",
                "JeepGladiator_Wheel",
                "JeepGladiator_Wheel",
                "JeepGladiator_Wheel",
                "JeepGladiator_Wheel",
                "HeadlightH7",
                "HeadlightH7"
            ],
            "Variants": []
        },
        {
            "ClassName": "Jeep_GladiatorF9_BOSS_DarkRed",
            "MaxPriceThreshold": 500000,
            "MinPriceThreshold": 500000,
            "MaxStockThreshold": 1,
            "MinStockThreshold": 1,
            "SellPricePercent": 60.0,
            "QuantityPercent": -1,
            "SpawnAttachments": [
                "CarBattery",
                "CarRadiator",
                "SparkPlug",
                "Jeep_GladiatorF9_Driver_Door_DarkRed",
                "Jeep_GladiatorF9_Codriver_Door_DarkRed",
                "Jeep_GladiatorF9_Cargo_Door1_DarkRed",
                "Jeep_GladiatorF9_Cargo_Door2_DarkRed",
                "Jeep_GladiatorF9_Trunk_DarkRed",
                "Jeep_GladiatorF9_Hood_DarkRed",
                "JeepGladiator_Wheel",
                "JeepGladiator_Wheel",
                "JeepGladiator_Wheel",
                "JeepGladiator_Wheel",
                "HeadlightH7",
                "HeadlightH7"
            ],
            "Variants": []
        },
        {
            "ClassName": "Jeep_GladiatorF9_BOSS_DarkBlue",
            "MaxPriceThreshold": 500000,
            "MinPriceThreshold": 500000,
            "MaxStockThreshold": 1,
            "MinStockThreshold": 1,
            "SellPricePercent": 60.0,
            "QuantityPercent": -1,
            "SpawnAttachments": [
                "CarBattery",
                "CarRadiator",
                "SparkPlug",
                "Jeep_GladiatorF9_Driver_Door_DarkBlue",
                "Jeep_GladiatorF9_Codriver_Door_DarkBlue",
                "Jeep_GladiatorF9_Cargo_Door1_DarkBlue",
                "Jeep_GladiatorF9_Cargo_Door2_DarkBlue",
                "Jeep_GladiatorF9_Trunk_DarkBlue",
                "Jeep_GladiatorF9_Hood_DarkBlue",
                "JeepGladiator_Wheel",
                "JeepGladiator_Wheel",
                "JeepGladiator_Wheel",
                "JeepGladiator_Wheel",
                "HeadlightH7",
                "HeadlightH7"
            ],
            "Variants": []
        },
        {
            "ClassName": "Jeep_GladiatorF9_BOSS_camo_green",
            "MaxPriceThreshold": 500000,
            "MinPriceThreshold": 500000,
            "MaxStockThreshold": 1,
            "MinStockThreshold": 1,
            "SellPricePercent": 60.0,
            "QuantityPercent": -1,
            "SpawnAttachments": [
                "CarBattery",
                "CarRadiator",
                "SparkPlug",
                "Jeep_GladiatorF9_Driver_Door_camo_green",
                "Jeep_GladiatorF9_Codriver_Door_camo_green",
                "Jeep_GladiatorF9_Cargo_Door1_camo_green",
                "Jeep_GladiatorF9_Cargo_Door2_camo_green",
                "Jeep_GladiatorF9_Trunk_camo_green",
                "Jeep_GladiatorF9_Hood_camo_green",
                "JeepGladiator_Wheel",
                "JeepGladiator_Wheel",
                "JeepGladiator_Wheel",
                "JeepGladiator_Wheel",
                "HeadlightH7",
                "HeadlightH7"
            ],
            "Variants": []
        },
        {
            "ClassName": "Jeep_GladiatorF9_BOSS_camo_red",
            "MaxPriceThreshold": 500000,
            "MinPriceThreshold": 500000,
            "MaxStockThreshold": 1,
            "MinStockThreshold": 1,
            "SellPricePercent": 60.0,
            "QuantityPercent": -1,
            "SpawnAttachments": [
                "CarBattery",
                "CarRadiator",
                "SparkPlug",
                "Jeep_GladiatorF9_Driver_Door_camo_red",
                "Jeep_GladiatorF9_Codriver_Door_camo_red",
                "Jeep_GladiatorF9_Cargo_Door1_camo_red",
                "Jeep_GladiatorF9_Cargo_Door2_camo_red",
                "Jeep_GladiatorF9_Trunk_camo_red",
                "Jeep_GladiatorF9_Hood_camo_red",
                "JeepGladiator_Wheel",
                "JeepGladiator_Wheel",
                "JeepGladiator_Wheel",
                "JeepGladiator_Wheel",
                "HeadlightH7",
                "HeadlightH7"
            ],
            "Variants": []
        },
        {
            "ClassName": "Jeep_GladiatorF9_BOSS_camo_blue",
            "MaxPriceThreshold": 500000,
            "MinPriceThreshold": 500000,
            "MaxStockThreshold": 1,
            "MinStockThreshold": 1,
            "SellPricePercent": 60.0,
            "QuantityPercent": -1,
            "SpawnAttachments": [
                "CarBattery",
                "CarRadiator",
                "SparkPlug",
                "Jeep_GladiatorF9_Driver_Door_camo_blue",
                "Jeep_GladiatorF9_Codriver_Door_camo_blue",
                "Jeep_GladiatorF9_Cargo_Door1_camo_blue",
                "Jeep_GladiatorF9_Cargo_Door2_camo_blue",
                "Jeep_GladiatorF9_Trunk_camo_blue",
                "Jeep_GladiatorF9_Hood_camo_blue",
                "JeepGladiator_Wheel",
                "JeepGladiator_Wheel",
                "JeepGladiator_Wheel",
                "JeepGladiator_Wheel",
                "HeadlightH7",
                "HeadlightH7"
            ],
            "Variants": []
        },
        {
            "ClassName": "Jeep_GladiatorF9_BOSS_camo_black",
            "MaxPriceThreshold": 500000,
            "MinPriceThreshold": 500000,
            "MaxStockThreshold": 1,
            "MinStockThreshold": 1,
            "SellPricePercent": 60.0,
            "QuantityPercent": -1,
            "SpawnAttachments": [
                "CarBattery",
                "CarRadiator",
                "SparkPlug",
                "Jeep_GladiatorF9_Driver_Door_camo_black",
                "Jeep_GladiatorF9_Codriver_Door_camo_black",
                "Jeep_GladiatorF9_Cargo_Door1_camo_black",
                "Jeep_GladiatorF9_Cargo_Door2_camo_black",
                "Jeep_GladiatorF9_Trunk_camo_black",
                "Jeep_GladiatorF9_Hood_camo_black",
                "JeepGladiator_Wheel",
                "JeepGladiator_Wheel",
                "JeepGladiator_Wheel",
                "JeepGladiator_Wheel",
                "HeadlightH7",
                "HeadlightH7"
            ],
            "Variants": []
        },
        {
            "ClassName": "DodgeRam_BOSS_Yellow",
            "MaxPriceThreshold": 500000,
            "MinPriceThreshold": 500000,
            "MaxStockThreshold": 1,
            "MinStockThreshold": 1,
            "SellPricePercent": 60.0,
            "QuantityPercent": -1,
            "SpawnAttachments": [
                "CarBattery",
                "CarRadiator",
                "SparkPlug",
                "DodgeRam_Driver_Door_Yellow",
                "DodgeRam_CoDriver_Door_Yellow",
                "DodgeRam_Trunk_Yellow",
                "DodgeRam_Cargo1_Yellow",
                "DodgeRam_Cargo2_Yellow",
                "DodgeRam_Hood_Yellow",
                "DodgeRam_Wheel",
                "DodgeRam_Wheel",
                "DodgeRam_Wheel",
                "DodgeRam_Wheel",
                "DodgeRam_Wheel",
                "DodgeRam_Wheel",
                "HeadlightH7",
                "HeadlightH7"
            ],
            "Variants": [
                "DodgeRam_BOSS_Green",
                "DodgeRam_BOSS_White",
                "DodgeRam_BOSS_Teal",
                "DodgeRam_BOSS_Black",
                "DodgeRam_BOSS_Red",
                "DodgeRam_BOSS_Blue",
                "DodgeRam_BOSS_camoblack",
                "DodgeRam_BOSS_camoblue",
                "DodgeRam_BOSS_camowhite",
                "DodgeRam_BOSS_camored",
                "DodgeRam_BOSS_camogreen",
                "DodgeRam_BOSS_camonuke"
            ]
        },
        {
            "ClassName": "DodgeRam_BOSS_Green",
            "MaxPriceThreshold": 500000,
            "MinPriceThreshold": 500000,
            "MaxStockThreshold": 1,
            "MinStockThreshold": 1,
            "SellPricePercent": 60.0,
            "QuantityPercent": -1,
            "SpawnAttachments": [
                "CarBattery",
                "CarRadiator",
                "SparkPlug",
                "DodgeRam_Driver_Door_Green",
                "DodgeRam_CoDriver_Door_Green",
                "DodgeRam_Trunk_Green",
                "DodgeRam_Cargo1_Green",
                "DodgeRam_Cargo2_Green",
                "DodgeRam_Hood_Green",
                "DodgeRam_Wheel_Green",
                "DodgeRam_Wheel_Green",
                "DodgeRam_Wheel_Green",
                "DodgeRam_Wheel_Green",
                "DodgeRam_Wheel_Green",
                "DodgeRam_Wheel_Green",
                "HeadlightH7",
                "HeadlightH7"
            ],
            "Variants": []
        },
        {
            "ClassName": "DodgeRam_BOSS_White",
            "MaxPriceThreshold": 500000,
            "MinPriceThreshold": 500000,
            "MaxStockThreshold": 1,
            "MinStockThreshold": 1,
            "SellPricePercent": 60.0,
            "QuantityPercent": -1,
            "SpawnAttachments": [
                "CarBattery",
                "CarRadiator",
                "SparkPlug",
                "DodgeRam_Driver_Door_White",
                "DodgeRam_CoDriver_Door_White",
                "DodgeRam_Trunk_White",
                "DodgeRam_Cargo1_White",
                "DodgeRam_Cargo2_White",
                "DodgeRam_Hood_White",
                "DodgeRam_Wheel_White",
                "DodgeRam_Wheel_White",
                "DodgeRam_Wheel_White",
                "DodgeRam_Wheel_White",
                "DodgeRam_Wheel_White",
                "DodgeRam_Wheel_White",
                "HeadlightH7",
                "HeadlightH7"
            ],
            "Variants": []
        },
        {
            "ClassName": "DodgeRam_BOSS_Teal",
            "MaxPriceThreshold": 500000,
            "MinPriceThreshold": 500000,
            "MaxStockThreshold": 1,
            "MinStockThreshold": 1,
            "SellPricePercent": 60.0,
            "QuantityPercent": -1,
            "SpawnAttachments": [
                "CarBattery",
                "CarRadiator",
                "SparkPlug",
                "DodgeRam_Driver_Door_Teal",
                "DodgeRam_CoDriver_Door_Teal",
                "DodgeRam_Trunk_Teal",
                "DodgeRam_Cargo1_Teal",
                "DodgeRam_Cargo2_Teal",
                "DodgeRam_Hood_Teal",
                "DodgeRam_Wheel_Teal",
                "DodgeRam_Wheel_Teal",
                "DodgeRam_Wheel_Teal",
                "DodgeRam_Wheel_Teal",
                "DodgeRam_Wheel_Teal",
                "DodgeRam_Wheel_Teal",
                "HeadlightH7",
                "HeadlightH7"
            ],
            "Variants": []
        },
        {
            "ClassName": "DodgeRam_BOSS_Black",
            "MaxPriceThreshold": 500000,
            "MinPriceThreshold": 500000,
            "MaxStockThreshold": 1,
            "MinStockThreshold": 1,
            "SellPricePercent": 60.0,
            "QuantityPercent": -1,
            "SpawnAttachments": [
                "CarBattery",
                "CarRadiator",
                "SparkPlug",
                "DodgeRam_Driver_Door_Black",
                "DodgeRam_CoDriver_Door_Black",
                "DodgeRam_Trunk_Black",
                "DodgeRam_Cargo1_Black",
                "DodgeRam_Cargo2_Black",
                "DodgeRam_Hood_Black",
                "DodgeRam_Wheel_Black",
                "DodgeRam_Wheel_Black",
                "DodgeRam_Wheel_Black",
                "DodgeRam_Wheel_Black",
                "DodgeRam_Wheel_Black",
                "DodgeRam_Wheel_Black",
                "HeadlightH7",
                "HeadlightH7"
            ],
            "Variants": []
        },
        {
            "ClassName": "DodgeRam_BOSS_Red",
            "MaxPriceThreshold": 500000,
            "MinPriceThreshold": 500000,
            "MaxStockThreshold": 1,
            "MinStockThreshold": 1,
            "SellPricePercent": 60.0,
            "QuantityPercent": -1,
            "SpawnAttachments": [
                "CarBattery",
                "CarRadiator",
                "SparkPlug",
                "DodgeRam_Driver_Door",
                "DodgeRam_CoDriver_Door",
                "DodgeRam_Trunk",
                "DodgeRam_Cargo1",
                "DodgeRam_Cargo2",
                "DodgeRam_Hood",
                "DodgeRam_Wheel",
                "DodgeRam_Wheel",
                "DodgeRam_Wheel",
                "DodgeRam_Wheel",
                "DodgeRam_Wheel",
                "DodgeRam_Wheel",
                "HeadlightH7",
                "HeadlightH7"
            ],
            "Variants": []
        },
        {
            "ClassName": "DodgeRam_BOSS_Blue",
            "MaxPriceThreshold": 500000,
            "MinPriceThreshold": 500000,
            "MaxStockThreshold": 1,
            "MinStockThreshold": 1,
            "SellPricePercent": 60.0,
            "QuantityPercent": -1,
            "SpawnAttachments": [
                "CarBattery",
                "CarRadiator",
                "SparkPlug",
                "DodgeRam_Driver_Door_Blue",
                "DodgeRam_CoDriver_Door_Blue",
                "DodgeRam_Trunk_Blue",
                "DodgeRam_Cargo1_Blue",
                "DodgeRam_Cargo2_Blue",
                "DodgeRam_Hood_Blue",
                "DodgeRam_Wheel_Blue",
                "DodgeRam_Wheel_Blue",
                "DodgeRam_Wheel_Blue",
                "DodgeRam_Wheel_Blue",
                "DodgeRam_Wheel_Blue",
                "DodgeRam_Wheel_Blue",
                "HeadlightH7",
                "HeadlightH7"
            ],
            "Variants": []
        },
        {
            "ClassName": "DodgeRam_BOSS_camoblack",
            "MaxPriceThreshold": 500000,
            "MinPriceThreshold": 500000,
            "MaxStockThreshold": 1,
            "MinStockThreshold": 1,
            "SellPricePercent": 60.0,
            "QuantityPercent": -1,
            "SpawnAttachments": [
                "CarBattery",
                "CarRadiator",
                "SparkPlug",
                "DodgeRam_Driver_Door_camoblack",
                "DodgeRam_CoDriver_Door_camoblack",
                "DodgeRam_Trunk_camoblack",
                "DodgeRam_Cargo1_camoblack",
                "DodgeRam_Cargo2_camoblack",
                "DodgeRam_Hood_camoblack",
                "DodgeRam_Wheel_Black",
                "DodgeRam_Wheel_Black",
                "DodgeRam_Wheel_Black",
                "DodgeRam_Wheel_Black",
                "DodgeRam_Wheel_Black",
                "DodgeRam_Wheel_Black",
                "HeadlightH7",
                "HeadlightH7"
            ],
            "Variants": []
        },
        {
            "ClassName": "DodgeRam_BOSS_camoblue",
            "MaxPriceThreshold": 500000,
            "MinPriceThreshold": 500000,
            "MaxStockThreshold": 1,
            "MinStockThreshold": 1,
            "SellPricePercent": 60.0,
            "QuantityPercent": -1,
            "SpawnAttachments": [
                "CarBattery",
                "CarRadiator",
                "SparkPlug",
                "DodgeRam_Driver_Door_camoblue",
                "DodgeRam_CoDriver_Door_camoblue",
                "DodgeRam_Trunk_camoblue",
                "DodgeRam_Cargo1_camoblue",
                "DodgeRam_Cargo2_camoblue",
                "DodgeRam_Hood_camoblue",
                "DodgeRam_Wheel_Blue",
                "DodgeRam_Wheel_Blue",
                "DodgeRam_Wheel_Blue",
                "DodgeRam_Wheel_Blue",
                "DodgeRam_Wheel_Blue",
                "DodgeRam_Wheel_Blue",
                "HeadlightH7",
                "HeadlightH7"
            ],
            "Variants": []
        },
        {
            "ClassName": "DodgeRam_BOSS_camowhite",
            "MaxPriceThreshold": 500000,
            "MinPriceThreshold": 500000,
            "MaxStockThreshold": 1,
            "MinStockThreshold": 1,
            "SellPricePercent": 60.0,
            "QuantityPercent": -1,
            "SpawnAttachments": [
                "CarBattery",
                "CarRadiator",
                "SparkPlug",
                "DodgeRam_Driver_Door_camowhite",
                "DodgeRam_CoDriver_Door_camowhite",
                "DodgeRam_Trunk_camowhite",
                "DodgeRam_Cargo1_camowhite",
                "DodgeRam_Cargo2_camowhite",
                "DodgeRam_Hood_camowhite",
                "DodgeRam_Wheel_White",
                "DodgeRam_Wheel_White",
                "DodgeRam_Wheel_White",
                "DodgeRam_Wheel_White",
                "DodgeRam_Wheel_White",
                "DodgeRam_Wheel_White",
                "HeadlightH7",
                "HeadlightH7"
            ],
            "Variants": []
        },
        {
            "ClassName": "DodgeRam_BOSS_camored",
            "MaxPriceThreshold": 500000,
            "MinPriceThreshold": 500000,
            "MaxStockThreshold": 1,
            "MinStockThreshold": 1,
            "SellPricePercent": 60.0,
            "QuantityPercent": -1,
            "SpawnAttachments": [
                "CarBattery",
                "CarRadiator",
                "SparkPlug",
                "DodgeRam_Driver_Door_camored",
                "DodgeRam_CoDriver_Door_camored",
                "DodgeRam_Trunk_camored",
                "DodgeRam_Cargo1_camored",
                "DodgeRam_Cargo2_camored",
                "DodgeRam_Hood_camored",
                "DodgeRam_Wheel",
                "DodgeRam_Wheel",
                "DodgeRam_Wheel",
                "DodgeRam_Wheel",
                "DodgeRam_Wheel",
                "DodgeRam_Wheel",
                "HeadlightH7",
                "HeadlightH7"
            ],
            "Variants": []
        },
        {
            "ClassName": "DodgeRam_BOSS_camogreen",
            "MaxPriceThreshold": 500000,
            "MinPriceThreshold": 500000,
            "MaxStockThreshold": 1,
            "MinStockThreshold": 1,
            "SellPricePercent": 60.0,
            "QuantityPercent": -1,
            "SpawnAttachments": [
                "CarBattery",
                "CarRadiator",
                "SparkPlug",
                "DodgeRam_Driver_Door_camogreen",
                "DodgeRam_CoDriver_Door_camogreen",
                "DodgeRam_Trunk_camogreen",
                "DodgeRam_Cargo1_camogreen",
                "DodgeRam_Cargo2_camogreen",
                "DodgeRam_Hood_camogreen",
                "DodgeRam_Wheel_Green",
                "DodgeRam_Wheel_Green",
                "DodgeRam_Wheel_Green",
                "DodgeRam_Wheel_Green",
                "DodgeRam_Wheel_Green",
                "DodgeRam_Wheel_Green",
                "HeadlightH7",
                "HeadlightH7"
            ],
            "Variants": []
        },
        {
            "ClassName": "DodgeRam_BOSS_camonuke",
            "MaxPriceThreshold": 500000,
            "MinPriceThreshold": 500000,
            "MaxStockThreshold": 1,
            "MinStockThreshold": 1,
            "SellPricePercent": 60.0,
            "QuantityPercent": -1,
            "SpawnAttachments": [
                "CarBattery",
                "CarRadiator",
                "SparkPlug",
                "DodgeRam_Driver_Door_camonuke",
                "DodgeRam_CoDriver_Door_camonuke",
                "DodgeRam_Trunk_camonuke",
                "DodgeRam_Cargo1_camonuke",
                "DodgeRam_Cargo2_camonuke",
                "DodgeRam_Hood_camonuke",
                "DodgeRam_Wheel_White",
                "DodgeRam_Wheel_White",
                "DodgeRam_Wheel_White",
                "DodgeRam_Wheel_White",
                "DodgeRam_Wheel_White",
                "DodgeRam_Wheel_White",
                "HeadlightH7",
                "HeadlightH7"
            ],
            "Variants": []
        },
        {
            "ClassName": "Tahoe_White",
            "MaxPriceThreshold": 475000,
            "MinPriceThreshold": 475000,
            "MaxStockThreshold": 1,
            "MinStockThreshold": 1,
            "SellPricePercent": 60.0,
            "QuantityPercent": -1,
            "SpawnAttachments": [
                "CarBattery",
                "CarRadiator",
                "SparkPlug",
                "Tahoe_driverdoor",
                "Tahoe_codriver",
                "Tahoe_cargo1",
                "Tahoe_cargo2",
                "Tahoe_hood",
                "Tahoe_trunk",
                "Tahoe_wheel",
                "Tahoe_wheel",
                "Tahoe_wheel",
                "Tahoe_wheel",
                "HeadlightH7",
                "HeadlightH7"
            ],
            "Variants": [
                "Tahoe_Black",
                "Tahoe_LightBlue",
                "Tahoe_Brown",
                "Tahoe_DarkBlue",
                "Tahoe_Green",
                "Tahoe_Pink",
                "Tahoe_Blue",
                "Tahoe_Red"
            ]
        },
        {
            "ClassName": "Tahoe_Black",
            "MaxPriceThreshold": 475000,
            "MinPriceThreshold": 475000,
            "MaxStockThreshold": 1,
            "MinStockThreshold": 1,
            "SellPricePercent": 60.0,
            "QuantityPercent": -1,
            "SpawnAttachments": [
                "CarBattery",
                "CarRadiator",
                "SparkPlug",
                "Tahoe_driverdoor_Black",
                "Tahoe_codriver_Black",
                "Tahoe_cargo1_Black",
                "Tahoe_cargo2_Black",
                "Tahoe_hood_Black",
                "Tahoe_trunk_Black",
                "Tahoe_wheel",
                "Tahoe_wheel",
                "Tahoe_wheel",
                "Tahoe_wheel",
                "HeadlightH7",
                "HeadlightH7"
            ],
            "Variants": []
        },
        {
            "ClassName": "Tahoe_LightBlue",
            "MaxPriceThreshold": 475000,
            "MinPriceThreshold": 475000,
            "MaxStockThreshold": 1,
            "MinStockThreshold": 1,
            "SellPricePercent": 60.0,
            "QuantityPercent": -1,
            "SpawnAttachments": [
                "CarBattery",
                "CarRadiator",
                "SparkPlug",
                "Tahoe_driverdoor_LightBlue",
                "Tahoe_codriver_LightBlue",
                "Tahoe_cargo1_LightBlue",
                "Tahoe_cargo2_LightBlue",
                "Tahoe_hood_LightBlue",
                "Tahoe_trunk_LightBlue",
                "Tahoe_wheel",
                "Tahoe_wheel",
                "Tahoe_wheel",
                "Tahoe_wheel",
                "HeadlightH7",
                "HeadlightH7"
            ],
            "Variants": []
        },
        {
            "ClassName": "Tahoe_Blue",
            "MaxPriceThreshold": 475000,
            "MinPriceThreshold": 475000,
            "MaxStockThreshold": 1,
            "MinStockThreshold": 1,
            "SellPricePercent": 60.0,
            "QuantityPercent": -1,
            "SpawnAttachments": [
                "CarBattery",
                "CarRadiator",
                "SparkPlug",
                "Tahoe_driverdoor_Blue",
                "Tahoe_codriver_Blue",
                "Tahoe_cargo1_Blue",
                "Tahoe_cargo2_Blue",
                "Tahoe_hood_Blue",
                "Tahoe_trunk_Blue",
                "Tahoe_wheel",
                "Tahoe_wheel",
                "Tahoe_wheel",
                "Tahoe_wheel",
                "HeadlightH7",
                "HeadlightH7"
            ],
            "Variants": []
        },
        {
            "ClassName": "Tahoe_Brown",
            "MaxPriceThreshold": 475000,
            "MinPriceThreshold": 475000,
            "MaxStockThreshold": 1,
            "MinStockThreshold": 1,
            "SellPricePercent": 60.0,
            "QuantityPercent": -1,
            "SpawnAttachments": [
                "CarBattery",
                "CarRadiator",
                "SparkPlug",
                "Tahoe_driverdoor_Brown",
                "Tahoe_codriver_Brown",
                "Tahoe_cargo1_Brown",
                "Tahoe_cargo2_Brown",
                "Tahoe_hood_Brown",
                "Tahoe_trunk_Brown",
                "Tahoe_wheel",
                "Tahoe_wheel",
                "Tahoe_wheel",
                "Tahoe_wheel",
                "HeadlightH7",
                "HeadlightH7"
            ],
            "Variants": []
        },
        {
            "ClassName": "Tahoe_DarkBlue",
            "MaxPriceThreshold": 475000,
            "MinPriceThreshold": 475000,
            "MaxStockThreshold": 1,
            "MinStockThreshold": 1,
            "SellPricePercent": 60.0,
            "QuantityPercent": -1,
            "SpawnAttachments": [
                "CarBattery",
                "CarRadiator",
                "SparkPlug",
                "Tahoe_driverdoor_DarkBlue",
                "Tahoe_codriver_DarkBlue",
                "Tahoe_cargo1_DarkBlue",
                "Tahoe_cargo2_DarkBlue",
                "Tahoe_hood_DarkBlue",
                "Tahoe_trunk_DarkBlue",
                "Tahoe_wheel",
                "Tahoe_wheel",
                "Tahoe_wheel",
                "Tahoe_wheel",
                "HeadlightH7",
                "HeadlightH7"
            ],
            "Variants": []
        },
        {
            "ClassName": "Tahoe_Green",
            "MaxPriceThreshold": 475000,
            "MinPriceThreshold": 475000,
            "MaxStockThreshold": 1,
            "MinStockThreshold": 1,
            "SellPricePercent": 60.0,
            "QuantityPercent": -1,
            "SpawnAttachments": [
                "CarBattery",
                "CarRadiator",
                "SparkPlug",
                "Tahoe_driverdoor_Green",
                "Tahoe_codriver_Green",
                "Tahoe_cargo1_Green",
                "Tahoe_cargo2_Green",
                "Tahoe_hood_Green",
                "Tahoe_trunk_Green",
                "Tahoe_wheel",
                "Tahoe_wheel",
                "Tahoe_wheel",
                "Tahoe_wheel",
                "HeadlightH7",
                "HeadlightH7"
            ],
            "Variants": []
        },
        {
            "ClassName": "Tahoe_Pink",
            "MaxPriceThreshold": 475000,
            "MinPriceThreshold": 475000,
            "MaxStockThreshold": 1,
            "MinStockThreshold": 1,
            "SellPricePercent": 60.0,
            "QuantityPercent": -1,
            "SpawnAttachments": [
                "CarBattery",
                "CarRadiator",
                "SparkPlug",
                "Tahoe_driverdoor_Pink",
                "Tahoe_codriver_Pink",
                "Tahoe_cargo1_Pink",
                "Tahoe_cargo2_Pink",
                "Tahoe_hood_Pink",
                "Tahoe_trunk_Pink",
                "Tahoe_wheel",
                "Tahoe_wheel",
                "Tahoe_wheel",
                "Tahoe_wheel",
                "HeadlightH7",
                "HeadlightH7"
            ],
            "Variants": []
        },
        {
            "ClassName": "Tahoe_Red",
            "MaxPriceThreshold": 475000,
            "MinPriceThreshold": 475000,
            "MaxStockThreshold": 1,
            "MinStockThreshold": 1,
            "SellPricePercent": 60.0,
            "QuantityPercent": -1,
            "SpawnAttachments": [
                "CarBattery",
                "CarRadiator",
                "SparkPlug",
                "Tahoe_driverdoor_Red",
                "Tahoe_codriver_Red",
                "Tahoe_cargo1_Red",
                "Tahoe_cargo2_Red",
                "Tahoe_hood_Red",
                "Tahoe_trunk_Red",
                "Tahoe_wheel",
                "Tahoe_wheel",
                "Tahoe_wheel",
                "Tahoe_wheel",
                "HeadlightH7",
                "HeadlightH7"
            ],
            "Variants": []
        },
        {
            "ClassName": "ToyotaRunner_Black",
            "MaxPriceThreshold": 375000,
            "MinPriceThreshold": 375000,
            "MaxStockThreshold": 1,
            "MinStockThreshold": 1,
            "SellPricePercent": 60.0,
            "QuantityPercent": -1,
            "SpawnAttachments": [
                "CarBattery",
                "CarRadiator",
                "SparkPlug",
                "Runner_DriverDoor",
                "Runner_CoDriver_Door",
                "Runner_Cargo1",
                "Runner_Cargo2",
                "Runner_Hood",
                "Runner_Trunk",
                "Runner_Wheel",
                "Runner_Wheel",
                "Runner_Wheel",
                "Runner_Wheel",
                "Runner_Wheel",
                "HeadlightH7",
                "HeadlightH7"
            ],
            "Variants": [
                "ToyotaRunner_camoblack",
                "ToyotaRunner_camowhite",
                "ToyotaRunner_camogreen",
                "ToyotaRunner_white",
                "ToyotaRunner_red",
                "ToyotaRunner_blue",
                "ToyotaRunner_camored",
                "ToyotaRunner_camopink",
                "ToyotaRunner_pink",
                "ToyotaRunner_yellow",
                "ToyotaRunner_camoblue",
                "ToyotaRunner_camopurple",
                "ToyotaRunner_BOSS"
            ]
        },
        {
            "ClassName": "ToyotaRunner_camoblack",
            "MaxPriceThreshold": 375000,
            "MinPriceThreshold": 375000,
            "MaxStockThreshold": 1,
            "MinStockThreshold": 1,
            "SellPricePercent": 60.0,
            "QuantityPercent": -1,
            "SpawnAttachments": [
                "CarBattery",
                "CarRadiator",
                "SparkPlug",
                "Runner_DriverDoor_camoblack",
                "Runner_CoDriver_Door_camoblack",
                "Runner_Cargo1_camoblack",
                "Runner_Cargo2_camoblack",
                "Runner_Hood_camoblack",
                "Runner_Trunk_camoblack",
                "Runner_Wheel",
                "Runner_Wheel",
                "Runner_Wheel",
                "Runner_Wheel",
                "Runner_Wheel",
                "HeadlightH7",
                "HeadlightH7"
            ],
            "Variants": []
        },
        {
            "ClassName": "ToyotaRunner_camowhite",
            "MaxPriceThreshold": 375000,
            "MinPriceThreshold": 375000,
            "MaxStockThreshold": 1,
            "MinStockThreshold": 1,
            "SellPricePercent": 60.0,
            "QuantityPercent": -1,
            "SpawnAttachments": [
                "CarBattery",
                "CarRadiator",
                "SparkPlug",
                "Runner_DriverDoor_camowhite",
                "Runner_CoDriver_Door_camowhite",
                "Runner_Cargo1_camowhite",
                "Runner_Cargo2_camowhite",
                "Runner_Hood_camowhite",
                "Runner_Trunk_camowhite",
                "Runner_Wheel",
                "Runner_Wheel",
                "Runner_Wheel",
                "Runner_Wheel",
                "Runner_Wheel",
                "HeadlightH7",
                "HeadlightH7"
            ],
            "Variants": []
        },
        {
            "ClassName": "ToyotaRunner_camogreen",
            "MaxPriceThreshold": 375000,
            "MinPriceThreshold": 375000,
            "MaxStockThreshold": 1,
            "MinStockThreshold": 1,
            "SellPricePercent": 60.0,
            "QuantityPercent": -1,
            "SpawnAttachments": [
                "CarBattery",
                "CarRadiator",
                "SparkPlug",
                "Runner_DriverDoor_camogreen",
                "Runner_CoDriver_Door_camogreen",
                "Runner_Cargo1_camogreen",
                "Runner_Cargo2_camogreen",
                "Runner_Hood_camogreen",
                "Runner_Trunk_camogreen",
                "Runner_Wheel",
                "Runner_Wheel",
                "Runner_Wheel",
                "Runner_Wheel",
                "Runner_Wheel",
                "HeadlightH7",
                "HeadlightH7"
            ],
            "Variants": []
        },
        {
            "ClassName": "ToyotaRunner_white",
            "MaxPriceThreshold": 375000,
            "MinPriceThreshold": 375000,
            "MaxStockThreshold": 1,
            "MinStockThreshold": 1,
            "SellPricePercent": 60.0,
            "QuantityPercent": -1,
            "SpawnAttachments": [
                "CarBattery",
                "CarRadiator",
                "SparkPlug",
                "Runner_DriverDoor_white",
                "Runner_CoDriver_Door_white",
                "Runner_Cargo1_white",
                "Runner_Cargo2_white",
                "Runner_Hood_white",
                "Runner_Trunk_white",
                "Runner_Wheel",
                "Runner_Wheel",
                "Runner_Wheel",
                "Runner_Wheel",
                "Runner_Wheel",
                "HeadlightH7",
                "HeadlightH7"
            ],
            "Variants": []
        },
        {
            "ClassName": "ToyotaRunner_red",
            "MaxPriceThreshold": 375000,
            "MinPriceThreshold": 375000,
            "MaxStockThreshold": 1,
            "MinStockThreshold": 1,
            "SellPricePercent": 60.0,
            "QuantityPercent": -1,
            "SpawnAttachments": [
                "CarBattery",
                "CarRadiator",
                "SparkPlug",
                "Runner_DriverDoor_red",
                "Runner_CoDriver_Door_red",
                "Runner_Cargo1_red",
                "Runner_Cargo2_red",
                "Runner_Hood_red",
                "Runner_Trunk_red",
                "Runner_Wheel",
                "Runner_Wheel",
                "Runner_Wheel",
                "Runner_Wheel",
                "Runner_Wheel",
                "HeadlightH7",
                "HeadlightH7"
            ],
            "Variants": []
        },
        {
            "ClassName": "ToyotaRunner_blue",
            "MaxPriceThreshold": 375000,
            "MinPriceThreshold": 375000,
            "MaxStockThreshold": 1,
            "MinStockThreshold": 1,
            "SellPricePercent": 60.0,
            "QuantityPercent": -1,
            "SpawnAttachments": [
                "CarBattery",
                "CarRadiator",
                "SparkPlug",
                "Runner_DriverDoor_blue",
                "Runner_CoDriver_Door_blue",
                "Runner_Cargo1_blue",
                "Runner_Cargo2_blue",
                "Runner_Hood_blue",
                "Runner_Trunk_blue",
                "Runner_Wheel",
                "Runner_Wheel",
                "Runner_Wheel",
                "Runner_Wheel",
                "Runner_Wheel",
                "HeadlightH7",
                "HeadlightH7"
            ],
            "Variants": []
        },
        {
            "ClassName": "ToyotaRunner_camored",
            "MaxPriceThreshold": 375000,
            "MinPriceThreshold": 375000,
            "MaxStockThreshold": 1,
            "MinStockThreshold": 1,
            "SellPricePercent": 60.0,
            "QuantityPercent": -1,
            "SpawnAttachments": [
                "CarBattery",
                "CarRadiator",
                "SparkPlug",
                "Runner_DriverDoor_camored",
                "Runner_CoDriver_Door_camored",
                "Runner_Cargo1_camored",
                "Runner_Cargo2_camored",
                "Runner_Hood_camored",
                "Runner_Trunk_camored",
                "Runner_Wheel",
                "Runner_Wheel",
                "Runner_Wheel",
                "Runner_Wheel",
                "Runner_Wheel",
                "HeadlightH7",
                "HeadlightH7"
            ],
            "Variants": []
        },
        {
            "ClassName": "ToyotaRunner_camopink",
            "MaxPriceThreshold": 375000,
            "MinPriceThreshold": 375000,
            "MaxStockThreshold": 1,
            "MinStockThreshold": 1,
            "SellPricePercent": 60.0,
            "QuantityPercent": -1,
            "SpawnAttachments": [
                "CarBattery",
                "CarRadiator",
                "SparkPlug",
                "Runner_DriverDoor_camopink",
                "Runner_CoDriver_Door_camopink",
                "Runner_Cargo1_camopink",
                "Runner_Cargo2_camopink",
                "Runner_Hood_camopink",
                "Runner_Trunk_camopink",
                "Runner_Wheel",
                "Runner_Wheel",
                "Runner_Wheel",
                "Runner_Wheel",
                "Runner_Wheel",
                "HeadlightH7",
                "HeadlightH7"
            ],
            "Variants": []
        },
        {
            "ClassName": "ToyotaRunner_pink",
            "MaxPriceThreshold": 375000,
            "MinPriceThreshold": 375000,
            "MaxStockThreshold": 1,
            "MinStockThreshold": 1,
            "SellPricePercent": 60.0,
            "QuantityPercent": -1,
            "SpawnAttachments": [
                "CarBattery",
                "CarRadiator",
                "SparkPlug",
                "Runner_DriverDoor_pink",
                "Runner_CoDriver_Door_pink",
                "Runner_Cargo1_pink",
                "Runner_Cargo2_pink",
                "Runner_Hood_pink",
                "Runner_Wheel",
                "Runner_Wheel",
                "Runner_Wheel",
                "Runner_Wheel",
                "Runner_Wheel",
                "HeadlightH7",
                "HeadlightH7"
            ],
            "Variants": []
        },
        {
            "ClassName": "ToyotaRunner_yellow",
            "MaxPriceThreshold": 375000,
            "MinPriceThreshold": 375000,
            "MaxStockThreshold": 1,
            "MinStockThreshold": 1,
            "SellPricePercent": 60.0,
            "QuantityPercent": -1,
            "SpawnAttachments": [
                "CarBattery",
                "CarRadiator",
                "SparkPlug",
                "Runner_DriverDoor_yellow",
                "Runner_CoDriver_Door_yellow",
                "Runner_Cargo1_yellow",
                "Runner_Cargo2_yellow",
                "Runner_Hood_yellow",
                "Runner_Trunk_yellow",
                "Runner_Wheel",
                "Runner_Wheel",
                "Runner_Wheel",
                "Runner_Wheel",
                "Runner_Wheel",
                "HeadlightH7",
                "HeadlightH7"
            ],
            "Variants": []
        },
        {
            "ClassName": "ToyotaRunner_camoblue",
            "MaxPriceThreshold": 375000,
            "MinPriceThreshold": 375000,
            "MaxStockThreshold": 1,
            "MinStockThreshold": 1,
            "SellPricePercent": 60.0,
            "QuantityPercent": -1,
            "SpawnAttachments": [
                "CarBattery",
                "CarRadiator",
                "SparkPlug",
                "Runner_DriverDoor_camoblue",
                "Runner_CoDriver_Door_camoblue",
                "Runner_Cargo1_camoblue",
                "Runner_Cargo2_camoblue",
                "Runner_Hood_camoblue",
                "Runner_Trunk_camoblue",
                "Runner_Wheel",
                "Runner_Wheel",
                "Runner_Wheel",
                "Runner_Wheel",
                "Runner_Wheel",
                "HeadlightH7",
                "HeadlightH7"
            ],
            "Variants": []
        },
        {
            "ClassName": "ToyotaRunner_camopurple",
            "MaxPriceThreshold": 375000,
            "MinPriceThreshold": 375000,
            "MaxStockThreshold": 1,
            "MinStockThreshold": 1,
            "SellPricePercent": 60.0,
            "QuantityPercent": -1,
            "SpawnAttachments": [
                "CarBattery",
                "CarRadiator",
                "SparkPlug",
                "Runner_DriverDoor_camopurple",
                "Runner_CoDriver_Door_camopurple",
                "Runner_Cargo1_camopurple",
                "Runner_Cargo2_camopurple",
                "Runner_Hood_camopurple",
                "Runner_Trunk_camopurple",
                "Runner_Wheel",
                "Runner_Wheel",
                "Runner_Wheel",
                "Runner_Wheel",
                "Runner_Wheel",
                "HeadlightH7",
                "HeadlightH7"
            ],
            "Variants": []
        },
        {
            "ClassName": "ToyotaRunner_BOSS",
            "MaxPriceThreshold": 375000,
            "MinPriceThreshold": 375000,
            "MaxStockThreshold": 1,
            "MinStockThreshold": 1,
            "SellPricePercent": 60.0,
            "QuantityPercent": -1,
            "SpawnAttachments": [
                "CarBattery",
                "CarRadiator",
                "SparkPlug",
                "Runner_DriverDoor_BOSS",
                "Runner_CoDriver_Door_BOSS",
                "Runner_Cargo1_BOSS",
                "Runner_Cargo2_BOSS",
                "Runner_Hood_BOSS",
                "Runner_Trunk_BOSS",
                "Runner_Wheel",
                "Runner_Wheel",
                "Runner_Wheel",
                "Runner_Wheel",
                "Runner_Wheel",
                "HeadlightH7",
                "HeadlightH7"
            ],
            "Variants": []
        },
        {
            "ClassName": "rag_landrover_110",
            "MaxPriceThreshold": 275000,
            "MinPriceThreshold": 275000,
            "MaxStockThreshold": 1,
            "MinStockThreshold": 1,
            "SellPricePercent": 60.0,
            "QuantityPercent": -1,
            "SpawnAttachments": [
                "CarBattery",
                "CarRadiator",
                "SparkPlug",
                "rag_landrover_110_driverdoor",
                "rag_landrover_110_codriverdoor",
                "rag_landrover_110_hood",
                "rag_landrover_110_cargo1",
                "rag_landrover_110_cargo2",
                "rag_landrover_110_cargo3",
                "rag_landrover_110_wheel",
                "rag_landrover_110_wheel",
                "rag_landrover_110_wheel",
                "rag_landrover_110_wheel",
                "rag_landrover_110_wheel",
                "HeadlightH7",
                "HeadlightH7"
            ],
            "Variants": [
                "rag_landrover_110_olive",
                "rag_landrover_110_grey",
                "rag_landrover_110_red",
                "rag_landrover_110_un",
                "rag_landrover_110_black",
                "rag_landrover_110_pink"
            ]
        },
        {
            "ClassName": "rag_landrover_110_olive",
            "MaxPriceThreshold": 275000,
            "MinPriceThreshold": 275000,
            "MaxStockThreshold": 1,
            "MinStockThreshold": 1,
            "SellPricePercent": 60.0,
            "QuantityPercent": -1,
            "SpawnAttachments": [
                "CarBattery",
                "CarRadiator",
                "SparkPlug",
                "rag_landrover_110_driverdoor_olive",
                "rag_landrover_110_codriverdoor_olive",
                "rag_landrover_110_hood_olive",
                "rag_landrover_110_cargo1_olive",
                "rag_landrover_110_cargo2_olive",
                "rag_landrover_110_cargo3_olive",
                "rag_landrover_110_wheel_olive",
                "rag_landrover_110_wheel_olive",
                "rag_landrover_110_wheel_olive",
                "rag_landrover_110_wheel_olive",
                "rag_landrover_110_wheel_olive",
                "HeadlightH7",
                "HeadlightH7"
            ],
            "Variants": []
        },
        {
            "ClassName": "rag_landrover_110_grey",
            "MaxPriceThreshold": 275000,
            "MinPriceThreshold": 275000,
            "MaxStockThreshold": 1,
            "MinStockThreshold": 1,
            "SellPricePercent": 60.0,
            "QuantityPercent": -1,
            "SpawnAttachments": [
                "CarBattery",
                "CarRadiator",
                "SparkPlug",
                "rag_landrover_110_driverdoor_grey",
                "rag_landrover_110_codriverdoor_grey",
                "rag_landrover_110_hood_grey",
                "rag_landrover_110_cargo1_grey",
                "rag_landrover_110_cargo2_grey",
                "rag_landrover_110_cargo3_grey",
                "rag_landrover_110_wheel_grey",
                "rag_landrover_110_wheel_grey",
                "rag_landrover_110_wheel_grey",
                "rag_landrover_110_wheel_grey",
                "rag_landrover_110_wheel_grey",
                "HeadlightH7",
                "HeadlightH7"
            ],
            "Variants": []
        },
        {
            "ClassName": "rag_landrover_110_red",
            "MaxPriceThreshold": 275000,
            "MinPriceThreshold": 275000,
            "MaxStockThreshold": 1,
            "MinStockThreshold": 1,
            "SellPricePercent": 60.0,
            "QuantityPercent": -1,
            "SpawnAttachments": [
                "CarBattery",
                "CarRadiator",
                "SparkPlug",
                "rag_landrover_110_driverdoor_red",
                "rag_landrover_110_codriverdoor_red",
                "rag_landrover_110_hood_red",
                "rag_landrover_110_cargo1_red",
                "rag_landrover_110_cargo2_red",
                "rag_landrover_110_cargo3_red",
                "rag_landrover_110_wheel_red",
                "rag_landrover_110_wheel_red",
                "rag_landrover_110_wheel_red",
                "rag_landrover_110_wheel_red",
                "rag_landrover_110_wheel_red",
                "HeadlightH7",
                "HeadlightH7"
            ],
            "Variants": []
        },
        {
            "ClassName": "rag_landrover_110_un",
            "MaxPriceThreshold": 275000,
            "MinPriceThreshold": 275000,
            "MaxStockThreshold": 1,
            "MinStockThreshold": 1,
            "SellPricePercent": 60.0,
            "QuantityPercent": -1,
            "SpawnAttachments": [
                "CarBattery",
                "CarRadiator",
                "SparkPlug",
                "rag_landrover_110_driverdoor_un",
                "rag_landrover_110_codriverdoor_un",
                "rag_landrover_110_hood_un",
                "rag_landrover_110_cargo1_un",
                "rag_landrover_110_cargo2_un",
                "rag_landrover_110_cargo3_un",
                "rag_landrover_110_wheel_un",
                "rag_landrover_110_wheel_un",
                "rag_landrover_110_wheel_un",
                "rag_landrover_110_wheel_un",
                "rag_landrover_110_wheel_un",
                "HeadlightH7",
                "HeadlightH7"
            ],
            "Variants": []
        },
        {
            "ClassName": "rag_landrover_110_black",
            "MaxPriceThreshold": 275000,
            "MinPriceThreshold": 275000,
            "MaxStockThreshold": 1,
            "MinStockThreshold": 1,
            "SellPricePercent": 60.0,
            "QuantityPercent": -1,
            "SpawnAttachments": [
                "CarBattery",
                "CarRadiator",
                "SparkPlug",
                "rag_landrover_110_driverdoor_black",
                "rag_landrover_110_codriverdoor_black",
                "rag_landrover_110_hood_black",
                "rag_landrover_110_cargo1_black",
                "rag_landrover_110_cargo2_black",
                "rag_landrover_110_cargo3_black",
                "rag_landrover_110_wheel_black",
                "rag_landrover_110_wheel_black",
                "rag_landrover_110_wheel_black",
                "rag_landrover_110_wheel_black",
                "rag_landrover_110_wheel_black",
                "HeadlightH7",
                "HeadlightH7"
            ],
            "Variants": []
        },
        {
            "ClassName": "rag_landrover_110_pink",
            "MaxPriceThreshold": 275000,
            "MinPriceThreshold": 275000,
            "MaxStockThreshold": 1,
            "MinStockThreshold": 1,
            "SellPricePercent": 60.0,
            "QuantityPercent": -1,
            "SpawnAttachments": [
                "CarBattery",
                "CarRadiator",
                "SparkPlug",
                "rag_landrover_110_driverdoor_pink",
                "rag_landrover_110_codriverdoor_pink",
                "rag_landrover_110_hood_pink",
                "rag_landrover_110_cargo1_pink",
                "rag_landrover_110_cargo2_pink",
                "rag_landrover_110_cargo3_pink",
                "rag_landrover_110_wheel_pink",
                "rag_landrover_110_wheel_pink",
                "rag_landrover_110_wheel_pink",
                "rag_landrover_110_wheel_pink",
                "rag_landrover_110_wheel_pink",
                "HeadlightH7",
                "HeadlightH7"
            ],
            "Variants": []
        },
        {
            "ClassName": "Ford_Bronco_White",
            "MaxPriceThreshold": 80000,
            "MinPriceThreshold": 80000,
            "MaxStockThreshold": 1,
            "MinStockThreshold": 1,
            "SellPricePercent": 60.0,
            "QuantityPercent": -1,
            "SpawnAttachments": [
                "CarBattery",
                "CarRadiator",
                "SparkPlug",
                "Bronco_Driverdoor",
                "Bronco_Codriverdoor",
                "Bronco_Hood",
                "Bronco_Trunk",
                "bronco_wheel",
                "bronco_wheel",
                "bronco_wheel",
                "bronco_wheel",
                "bronco_wheel",
                "HeadlightH7",
                "HeadlightH7"
            ],
            "Variants": [
                "Ford_Bronco_Black",
                "Ford_Bronco_Hunter",
                "Ford_Bronco_Rust"
            ]
        },
        {
            "ClassName": "Ford_Bronco_Black",
            "MaxPriceThreshold": 80000,
            "MinPriceThreshold": 80000,
            "MaxStockThreshold": 1,
            "MinStockThreshold": 1,
            "SellPricePercent": 60.0,
            "QuantityPercent": -1,
            "SpawnAttachments": [
                "CarBattery",
                "CarRadiator",
                "SparkPlug",
                "Bronco_Driverdoor_Black",
                "Bronco_Codriverdoor_Black",
                "Bronco_Hood_Black",
                "Bronco_Trunk_Black",
                "bronco_wheel",
                "bronco_wheel",
                "bronco_wheel",
                "bronco_wheel",
                "bronco_wheel",
                "HeadlightH7",
                "HeadlightH7"
            ],
            "Variants": []
        },
        {
            "ClassName": "Ford_Bronco_Hunter",
            "MaxPriceThreshold": 80000,
            "MinPriceThreshold": 80000,
            "MaxStockThreshold": 1,
            "MinStockThreshold": 1,
            "SellPricePercent": 60.0,
            "QuantityPercent": -1,
            "SpawnAttachments": [
                "CarBattery",
                "CarRadiator",
                "SparkPlug",
                "Bronco_Driverdoor_Hunter",
                "Bronco_Codriverdoor_Hunter",
                "Bronco_Hood_Hunter",
                "Bronco_Trunk_Hunter",
                "bronco_wheel",
                "bronco_wheel",
                "bronco_wheel",
                "bronco_wheel",
                "bronco_wheel",
                "HeadlightH7",
                "HeadlightH7"
            ],
            "Variants": []
        },
        {
            "ClassName": "Ford_Bronco_Rust",
            "MaxPriceThreshold": 80000,
            "MinPriceThreshold": 80000,
            "MaxStockThreshold": 1,
            "MinStockThreshold": 1,
            "SellPricePercent": 60.0,
            "QuantityPercent": -1,
            "SpawnAttachments": [
                "CarBattery",
                "CarRadiator",
                "SparkPlug",
                "Bronco_Driverdoor_Rust",
                "Bronco_Codriverdoor_Rust",
                "Bronco_Hood_Rust",
                "Bronco_Trunk_Rust",
                "bronco_wheel",
                "bronco_wheel",
                "bronco_wheel",
                "bronco_wheel",
                "bronco_wheel",
                "HeadlightH7",
                "HeadlightH7"
            ],
            "Variants": []
        },
        {
            "ClassName": "rag_jeep_willys",
            "MaxPriceThreshold": 65000,
            "MinPriceThreshold": 65000,
            "MaxStockThreshold": 1,
            "MinStockThreshold": 1,
            "SellPricePercent": 60.0,
            "QuantityPercent": -1,
            "SpawnAttachments": [
                "CarBattery",
                "CarRadiator",
                "SparkPlug",
                "rag_willy_hood",
                "rag_willy_wheel",
                "rag_willy_wheel",
                "rag_willy_wheel",
                "rag_willy_wheel",
                "rag_willy_wheel",
                "HeadlightH7",
                "HeadlightH7"
            ],
            "Variants": []
        },
        {
            "ClassName": "GMC_BOSS_Red",
            "MaxPriceThreshold": 110000,
            "MinPriceThreshold": 110000,
            "MaxStockThreshold": 1,
            "MinStockThreshold": 1,
            "SellPricePercent": 60.0,
            "QuantityPercent": -1,
            "SpawnAttachments": [
                "CarBattery",
                "CarRadiator",
                "SparkPlug",
                "GMC_driverdoor",
                "GMC_Codrvier",
                "GMC_Cargo1",
                "GMC_Cargo2",
                "GMC_Hood",
                "GMC_Trunk_1",
                "GMC_Trunk_2",
                "GMC_Wheel",
                "GMC_Wheel",
                "GMC_Wheel",
                "GMC_Wheel",
                "HeadlightH7",
                "HeadlightH7"
            ],
            "Variants": [
                "GMC_BOSS_Black",
                "GMC_BOSS_White",
                "GMC_BOSS_Blue"
            ]
        },
        {
            "ClassName": "GMC_BOSS_Black",
            "MaxPriceThreshold": 110000,
            "MinPriceThreshold": 110000,
            "MaxStockThreshold": 1,
            "MinStockThreshold": 1,
            "SellPricePercent": 60.0,
            "QuantityPercent": -1,
            "SpawnAttachments": [
                "CarBattery",
                "CarRadiator",
                "SparkPlug",
                "GMC_driverdoor_Black",
                "GMC_Codrvier_Black",
                "GMC_Cargo1_Black",
                "GMC_Cargo2_Black",
                "GMC_Hood_Black",
                "GMC_Trunk_1_Black",
                "GMC_Trunk_2_Black",
                "GMC_Wheel",
                "GMC_Wheel",
                "GMC_Wheel",
                "GMC_Wheel",
                "HeadlightH7",
                "HeadlightH7"
            ],
            "Variants": []
        },
        {
            "ClassName": "GMC_BOSS_White",
            "MaxPriceThreshold": 110000,
            "MinPriceThreshold": 110000,
            "MaxStockThreshold": 1,
            "MinStockThreshold": 1,
            "SellPricePercent": 60.0,
            "QuantityPercent": -1,
            "SpawnAttachments": [
                "CarBattery",
                "CarRadiator",
                "SparkPlug",
                "GMC_driverdoor_White",
                "GMC_Codrvier_White",
                "GMC_Cargo1_White",
                "GMC_Cargo2_White",
                "GMC_Hood_White",
                "GMC_Trunk_1_White",
                "GMC_Trunk_2_White",
                "GMC_Wheel",
                "GMC_Wheel",
                "GMC_Wheel",
                "GMC_Wheel",
                "HeadlightH7",
                "HeadlightH7"
            ],
            "Variants": []
        },
        {
            "ClassName": "GMC_BOSS_Blue",
            "MaxPriceThreshold": 110000,
            "MinPriceThreshold": 110000,
            "MaxStockThreshold": 1,
            "MinStockThreshold": 1,
            "SellPricePercent": 60.0,
            "QuantityPercent": -1,
            "SpawnAttachments": [
                "CarBattery",
                "CarRadiator",
                "SparkPlug",
                "GMC_driverdoor_Blue",
                "GMC_Codrvier_Blue",
                "GMC_Cargo1_Blue",
                "GMC_Cargo2_Blue",
                "GMC_Hood_Blue",
                "GMC_Trunk_1_Blue",
                "GMC_Trunk_2_Blue",
                "GMC_Wheel",
                "GMC_Wheel",
                "GMC_Wheel",
                "GMC_Wheel",
                "HeadlightH7",
                "HeadlightH7"
            ],
            "Variants": []
        },
        {
            "ClassName": "FC_Uaz_Pickup_Black",
            "MaxPriceThreshold": 110000,
            "MinPriceThreshold": 110000,
            "MaxStockThreshold": 1,
            "MinStockThreshold": 1,
            "SellPricePercent": 60.0,
            "QuantityPercent": -1,
            "SpawnAttachments": [
                "CarBattery",
                "CarRadiator",
                "SparkPlug",
                "FC_Uaz_Pickup_Door_Driver_Black",
                "FC_Uaz_Pickup_Door_CoDriver_Black",
                "FC_Uaz_Pickup_Door_Cargo1_Black",
                "FC_Uaz_Pickup_Door_Cargo2_Black",
                "FC_Uaz_Pickup_Door_Hood_Black",
                "FC_Uaz_Pickup_Door_Trunk_Black",
                "FC_Uaz_Pickup_Wheel",
                "FC_Uaz_Pickup_Wheel",
                "FC_Uaz_Pickup_Wheel",
                "FC_Uaz_Pickup_Wheel",
                "FC_Uaz_Pickup_Wheel",
                "HeadlightH7",
                "HeadlightH7"
            ],
            "Variants": [
                "FC_Uaz_Pickup_Green",
                "FC_Uaz_Pickup_Pink"
            ]
        },
        {
            "ClassName": "FC_Uaz_Pickup_Green",
            "MaxPriceThreshold": 110000,
            "MinPriceThreshold": 110000,
            "MaxStockThreshold": 1,
            "MinStockThreshold": 1,
            "SellPricePercent": 60.0,
            "QuantityPercent": -1,
            "SpawnAttachments": [
                "CarBattery",
                "CarRadiator",
                "SparkPlug",
                "FC_Uaz_Pickup_Door_Driver_Green",
                "FC_Uaz_Pickup_Door_CoDriver_Green",
                "FC_Uaz_Pickup_Door_Cargo1_Green",
                "FC_Uaz_Pickup_Door_Cargo2_Green",
                "FC_Uaz_Pickup_Door_Hood_Green",
                "FC_Uaz_Pickup_Door_Trunk_Green",
                "FC_Uaz_Pickup_Wheel",
                "FC_Uaz_Pickup_Wheel",
                "FC_Uaz_Pickup_Wheel",
                "FC_Uaz_Pickup_Wheel",
                "FC_Uaz_Pickup_Wheel",
                "HeadlightH7",
                "HeadlightH7"
            ],
            "Variants": []
        },
        {
            "ClassName": "FC_Uaz_Pickup_Pink",
            "MaxPriceThreshold": 110000,
            "MinPriceThreshold": 110000,
            "MaxStockThreshold": 1,
            "MinStockThreshold": 1,
            "SellPricePercent": 60.0,
            "QuantityPercent": -1,
            "SpawnAttachments": [
                "CarBattery",
                "CarRadiator",
                "SparkPlug",
                "FC_Uaz_Pickup_Door_Driver_Red",
                "FC_Uaz_Pickup_Door_CoDriver_Red",
                "FC_Uaz_Pickup_Door_Cargo1_Red",
                "FC_Uaz_Pickup_Door_Cargo2_Red",
                "FC_Uaz_Pickup_Door_Hood_Red",
                "FC_Uaz_Pickup_Door_Trunk_Red",
                "FC_Uaz_Pickup_Wheel",
                "FC_Uaz_Pickup_Wheel",
                "FC_Uaz_Pickup_Wheel",
                "FC_Uaz_Pickup_Wheel",
                "FC_Uaz_Pickup_Wheel",
                "HeadlightH7",
                "HeadlightH7"
            ],
            "Variants": []
        }
    ]
}