{
    "ConfigVersion": 6,
    "ID": 3,
    "ClassName": "ExpansionQuestNPCAIPeter",
    "Position": [
        1269.212646, 150.552689, 6294.979492
    ],
    "Orientation": [
        175.0,
        0.0,
        0.0
    ],
    "NPCName": "Михайло",
    "DefaultNPCText": "Привіт!",
    "Waypoints": [
        [
            1269.212646, 150.552689, 6294.979492
        ]
    ],
    "NPCEmoteID": 46,
    "NPCEmoteIsStatic": 0,
    "NPCLoadoutFile": "QuestBearLoadout",
    "NPCInteractionEmoteID": 1,
    "NPCQuestCancelEmoteID": 60,
    "NPCQuestStartEmoteID": 58,
    "NPCQuestCompleteEmoteID": 39,
    "NPCFaction": "InvincibleObservers",
    "NPCType": 2,
    "Active": 1
}


