{
    "m_Version": 12,
    "DisplayName": "#STR_EXPANSION_MARKET_CATEGORY_GHILLIES",
    "Icon": "Deliver",
    "Color": "FBFCFEFF",
    "IsExchange": 0,
    "InitStockPercent": 75.0,
    "Items": [
        {
            "ClassName": "ghilliehood_tan",
            "MaxPriceThreshold": 5265,
            "MinPriceThreshold": 3160,
            "SellPricePercent": -1.0,
            "MaxStockThreshold": 100,
            "MinStockThreshold": 1,
            "QuantityPercent": -1,
            "SpawnAttachments": [],
            "Variants": [
                "ghilliehood_woodland",
                "ghilliehood_mossy",
                "ghilliehood_winter"
            ]
        },
        {
            "ClassName": "ghilliebushrag_tan",
            "MaxPriceThreshold": 5265,
            "MinPriceThreshold": 3160,
            "SellPricePercent": -1.0,
            "MaxStockThreshold": 100,
            "MinStockThreshold": 1,
            "QuantityPercent": -1,
            "SpawnAttachments": [],
            "Variants": [
                "ghilliebushrag_woodland",
                "ghilliebushrag_mossy",
                "ghilliebushrag_winter"
            ]
        },
        {
            "ClassName": "ghillietop_tan",
            "MaxPriceThreshold": 5265,
            "MinPriceThreshold": 3160,
            "SellPricePercent": -1.0,
            "MaxStockThreshold": 100,
            "MinStockThreshold": 1,
            "QuantityPercent": -1,
            "SpawnAttachments": [],
            "Variants": [
                "ghillietop_woodland",
                "ghillietop_mossy",
                "ghillietop_winter"
            ]
        },
        {
            "ClassName": "ghilliesuit_tan",
            "MaxPriceThreshold": 5265,
            "MinPriceThreshold": 3160,
            "SellPricePercent": -1.0,
            "MaxStockThreshold": 100,
            "MinStockThreshold": 1,
            "QuantityPercent": -1,
            "SpawnAttachments": [],
            "Variants": [
                "ghilliesuit_woodland",
                "ghilliesuit_mossy",
                "ghilliesuit_winter"
            ]
        }
    ]
}