{
    "m_Version": 12,
    "DisplayName": "Запчастини для Tahoe",
    "Icon": "Deliver",
    "Color": "FBFCFEFF",
    "IsExchange": 0,
    "InitStockPercent": 75.0,
    "Items": [
        {
            "ClassName": "Tahoe_driverdoor",
            "MaxPriceThreshold": 870,
            "MinPriceThreshold": 870,
            "SellPricePercent": -1.0,
            "MaxStockThreshold": 100,
            "MinStockThreshold": 1,
            "QuantityPercent": -1,
            "SpawnAttachments": [],
            "Variants": [
                "Tahoe_driverdoor_Black",
                "Tahoe_driverdoor_LightBlue",
                "Tahoe_driverdoor_Blue",
                "Tahoe_driverdoor_Brown",
                "Tahoe_driverdoor_DarkBlue",
                "Tahoe_driverdoor_Green",
                "Tahoe_driverdoor_Pink",
                "Tahoe_driverdoor_Red"
            ]
        },
        {
            "ClassName": "Tahoe_codriver",
            "MaxPriceThreshold": 870,
            "MinPriceThreshold": 870,
            "SellPricePercent": -1.0,
            "MaxStockThreshold": 100,
            "MinStockThreshold": 1,
            "QuantityPercent": -1,
            "SpawnAttachments": [],
            "Variants": [
                "Tahoe_codriver_Black",
                "Tahoe_codriver_LightBlue",
                "Tahoe_codriver_Blue",
                "Tahoe_codriver_Brown",
                "Tahoe_codriver_DarkBlue",
                "Tahoe_codriver_Green",
                "Tahoe_codriver_Pink",
                "Tahoe_codriver_Red"
            ]
        },
        {
            "ClassName": "Tahoe_cargo1",
            "MaxPriceThreshold": 870,
            "MinPriceThreshold": 870,
            "SellPricePercent": -1.0,
            "MaxStockThreshold": 100,
            "MinStockThreshold": 1,
            "QuantityPercent": -1,
            "SpawnAttachments": [],
            "Variants": [
                "Tahoe_cargo1_Black",
                "Tahoe_cargo1_LightBlue",
                "Tahoe_cargo1_Blue",
                "Tahoe_cargo1_Brown",
                "Tahoe_cargo1_DarkBlue",
                "Tahoe_cargo1_Green",
                "Tahoe_cargo1_Pink",
                "Tahoe_cargo1_Red"
            ]
        },
        {
            "ClassName": "Tahoe_cargo2",
            "MaxPriceThreshold": 870,
            "MinPriceThreshold": 870,
            "SellPricePercent": -1.0,
            "MaxStockThreshold": 100,
            "MinStockThreshold": 1,
            "QuantityPercent": -1,
            "SpawnAttachments": [],
            "Variants": [
                "Tahoe_cargo2_Black",
                "Tahoe_cargo2_LightBlue",
                "Tahoe_cargo2_Blue",
                "Tahoe_cargo2_Brown",
                "Tahoe_cargo2_DarkBlue",
                "Tahoe_cargo2_Green",
                "Tahoe_cargo2_Pink",
                "Tahoe_cargo2_Red"
            ]
        },
        {
            "ClassName": "Tahoe_hood",
            "MaxPriceThreshold": 800,
            "MinPriceThreshold": 480,
            "SellPricePercent": -1.0,
            "MaxStockThreshold": 100,
            "MinStockThreshold": 1,
            "QuantityPercent": -1,
            "SpawnAttachments": [],
            "Variants": [
                "Tahoe_hood_Black",
                "Tahoe_hood_LightBlue",
                "Tahoe_hood_Blue",
                "Tahoe_hood_Brown",
                "Tahoe_hood_DarkBlue",
                "Tahoe_hood_Green",
                "Tahoe_hood_Pink",
                "Tahoe_hood_Red"
            ]
        },
        {
            "ClassName": "Tahoe_trunk",
            "MaxPriceThreshold": 870,
            "MinPriceThreshold": 870,
            "SellPricePercent": -1.0,
            "MaxStockThreshold": 100,
            "MinStockThreshold": 1,
            "QuantityPercent": -1,
            "SpawnAttachments": [],
            "Variants": [
                "Tahoe_trunk_Black",
                "Tahoe_trunk_LightBlue",
                "Tahoe_trunk_Blue",
                "Tahoe_trunk_Brown",
                "Tahoe_trunk_DarkBlue",
                "Tahoe_trunk_Green",
                "Tahoe_trunk_Pink",
                "Tahoe_trunk_Red"
            ]
        },
        {
            "ClassName": "Tahoe_wheel",
            "MaxPriceThreshold": 300,
            "MinPriceThreshold": 300,
            "SellPricePercent": -1.0,
            "MaxStockThreshold": 100,
            "MinStockThreshold": 1,
            "QuantityPercent": -1,
            "SpawnAttachments": [],
            "Variants": []
        }
    ]
}