{
    "ClassName": "",
    "Include": "",
    "Chance": 1.0,
    "Quantity": {
        "Min": 0.0,
        "Max": 0.0
    },
    "Health": [],
    "InventoryAttachments": [
        {
            "SlotName": "Body",
            "Items": [
                {
                    "ClassName": "GorkaEJacket_Winter",
                    "Include": "",
                    "Chance": 1.0,
                    "Quantity": {
                        "Min": 0.0,
                        "Max": 0.0
                    },
                    "Health": [
                        {
                            "Min": 0.499999988079071,
                            "Max": 1.0,
                            "Zone": ""
                        }
                    ],
                    "InventoryAttachments": [],
                    "InventoryCargo": [],
                    "ConstructionPartsBuilt": [],
                    "Sets": []
                },
                {
                    "ClassName": "GorkaEJacket_PautRev",
                    "Include": "",
                    "Chance": 1.0,
                    "Quantity": {
                        "Min": 0.0,
                        "Max": 0.0
                    },
                    "Health": [
                        {
                            "Min": 0.499999988079071,
                            "Max": 1.0,
                            "Zone": ""
                        }
                    ],
                    "InventoryAttachments": [],
                    "InventoryCargo": [],
                    "ConstructionPartsBuilt": [],
                    "Sets": []
                }
            ]
        },
        {
            "SlotName": "Legs",
            "Items": [
                {
                    "ClassName": "GorkaPants_Winter",
                    "Include": "",
                    "Chance": 1.0,
                    "Quantity": {
                        "Min": 0.0,
                        "Max": 0.0
                    },
                    "Health": [
                        {
                            "Min": 0.499999988079071,
                            "Max": 1.0,
                            "Zone": ""
                        }
                    ],
                    "InventoryAttachments": [],
                    "InventoryCargo": [],
                    "ConstructionPartsBuilt": [],
                    "Sets": []
                },
                {
                    "ClassName": "GorkaPants_PautRev",
                    "Include": "",
                    "Chance": 1.0,
                    "Quantity": {
                        "Min": 0.0,
                        "Max": 0.0
                    },
                    "Health": [
                        {
                            "Min": 0.499999988079071,
                            "Max": 1.0,
                            "Zone": ""
                        }
                    ],
                    "InventoryAttachments": [],
                    "InventoryCargo": [],
                    "ConstructionPartsBuilt": [],
                    "Sets": []
                }
            ]
        },
        {
            "SlotName": "Feet",
            "Items": [
                {
                    "ClassName": "CombatBoots_Black",
                    "Include": "",
                    "Chance": 1.0,
                    "Quantity": {
                        "Min": 0.0,
                        "Max": 0.0
                    },
                    "Health": [
                        {
                            "Min": 0.499999988079071,
                            "Max": 1.0,
                            "Zone": ""
                        }
                    ],
                    "InventoryAttachments": [],
                    "InventoryCargo": [],
                    "ConstructionPartsBuilt": [],
                    "Sets": []
                },
                {
                    "ClassName": "CombatBoots_Brown",
                    "Include": "",
                    "Chance": 1.0,
                    "Quantity": {
                        "Min": 0.0,
                        "Max": 0.0
                    },
                    "Health": [
                        {
                            "Min": 0.499999988079071,
                            "Max": 1.0,
                            "Zone": ""
                        }
                    ],
                    "InventoryAttachments": [],
                    "InventoryCargo": [],
                    "ConstructionPartsBuilt": [],
                    "Sets": []
                },
                {
                    "ClassName": "CombatBoots_Grey",
                    "Include": "",
                    "Chance": 1.0,
                    "Quantity": {
                        "Min": 0.0,
                        "Max": 0.0
                    },
                    "Health": [
                        {
                            "Min": 0.499999988079071,
                            "Max": 1.0,
                            "Zone": ""
                        }
                    ],
                    "InventoryAttachments": [],
                    "InventoryCargo": [],
                    "ConstructionPartsBuilt": [],
                    "Sets": []
                }
            ]
        },
        {
            "SlotName": "Vest",
            "Items": [
                {
                    "ClassName": "PlateCarrierVest",
                    "Include": "",
                    "Chance": 1.0,
                    "Quantity": {
                        "Min": 0.0,
                        "Max": 0.0
                    },
                    "Health": [
                        {
                            "Min": 0.499999988079071,
                            "Max": 1.0,
                            "Zone": ""
                        }
                    ],
                    "InventoryAttachments": [],
                    "InventoryCargo": [],
                    "ConstructionPartsBuilt": [],
                    "Sets": []
                }
            ]
        },
        {
            "SlotName": "Headgear",
            "Items": [
                {
                    "ClassName": "Ssh68Helmet",
                    "Include": "",
                    "Chance": 1.0,
                    "Quantity": {
                        "Min": 0.0,
                        "Max": 0.0
                    },
                    "Health": [
                        {
                            "Min": 0.499999988079071,
                            "Max": 1.0,
                            "Zone": ""
                        }
                    ],
                    "InventoryAttachments": [],
                    "InventoryCargo": [],
                    "ConstructionPartsBuilt": [],
                    "Sets": []
                }
            ]
        },
        {
            "SlotName": "Gloves",
            "Items": [
                {
                    "ClassName": "WorkingGloves_Black",
                    "Include": "",
                    "Chance": 1.0,
                    "Quantity": {
                        "Min": 0.0,
                        "Max": 0.0
                    },
                    "Health": [
                        {
                            "Min": 0.499999988079071,
                            "Max": 1.0,
                            "Zone": ""
                        }
                    ],
                    "InventoryAttachments": [],
                    "InventoryCargo": [],
                    "ConstructionPartsBuilt": [],
                    "Sets": []
                }
            ]
        },
        {
            "SlotName": "Hips",
            "Items": [
                {
                    "ClassName": "CivilianBelt",
                    "Include": "",
                    "Chance": 1.0,
                    "Quantity": {
                        "Min": 0.0,
                        "Max": 0.0
                    },
                    "Health": [
                        {
                            "Min": 0.499999988079071,
                            "Max": 1.0,
                            "Zone": ""
                        }
                    ],
                    "InventoryAttachments": [],
                    "InventoryCargo": [],
                    "ConstructionPartsBuilt": [],
                    "Sets": []
                }
            ]
        },
        {
            "SlotName": "Armband",
            "Items": [
                {
                    "ClassName": "AI_Tag",
                    "Include": "",
                    "Chance": 1.0,
                    "Quantity": {
                        "Min": 0.0,
                        "Max": 0.0
                    },
                    "Health": [
                        {
                            "Min": 0.01,
                            "Max": 0.01,
                            "Zone": ""
                        }
                    ],
                    "InventoryAttachments": [],
                    "InventoryCargo": [],
                    "ConstructionPartsBuilt": [],
                    "Sets": []
                }
            ]
        }
    ],
    "InventoryCargo": [
        {
            "ClassName": "CP_CannabisSeedsPackNomad",
            "Include": "",
            "Chance": 0.010,
            "Quantity": {
                "Min": 1.0,
                "Max": 1.0
            },
            "Health": [],
            "InventoryAttachments": [],
            "InventoryCargo": [],
            "ConstructionPartsBuilt": [],
            "Sets": []
        },
        {
            "ClassName": "CP_CannabisSeedsPackSkunk",
            "Include": "",
            "Chance": 0.010,
            "Quantity": {
                "Min": 1.0,
                "Max": 1.0
            },
            "Health": [],
            "InventoryAttachments": [],
            "InventoryCargo": [],
            "ConstructionPartsBuilt": [],
            "Sets": []
        },
        {
            "ClassName": "CP_CannabisSeedsPackBlackFrost",
            "Include": "",
            "Chance": 0.010,
            "Quantity": {
                "Min": 1.0,
                "Max": 1.0
            },
            "Health": [],
            "InventoryAttachments": [],
            "InventoryCargo": [],
            "ConstructionPartsBuilt": [],
            "Sets": []
        },
        {
            "ClassName": "CP_CannabisSeedsPackBlue",
            "Include": "",
            "Chance": 0.010,
            "Quantity": {
                "Min": 1.0,
                "Max": 1.0
            },
            "Health": [],
            "InventoryAttachments": [],
            "InventoryCargo": [],
            "ConstructionPartsBuilt": [],
            "Sets": []
        },
        {
            "ClassName": "CP_CannabisSeedsPackFuture",
            "Include": "",
            "Chance": 0.010,
            "Quantity": {
                "Min": 1.0,
                "Max": 1.0
            },
            "Health": [],
            "InventoryAttachments": [],
            "InventoryCargo": [],
            "ConstructionPartsBuilt": [],
            "Sets": []
        },
        {
            "ClassName": "CP_CannabisSeedsPackS1",
            "Include": "",
            "Chance": 0.010,
            "Quantity": {
                "Min": 1.0,
                "Max": 1.0
            },
            "Health": [],
            "InventoryAttachments": [],
            "InventoryCargo": [],
            "ConstructionPartsBuilt": [],
            "Sets": []
        },
        {
            "ClassName": "CP_CannabisSeedsPackStardawg",
            "Include": "",
            "Chance": 0.010,
            "Quantity": {
                "Min": 1.0,
                "Max": 1.0
            },
            "Health": [],
            "InventoryAttachments": [],
            "InventoryCargo": [],
            "ConstructionPartsBuilt": [],
            "Sets": []
        },
        {
            "ClassName": "CP_CannabisSeedsPackKush",
            "Include": "",
            "Chance": 0.010,
            "Quantity": {
                "Min": 1.0,
                "Max": 1.0
            },
            "Health": [],
            "InventoryAttachments": [],
            "InventoryCargo": [],
            "ConstructionPartsBuilt": [],
            "Sets": []
        }
    ],
    "ConstructionPartsBuilt": [],
    "Sets": [
        {
            "ClassName": "WEAPON",
            "Include": "",
            "Chance": 0.65,
            "Quantity": {
                "Min": 0.0,
                "Max": 0.0
            },
            "Health": [],
            "InventoryAttachments": [
                {
                    "SlotName": "Shoulder",
                    "Items": [
                        {
                            "ClassName": "SSG82",
                            "Include": "",
                            "Chance": 1.0,
                            "Quantity": {
                                "Min": 0.0,
                                "Max": 0.0
                            },
                            "Health": [],
                            "InventoryAttachments": [
                                {
                                    "SlotName": "",
                                    "Items": [
                                        {
                                            "ClassName": "Mag_SSG82_5rnd",
                                            "Include": "",
                                            "Chance": 1.0,
                                            "Quantity": {
                                                "Min": 0.0,
                                                "Max": 0.0
                                            },
                                            "Health": [],
                                            "InventoryAttachments": [],
                                            "InventoryCargo": [],
                                            "ConstructionPartsBuilt": [],
                                            "Sets": []
                                        }
                                    ]
                                }
                            ],
                            "InventoryCargo": [],
                            "ConstructionPartsBuilt": [],
                            "Sets": []
                        }
                    ]
                }
            ],
            "InventoryCargo": [
                {
                    "ClassName": "Mag_SSG82_5rnd",
                    "Include": "",
                    "Chance": 1.0,
                    "Quantity": {
                        "Min": 0.0,
                        "Max": 0.0
                    },
                    "Health": [],
                    "InventoryAttachments": [],
                    "InventoryCargo": [],
                    "ConstructionPartsBuilt": [],
                    "Sets": []
                }
            ],
            "ConstructionPartsBuilt": [],
            "Sets": []
        },
        {
            "ClassName": "WEAPON",
            "Include": "",
            "Chance": 1.0,
            "Quantity": {
                "Min": 0.0,
                "Max": 0.0
            },
            "Health": [],
            "InventoryAttachments": [
                {
                    "SlotName": "Shoulder",
                    "Items": [
                        {
                            "ClassName": "MP5K",
                            "Include": "",
                            "Chance": 1.0,
                            "Quantity": {
                                "Min": 0.0,
                                "Max": 0.0
                            },
                            "Health": [
                                {
                                    "Min": 1.0,
                                    "Max": 1.0,
                                    "Zone": ""
                                }
                            ],
                            "InventoryAttachments": [
                                {
                                    "SlotName": "",
                                    "Items": [
                                        {
                                            "ClassName": "Mag_MP5_30Rnd",
                                            "Include": "",
                                            "Chance": 0.800000011920929,
                                            "Quantity": {
                                                "Min": 0.0,
                                                "Max": 0.0
                                            },
                                            "Health": [],
                                            "InventoryAttachments": [],
                                            "InventoryCargo": [],
                                            "ConstructionPartsBuilt": [],
                                            "Sets": []
                                        },
                                        {
                                            "ClassName": "Mag_MP5_15Rnd",
                                            "Include": "",
                                            "Chance": 1.0,
                                            "Quantity": {
                                                "Min": 0.0,
                                                "Max": 0.0
                                            },
                                            "Health": [],
                                            "InventoryAttachments": [],
                                            "InventoryCargo": [],
                                            "ConstructionPartsBuilt": [],
                                            "Sets": []
                                        },
                                        {
                                            "ClassName": "MP5k_StockBttstck",
                                            "Include": "",
                                            "Chance": 0.800000011920929,
                                            "Quantity": {
                                                "Min": 0.0,
                                                "Max": 0.0
                                            },
                                            "Health": [],
                                            "InventoryAttachments": [],
                                            "InventoryCargo": [],
                                            "ConstructionPartsBuilt": [],
                                            "Sets": []
                                        },
                                        {
                                            "ClassName": "MP5_PlasticHndgrd",
                                            "Include": "",
                                            "Chance": 0.800000011920929,
                                            "Quantity": {
                                                "Min": 0.0,
                                                "Max": 0.0
                                            },
                                            "Health": [],
                                            "InventoryAttachments": [],
                                            "InventoryCargo": [],
                                            "ConstructionPartsBuilt": [],
                                            "Sets": []
                                        },
                                        {
                                            "ClassName": "MP5_RailHndgrd",
                                            "Include": "",
                                            "Chance": 1.0,
                                            "Quantity": {
                                                "Min": 0.0,
                                                "Max": 0.0
                                            },
                                            "Health": [],
                                            "InventoryAttachments": [],
                                            "InventoryCargo": [],
                                            "ConstructionPartsBuilt": [],
                                            "Sets": []
                                        },
                                        {
                                            "ClassName": "MP5_Compensator",
                                            "Include": "",
                                            "Chance": 0.20000000298023225,
                                            "Quantity": {
                                                "Min": 0.0,
                                                "Max": 0.0
                                            },
                                            "Health": [],
                                            "InventoryAttachments": [],
                                            "InventoryCargo": [],
                                            "ConstructionPartsBuilt": [],
                                            "Sets": []
                                        },
                                        {
                                            "ClassName": "ReflexOptic",
                                            "Include": "",
                                            "Chance": 0.10000000149011612,
                                            "Quantity": {
                                                "Min": 0.0,
                                                "Max": 0.0
                                            },
                                            "Health": [],
                                            "InventoryAttachments": [
                                                {
                                                    "SlotName": "",
                                                    "Items": [
                                                        {
                                                            "ClassName": "Battery9V",
                                                            "Include": "",
                                                            "Chance": 1.0,
                                                            "Quantity": {
                                                                "Min": 0.0,
                                                                "Max": 0.0
                                                            },
                                                            "Health": [],
                                                            "InventoryAttachments": [],
                                                            "InventoryCargo": [],
                                                            "ConstructionPartsBuilt": [],
                                                            "Sets": []
                                                        }
                                                    ]
                                                }
                                            ],
                                            "InventoryCargo": [],
                                            "ConstructionPartsBuilt": [],
                                            "Sets": []
                                        }
                                    ]
                                }
                            ],
                            "InventoryCargo": [],
                            "ConstructionPartsBuilt": [],
                            "Sets": []
                        }
                    ]
                }
            ],
            "InventoryCargo": [
                {
                    "ClassName": "Mag_MP5_30Rnd",
                    "Include": "",
                    "Chance": 0.5,
                    "Quantity": {
                        "Min": 0.0,
                        "Max": 0.0
                    },
                    "Health": [],
                    "InventoryAttachments": [],
                    "InventoryCargo": [],
                    "ConstructionPartsBuilt": [],
                    "Sets": []
                },
                {
                    "ClassName": "Mag_MP5_30Rnd",
                    "Include": "",
                    "Chance": 0.5,
                    "Quantity": {
                        "Min": 0.0,
                        "Max": 0.0
                    },
                    "Health": [],
                    "InventoryAttachments": [],
                    "InventoryCargo": [],
                    "ConstructionPartsBuilt": [],
                    "Sets": []
                },
                {
                    "ClassName": "Mag_MP5_15Rnd",
                    "Include": "",
                    "Chance": 1.0,
                    "Quantity": {
                        "Min": 0.0,
                        "Max": 0.0
                    },
                    "Health": [],
                    "InventoryAttachments": [],
                    "InventoryCargo": [],
                    "ConstructionPartsBuilt": [],
                    "Sets": []
                }
            ],
            "ConstructionPartsBuilt": [],
            "Sets": []
        },
        {
            "ClassName": "WEAPON",
            "Include": "",
            "Chance": 1.0,
            "Quantity": {
                "Min": 0.0,
                "Max": 0.0
            },
            "Health": [],
            "InventoryAttachments": [
                {
                    "SlotName": "Shoulder",
                    "Items": [
                        {
                            "ClassName": "CZ61",
                            "Include": "",
                            "Chance": 1.0,
                            "Quantity": {
                                "Min": 0.0,
                                "Max": 0.0
                            },
                            "Health": [
                                {
                                    "Min": 1.0,
                                    "Max": 1.0,
                                    "Zone": ""
                                }
                            ],
                            "InventoryAttachments": [
                                {
                                    "SlotName": "",
                                    "Items": [
                                        {
                                            "ClassName": "Mag_CZ61_20Rnd",
                                            "Include": "",
                                            "Chance": 1.0,
                                            "Quantity": {
                                                "Min": 0.0,
                                                "Max": 0.0
                                            },
                                            "Health": [],
                                            "InventoryAttachments": [],
                                            "InventoryCargo": [],
                                            "ConstructionPartsBuilt": [],
                                            "Sets": []
                                        }
                                    ]
                                }
                            ],
                            "InventoryCargo": [],
                            "ConstructionPartsBuilt": [],
                            "Sets": []
                        }
                    ]
                }
            ],
            "InventoryCargo": [
                {
                    "ClassName": "Mag_CZ61_20Rnd",
                    "Include": "",
                    "Chance": 1.0,
                    "Quantity": {
                        "Min": 0.0,
                        "Max": 0.0
                    },
                    "Health": [],
                    "InventoryAttachments": [],
                    "InventoryCargo": [],
                    "ConstructionPartsBuilt": [],
                    "Sets": []
                },
                {
                    "ClassName": "Mag_CZ61_20Rnd",
                    "Include": "",
                    "Chance": 0.15000000596046449,
                    "Quantity": {
                        "Min": 0.0,
                        "Max": 0.0
                    },
                    "Health": [],
                    "InventoryAttachments": [],
                    "InventoryCargo": [],
                    "ConstructionPartsBuilt": [],
                    "Sets": []
                }
            ],
            "ConstructionPartsBuilt": [],
            "Sets": []
        },
        {
            "ClassName": "WEAPON",
            "Include": "",
            "Chance": 0.70,
            "Quantity": {
                "Min": 0.0,
                "Max": 0.0
            },
            "Health": [],
            "InventoryAttachments": [
                {
                    "SlotName": "Shoulder",
                    "Items": [
                        {
                            "ClassName": "Scout",
                            "Include": "",
                            "Chance": 1.0,
                            "Quantity": {
                                "Min": 0.0,
                                "Max": 0.0
                            },
                            "Health": [
                                {
                                    "Min": 1.0,
                                    "Max": 1.0,
                                    "Zone": ""
                                }
                            ],
                            "InventoryAttachments": [
                                {
                                    "SlotName": "",
                                    "Items": [
                                        {
                                            "ClassName": "Mag_Scout_5Rnd",
                                            "Include": "",
                                            "Chance": 1.0,
                                            "Quantity": {
                                                "Min": 0.0,
                                                "Max": 0.0
                                            },
                                            "Health": [],
                                            "InventoryAttachments": [],
                                            "InventoryCargo": [],
                                            "ConstructionPartsBuilt": [],
                                            "Sets": []
                                        },
                                        {
                                            "ClassName": "M4_T3NRDSOptic",
                                            "Include": "",
                                            "Chance": 0.30,
                                            "Quantity": {
                                                "Min": 0.0,
                                                "Max": 0.0
                                            },
                                            "Health": [],
                                            "InventoryAttachments": [
                                                {
                                                    "SlotName": "",
                                                    "Items": [
                                                        {
                                                            "ClassName": "Battery9V",
                                                            "Include": "",
                                                            "Chance": 1.0,
                                                            "Quantity": {
                                                                "Min": 0.0,
                                                                "Max": 0.0
                                                            },
                                                            "Health": [],
                                                            "InventoryAttachments": [],
                                                            "InventoryCargo": [],
                                                            "ConstructionPartsBuilt": [],
                                                            "Sets": []
                                                        }
                                                    ]
                                                }
                                            ],
                                            "InventoryCargo": [],
                                            "ConstructionPartsBuilt": [],
                                            "Sets": []
                                        }
                                    ]
                                }
                            ],
                            "InventoryCargo": [],
                            "ConstructionPartsBuilt": [],
                            "Sets": []
                        }
                    ]
                }
            ],
            "InventoryCargo": [
                {
                    "ClassName": "Mag_Scout_5Rnd",
                    "Include": "",
                    "Chance": 1.0,
                    "Quantity": {
                        "Min": 0.0,
                        "Max": 0.0
                    },
                    "Health": [],
                    "InventoryAttachments": [],
                    "InventoryCargo": [],
                    "ConstructionPartsBuilt": [],
                    "Sets": []
                }
            ],
            "ConstructionPartsBuilt": [],
            "Sets": []
        },
        {
            "ClassName": "WEAPON",
            "Include": "",
            "Chance": 0.45,
            "Quantity": {
                "Min": 0.0,
                "Max": 0.0
            },
            "Health": [],
            "InventoryAttachments": [
                {
                    "SlotName": "Shoulder",
                    "Items": [
                        {
                            "ClassName": "AKS74U",
                            "Include": "",
                            "Chance": 1.0,
                            "Quantity": {
                                "Min": 0.0,
                                "Max": 0.0
                            },
                            "Health": [
                                {
                                    "Min": 1.0,
                                    "Max": 1.0,
                                    "Zone": ""
                                }
                            ],
                            "InventoryAttachments": [
                                {
                                    "SlotName": "",
                                    "Items": [
                                        {
                                            "ClassName": "Mag_AK74_30Rnd",
                                            "Include": "",
                                            "Chance": 1.0,
                                            "Quantity": {
                                                "Min": 0.0,
                                                "Max": 0.0
                                            },
                                            "Health": [],
                                            "InventoryAttachments": [],
                                            "InventoryCargo": [],
                                            "ConstructionPartsBuilt": [],
                                            "Sets": []
                                        },
                                        {
                                            "ClassName": "AK_FoldingBttstck",
                                            "Include": "",
                                            "Chance": 1.0,
                                            "Quantity": {
                                                "Min": 0.0,
                                                "Max": 0.0
                                            },
                                            "Health": [],
                                            "InventoryAttachments": [],
                                            "InventoryCargo": [],
                                            "ConstructionPartsBuilt": [],
                                            "Sets": []
                                        }
                                    ]
                                }
                            ],
                            "InventoryCargo": [],
                            "ConstructionPartsBuilt": [],
                            "Sets": []
                        }
                    ]
                }
            ],
            "InventoryCargo": [
                {
                    "ClassName": "Mag_AK74_30Rnd",
                    "Include": "",
                    "Chance": 1.0,
                    "Quantity": {
                        "Min": 0.0,
                        "Max": 0.0
                    },
                    "Health": [],
                    "InventoryAttachments": [],
                    "InventoryCargo": [],
                    "ConstructionPartsBuilt": [],
                    "Sets": []
                }
            ],
            "ConstructionPartsBuilt": [],
            "Sets": []
        },
        {
            "ClassName": "WEAPON",
            "Include": "",
            "Chance": 0.85,
            "Quantity": {
                "Min": 0.0,
                "Max": 0.0
            },
            "Health": [],
            "InventoryAttachments": [
                {
                    "SlotName": "Shoulder",
                    "Items": [
                        {
                            "ClassName": "PP19",
                            "Include": "",
                            "Chance": 1.0,
                            "Quantity": {
                                "Min": 0.0,
                                "Max": 0.0
                            },
                            "Health": [
                                {
                                    "Min": 1.0,
                                    "Max": 1.0,
                                    "Zone": ""
                                }
                            ],
                            "InventoryAttachments": [
                                {
                                    "SlotName": "",
                                    "Items": [
                                        {
                                            "ClassName": "Mag_PP19_64Rnd",
                                            "Include": "",
                                            "Chance": 1.0,
                                            "Quantity": {
                                                "Min": 0.0,
                                                "Max": 0.0
                                            },
                                            "Health": [],
                                            "InventoryAttachments": [],
                                            "InventoryCargo": [],
                                            "ConstructionPartsBuilt": [],
                                            "Sets": []
                                        },
                                        {
                                            "ClassName": "PP19_Bttstck",
                                            "Include": "",
                                            "Chance": 1.0,
                                            "Quantity": {
                                                "Min": 0.0,
                                                "Max": 0.0
                                            },
                                            "Health": [],
                                            "InventoryAttachments": [],
                                            "InventoryCargo": [],
                                            "ConstructionPartsBuilt": [],
                                            "Sets": []
                                        },
                                        {
                                            "ClassName": "ReflexOptic",
                                            "Include": "",
                                            "Chance": 0.3,
                                            "Quantity": {
                                                "Min": 0.0,
                                                "Max": 0.0
                                            },
                                            "Health": [],
                                            "InventoryAttachments": [
                                                {
                                                    "SlotName": "",
                                                    "Items": [
                                                        {
                                                            "ClassName": "Battery9V",
                                                            "Include": "",
                                                            "Chance": 1.0,
                                                            "Quantity": {
                                                                "Min": 0.0,
                                                                "Max": 0.0
                                                            },
                                                            "Health": [],
                                                            "InventoryAttachments": [],
                                                            "InventoryCargo": [],
                                                            "ConstructionPartsBuilt": [],
                                                            "Sets": []
                                                        }
                                                    ]
                                                }
                                            ],
                                            "InventoryCargo": [],
                                            "ConstructionPartsBuilt": [],
                                            "Sets": []
                                        }
                                    ]
                                }
                            ],
                            "InventoryCargo": [],
                            "ConstructionPartsBuilt": [],
                            "Sets": []
                        }
                    ]
                }
            ],
            "InventoryCargo": [
                {
                    "ClassName": "Mag_PP19_64Rnd",
                    "Include": "",
                    "Chance": 1.0,
                    "Quantity": {
                        "Min": 0.0,
                        "Max": 0.0
                    },
                    "Health": [],
                    "InventoryAttachments": [],
                    "InventoryCargo": [],
                    "ConstructionPartsBuilt": [],
                    "Sets": []
                }
            ],
            "ConstructionPartsBuilt": [],
            "Sets": []
        },
        {
            "ClassName": "WEAPON",
            "Include": "",
            "Chance": 0.10,
            "Quantity": {
                "Min": 0.0,
                "Max": 0.0
            },
            "Health": [],
            "InventoryAttachments": [
                {
                    "SlotName": "Shoulder",
                    "Items": [
                        {
                            "ClassName": "SCWS_CZ",
                            "Include": "",
                            "Chance": 1.0,
                            "Quantity": {
                                "Min": 0.0,
                                "Max": 0.0
                            },
                            "Health": [
                                {
                                    "Min": 1.0,
                                    "Max": 1.0,
                                    "Zone": ""
                                }
                            ],
                            "InventoryAttachments": [
                                {
                                    "SlotName": "",
                                    "Items": [
                                        {
                                            "ClassName": "SCWS_CZ_Magazine",
                                            "Include": "",
                                            "Chance": 1.0,
                                            "Quantity": {
                                                "Min": 0.0,
                                                "Max": 0.0
                                            },
                                            "Health": [],
                                            "InventoryAttachments": [],
                                            "InventoryCargo": [],
                                            "ConstructionPartsBuilt": [],
                                            "Sets": []
                                        },
                                        {
                                            "ClassName": "ReflexOptic",
                                            "Include": "",
                                            "Chance": 0.3,
                                            "Quantity": {
                                                "Min": 0.0,
                                                "Max": 0.0
                                            },
                                            "Health": [],
                                            "InventoryAttachments": [
                                                {
                                                    "SlotName": "",
                                                    "Items": [
                                                        {
                                                            "ClassName": "Battery9V",
                                                            "Include": "",
                                                            "Chance": 1.0,
                                                            "Quantity": {
                                                                "Min": 0.0,
                                                                "Max": 0.0
                                                            },
                                                            "Health": [],
                                                            "InventoryAttachments": [],
                                                            "InventoryCargo": [],
                                                            "ConstructionPartsBuilt": [],
                                                            "Sets": []
                                                        }
                                                    ]
                                                }
                                            ],
                                            "InventoryCargo": [],
                                            "ConstructionPartsBuilt": [],
                                            "Sets": []
                                        }
                                    ]
                                }
                            ],
                            "InventoryCargo": [],
                            "ConstructionPartsBuilt": [],
                            "Sets": []
                        }
                    ]
                }
            ],
            "InventoryCargo": [
                {
                    "ClassName": "SCWS_CZ_Magazine",
                    "Include": "",
                    "Chance": 1.0,
                    "Quantity": {
                        "Min": 0.0,
                        "Max": 0.0
                    },
                    "Health": [],
                    "InventoryAttachments": [],
                    "InventoryCargo": [],
                    "ConstructionPartsBuilt": [],
                    "Sets": []
                }
            ],
            "ConstructionPartsBuilt": [],
            "Sets": []
        },
        {
            "ClassName": "WEAPON",
            "Include": "",
            "Chance": 0.45,
            "Quantity": {
                "Min": 0.0,
                "Max": 0.0
            },
            "Health": [],
            "InventoryAttachments": [
                {
                    "SlotName": "Shoulder",
                    "Items": [
                        {
                            "ClassName": "M16A2",
                            "Include": "",
                            "Chance": 1.0,
                            "Quantity": {
                                "Min": 0.0,
                                "Max": 0.0
                            },
                            "Health": [
                                {
                                    "Min": 1.0,
                                    "Max": 1.0,
                                    "Zone": ""
                                }
                            ],
                            "InventoryAttachments": [
                                {
                                    "SlotName": "",
                                    "Items": [
                                        {
                                            "ClassName": "Mag_CMAG_10Rnd",
                                            "Include": "",
                                            "Chance": 1.0,
                                            "Quantity": {
                                                "Min": 0.0,
                                                "Max": 0.0
                                            },
                                            "Health": [],
                                            "InventoryAttachments": [],
                                            "InventoryCargo": [],
                                            "ConstructionPartsBuilt": [],
                                            "Sets": []
                                        }
                                    ]
                                }
                            ],
                            "InventoryCargo": [],
                            "ConstructionPartsBuilt": [],
                            "Sets": []
                        }
                    ]
                }
            ],
            "InventoryCargo": [
                {
                    "ClassName": "Mag_CMAG_10Rnd",
                    "Include": "",
                    "Chance": 1.0,
                    "Quantity": {
                        "Min": 0.0,
                        "Max": 0.0
                    },
                    "Health": [],
                    "InventoryAttachments": [],
                    "InventoryCargo": [],
                    "ConstructionPartsBuilt": [],
                    "Sets": []
                }
            ],
            "ConstructionPartsBuilt": [],
            "Sets": []
        }
    ]
}