{
  "m_Version": 12,
  "DisplayName": "Набої",
  "Icon": "Deliver",
  "Color": "FBFCFEFF",
  "IsExchange": 0,
  "InitStockPercent": 75.0,
  "Items": [
    {
      "ClassName": "SCWS_AmmoBox_338",
      "MaxPriceThreshold": 25,
      "MinPriceThreshold": 25,
      "MaxStockThreshold": 1,
      "MinStockThreshold": 1,
      "SellPricePercent": 0,
      "QuantityPercent": -1,
      "SpawnAttachments": [],
      "Variants": []
    },
    {
      "ClassName": "SCWS_AmmoBox_408Chey",
      "MaxPriceThreshold": 50,
      "MinPriceThreshold": 50,
      "SellPricePercent": 1,
      "MaxStockThreshold": 1,
      "MinStockThreshold": 1,
      "QuantityPercent": -1,
      "SpawnAttachments": [],
      "Variants": []
    },
    {
      "ClassName": "SCWS_AmmoBox_50Cal",
      "MaxPriceThreshold": 75,
      "MinPriceThreshold": 75,
      "SellPricePercent": 1,
      "MaxStockThreshold": 1,
      "MinStockThreshold": 1,
      "QuantityPercent": -1,
      "SpawnAttachments": [],
      "Variants": []
    }
  ]
}
