{
    "m_Version": 12,
    "DisplayName": "Броньовані автомобілі",
    "Icon": "Deliver",
    "Color": "FBFCFEFF",
    "IsExchange": 0,
    "InitStockPercent": 75.0,
    "Items": [
        {
            "ClassName": "CrSk_Pitbull_VX",
            "MaxPriceThreshold": 700000,
            "MinPriceThreshold": 700000,
            "MaxStockThreshold": 1,
            "MinStockThreshold": 1,
            "SellPricePercent": 60.0,
            "QuantityPercent": -1,
            "SpawnAttachments": [
                "CarBattery",
                "CarRadiator",
                "SparkPlug",
                "PitbullVX_koleso",
                "PitbullVX_koleso",
                "PitbullVX_koleso_zad",
                "PitbullVX_koleso_zad",
                "PitbullVX_dver_1_1",
                "PitbullVX_dver_2_1",
                "PitbullVX_dver_1_2",
                "PitbullVX_dver_2_2",
                "PitbullVX_bagazhnik",
                "PitbullVX_kapot",
                "HeadlightH7",
                "HeadlightH7"
            ],
            "Variants": [
                "CrSk_Pitbull_VX_Khaki",
                "CrSk_Pitbull_VX_Tan",
                "CrSk_Pitbull_VX_Grey"
            ]
        },
        {
            "ClassName": "CrSk_Pitbull_VX_Khaki",
            "MaxPriceThreshold": 700000,
            "MinPriceThreshold": 700000,
            "MaxStockThreshold": 1,
            "MinStockThreshold": 1,
            "SellPricePercent": 60.0,
            "QuantityPercent": -1,
            "SpawnAttachments": [
                "KIWI_CarBattery",
                "CarRadiator",
                "SparkPlug",
                "PitbullVX_koleso",
                "PitbullVX_koleso",
                "PitbullVX_koleso_zad",
                "PitbullVX_koleso_zad",
                "PitbullVX_dver_1_1_Khaki",
                "PitbullVX_dver_2_1_Khaki",
                "PitbullVX_dver_1_2_Khaki",
                "PitbullVX_dver_2_2_Khaki",
                "PitbullVX_kapot_Khaki",
                "PitbullVX_bagazhnik_Khaki",
                "HeadlightH7",
                "HeadlightH7"
            ],
            "Variants": []
        },
        {
            "ClassName": "CrSk_Pitbull_VX_Tan",
            "MaxPriceThreshold": 700000,
            "MinPriceThreshold": 700000,
            "MaxStockThreshold": 1,
            "MinStockThreshold": 1,
            "SellPricePercent": 60.0,
            "QuantityPercent": -1,
            "SpawnAttachments": [
                "CarBattery",
                "CarRadiator",
                "SparkPlug",
                "PitbullVX_koleso",
                "PitbullVX_koleso",
                "PitbullVX_koleso_zad",
                "PitbullVX_koleso_zad",
                "PitbullVX_dver_1_1_Tan",
                "PitbullVX_dver_2_1_Tan",
                "PitbullVX_dver_1_2_Tan",
                "PitbullVX_dver_2_2_Tan",
                "PitbullVX_kapot_Tan",
                "PitbullVX_bagazhnik_Tan",
                "HeadlightH7",
                "HeadlightH7"
            ],
            "Variants": []
        },
        {
            "ClassName": "CrSk_Pitbull_VX_Grey",
            "MaxPriceThreshold": 700000,
            "MinPriceThreshold": 700000,
            "MaxStockThreshold": 1,
            "MinStockThreshold": 1,
            "SellPricePercent": 60.0,
            "QuantityPercent": -1,
            "SpawnAttachments": [
                "CarBattery",
                "CarRadiator",
                "SparkPlug",
                "PitbullVX_koleso",
                "PitbullVX_koleso",
                "PitbullVX_koleso_zad",
                "PitbullVX_koleso_zad",
                "PitbullVX_dver_1_1_Grey",
                "PitbullVX_dver_2_1_Grey",
                "PitbullVX_dver_1_2_Grey",
                "PitbullVX_dver_2_2_Grey",
                "PitbullVX_kapot_Grey",
                "PitbullVX_bagazhnik_Grey",
                "HeadlightH7",
                "HeadlightH7"
            ],
            "Variants": []
        },
        {
            "ClassName": "rag_hummer_Armored",
            "MaxPriceThreshold": 500000,
            "MinPriceThreshold": 500000,
            "MaxStockThreshold": 1,
            "MinStockThreshold": 1,
            "SellPricePercent": 60.0,
            "QuantityPercent": -1,
            "SpawnAttachments": [
                "CarBattery",
                "CarRadiator",
                "SparkPlug",
                "rag_hummer_door_1",
                "rag_hummer_door_2",
                "rag_hummer_door_3",
                "rag_hummer_door_4",
                "rag_hummer_hood",
                "rag_hummer_trunk",
                "rag_hummer_wheel",
                "rag_hummer_wheel",
                "rag_hummer_wheel",
                "rag_hummer_wheel",
                "rag_hummer_wheel",
                "HeadlightH7",
                "HeadlightH7"
            ],
            "Variants": [
                "rag_hummer_olive_Armored",
                "rag_hummer_tan_Armored",
                "rag_hummer_camo_Armored",
                "rag_hummer_purple_Armored",
                "rag_hummer_red_Armored",
                "rag_hummer_winter_Armored",
                "rag_hummer_anarchy_Armored",
                "rag_hummer_gold_Armored"
            ]
        },
        {
            "ClassName": "rag_hummer_olive_Armored",
            "MaxPriceThreshold": 500000,
            "MinPriceThreshold": 500000,
            "MaxStockThreshold": 1,
            "MinStockThreshold": 1,
            "SellPricePercent": 60.0,
            "QuantityPercent": -1,
            "SpawnAttachments": [
                "CarBattery",
                "CarRadiator",
                "SparkPlug",
                "rag_hummer_door_olive_1",
                "rag_hummer_door_olive_2",
                "rag_hummer_door_olive_3",
                "rag_hummer_door_olive_4",
                "rag_hummer_hood_olive",
                "rag_hummer_trunk_olive",
                "rag_hummer_wheel",
                "rag_hummer_wheel",
                "rag_hummer_wheel",
                "rag_hummer_wheel",
                "rag_hummer_wheel",
                "HeadlightH7",
                "HeadlightH7"
            ],
            "Variants": []
        },
        {
            "ClassName": "rag_hummer_tan_Armored",
            "MaxPriceThreshold": 500000,
            "MinPriceThreshold": 500000,
            "MaxStockThreshold": 1,
            "MinStockThreshold": 1,
            "SellPricePercent": 60.0,
            "QuantityPercent": -1,
            "SpawnAttachments": [
                "CarBattery",
                "CarRadiator",
                "SparkPlug",
                "rag_hummer_door_tan_1",
                "rag_hummer_door_tan_2",
                "rag_hummer_door_tan_3",
                "rag_hummer_door_tan_4",
                "rag_hummer_hood_tan",
                "rag_hummer_trunk_tan",
                "rag_hummer_wheel",
                "rag_hummer_wheel",
                "rag_hummer_wheel",
                "rag_hummer_wheel",
                "rag_hummer_wheel",
                "HeadlightH7",
                "HeadlightH7"
            ],
            "Variants": []
        },
        {
            "ClassName": "rag_hummer_camo_Armored",
            "MaxPriceThreshold": 500000,
            "MinPriceThreshold": 500000,
            "MaxStockThreshold": 1,
            "MinStockThreshold": 1,
            "SellPricePercent": 60.0,
            "QuantityPercent": -1,
            "SpawnAttachments": [
                "CarBattery",
                "CarRadiator",
                "SparkPlug",
                "rag_hummer_door_camo_1",
                "rag_hummer_door_camo_2",
                "rag_hummer_door_camo_3",
                "rag_hummer_door_camo_4",
                "rag_hummer_hood_camo",
                "rag_hummer_trunk_camo",
                "rag_hummer_wheel",
                "rag_hummer_wheel",
                "rag_hummer_wheel",
                "rag_hummer_wheel",
                "rag_hummer_wheel",
                "HeadlightH7",
                "HeadlightH7"
            ],
            "Variants": []
        },
        {
            "ClassName": "rag_hummer_purple_Armored",
            "MaxPriceThreshold": 500000,
            "MinPriceThreshold": 500000,
            "MaxStockThreshold": 1,
            "MinStockThreshold": 1,
            "SellPricePercent": 60.0,
            "QuantityPercent": -1,
            "SpawnAttachments": [
                "CarBattery",
                "CarRadiator",
                "SparkPlug",
                "rag_hummer_door_purple_1",
                "rag_hummer_door_purple_2",
                "rag_hummer_door_purple_3",
                "rag_hummer_door_purple_4",
                "rag_hummer_hood_purple",
                "rag_hummer_trunk_purple",
                "rag_hummer_wheel",
                "rag_hummer_wheel",
                "rag_hummer_wheel",
                "rag_hummer_wheel",
                "rag_hummer_wheel",
                "HeadlightH7",
                "HeadlightH7"
            ],
            "Variants": []
        },
        {
            "ClassName": "rag_hummer_red_Armored",
            "MaxPriceThreshold": 500000,
            "MinPriceThreshold": 500000,
            "MaxStockThreshold": 1,
            "MinStockThreshold": 1,
            "SellPricePercent": 60.0,
            "QuantityPercent": -1,
            "SpawnAttachments": [
                "CarBattery",
                "CarRadiator",
                "SparkPlug",
                "rag_hummer_door_red_1",
                "rag_hummer_door_red_2",
                "rag_hummer_door_red_3",
                "rag_hummer_door_red_4",
                "rag_hummer_hood_red",
                "rag_hummer_trunk_red",
                "rag_hummer_wheel",
                "rag_hummer_wheel",
                "rag_hummer_wheel",
                "rag_hummer_wheel",
                "rag_hummer_wheel",
                "HeadlightH7",
                "HeadlightH7"
            ],
            "Variants": []
        },
        {
            "ClassName": "rag_hummer_winter_Armored",
            "MaxPriceThreshold": 500000,
            "MinPriceThreshold": 500000,
            "MaxStockThreshold": 1,
            "MinStockThreshold": 1,
            "SellPricePercent": 60.0,
            "QuantityPercent": -1,
            "SpawnAttachments": [
                "CarBattery",
                "CarRadiator",
                "SparkPlug",
                "rag_hummer_door_winter_1",
                "rag_hummer_door_winter_2",
                "rag_hummer_door_winter_3",
                "rag_hummer_door_winter_4",
                "rag_hummer_hood_winter",
                "rag_hummer_trunk_winter",
                "rag_hummer_wheel",
                "rag_hummer_wheel",
                "rag_hummer_wheel",
                "rag_hummer_wheel",
                "rag_hummer_wheel",
                "HeadlightH7",
                "HeadlightH7"
            ],
            "Variants": []
        },
        {
            "ClassName": "rag_hummer_anarchy_Armored",
            "MaxPriceThreshold": 550000,
            "MinPriceThreshold": 550000,
            "MaxStockThreshold": 1,
            "MinStockThreshold": 1,
            "SellPricePercent": 60.0,
            "QuantityPercent": -1,
            "SpawnAttachments": [
                "CarBattery",
                "CarRadiator",
                "SparkPlug",
                "rag_hummer_door_anarchy_1",
                "rag_hummer_door_anarchy_2",
                "rag_hummer_door_anarchy_3",
                "rag_hummer_door_anarchy_4",
                "rag_hummer_hood_anarchy",
                "rag_hummer_trunk_anarchy",
                "rag_hummer_wheel",
                "rag_hummer_wheel",
                "rag_hummer_wheel",
                "rag_hummer_wheel",
                "rag_hummer_wheel",
                "HeadlightH7",
                "HeadlightH7"
            ],
            "Variants": []
        },
        {
            "ClassName": "rag_hummer_gold_Armored",
            "MaxPriceThreshold": 550000,
            "MinPriceThreshold": 550000,
            "MaxStockThreshold": 1,
            "MinStockThreshold": 1,
            "SellPricePercent": 60.0,
            "QuantityPercent": -1,
            "SpawnAttachments": [
                "CarBattery",
                "CarRadiator",
                "SparkPlug",
                "rag_hummer_door_gold_1",
                "rag_hummer_door_gold_2",
                "rag_hummer_door_gold_3",
                "rag_hummer_door_gold_4",
                "rag_hummer_hood_gold",
                "rag_hummer_trunk_gold",
                "rag_hummer_wheel",
                "rag_hummer_wheel",
                "rag_hummer_wheel",
                "rag_hummer_wheel",
                "rag_hummer_wheel",
                "HeadlightH7",
                "HeadlightH7"
            ],
            "Variants": []
        }
    ]
}