{
    "m_Version": 12,
    "DisplayName": "Легкові автомобілі",
    "Icon": "Deliver",
    "Color": "FBFCFEFF",
    "IsExchange": 0,
    "InitStockPercent": 75.0,
    "Items": [
        {
            "ClassName": "Chevrolet_NapalmNova_Black",
            "MaxPriceThreshold": 65000,
            "MinPriceThreshold": 65000,
            "MaxStockThreshold": 1,
            "MinStockThreshold": 1,
            "SellPricePercent": 60.0,
            "QuantityPercent": -1,
            "SpawnAttachments": [
                "CarBattery",
                "CarRadiator",
                "SparkPlug",
                "Chevrolet_NapalmNova_Driverdoor",
                "Chevrolet_NapalmNova_CoDriver",
                "Chevrolet_NapalmNova_Trunk",
                "Chevrolet_NapalmNova_Hood",
                "Chevrolet_NapalmNova_Wheel",
                "Chevrolet_NapalmNova_Wheel",
                "Chevrolet_NapalmNova_Wheel",
                "Chevrolet_NapalmNova_Wheel",
                "HeadlightH7",
                "HeadlightH7"
            ],
            "Variants": [
                "Chevrolet_NapalmNova_White",
                "Chevrolet_NapalmNova_Red",
                "Chevrolet_NapalmNova_Blue",
                "Chevrolet_NapalmNova_Green",
                "Chevrolet_NapalmNova_Yellow",
                "Chevrolet_NapalmNova_Pink",
                "Chevrolet_NapalmNova_Purple",
                "Chevrolet_NapalmNova_Orange"
            ]
        },
        {
            "ClassName": "Chevrolet_NapalmNova_White",
            "MaxPriceThreshold": 65000,
            "MinPriceThreshold": 65000,
            "MaxStockThreshold": 1,
            "MinStockThreshold": 1,
            "SellPricePercent": 60.0,
            "QuantityPercent": -1,
            "SpawnAttachments": [
                "CarBattery",
                "CarRadiator",
                "SparkPlug",
                "Chevrolet_NapalmNova_Driverdoor_White",
                "Chevrolet_NapalmNova_CoDriver_White",
                "Chevrolet_NapalmNova_Trunk_White",
                "Chevrolet_NapalmNova_Hood_White",
                "Chevrolet_NapalmNova_Wheel",
                "Chevrolet_NapalmNova_Wheel",
                "Chevrolet_NapalmNova_Wheel",
                "Chevrolet_NapalmNova_Wheel",
                "HeadlightH7",
                "HeadlightH7"
            ],
            "Variants": []
        },
        {
            "ClassName": "Chevrolet_NapalmNova_Red",
            "MaxPriceThreshold": 65000,
            "MinPriceThreshold": 65000,
            "MaxStockThreshold": 1,
            "MinStockThreshold": 1,
            "SellPricePercent": 60.0,
            "QuantityPercent": -1,
            "SpawnAttachments": [
                "CarBattery",
                "CarRadiator",
                "SparkPlug",
                "Chevrolet_NapalmNova_Driverdoor_Red",
                "Chevrolet_NapalmNova_CoDriver_Red",
                "Chevrolet_NapalmNova_Trunk_Red",
                "Chevrolet_NapalmNova_Hood_Red",
                "Chevrolet_NapalmNova_Wheel",
                "Chevrolet_NapalmNova_Wheel",
                "Chevrolet_NapalmNova_Wheel",
                "Chevrolet_NapalmNova_Wheel",
                "HeadlightH7",
                "HeadlightH7"
            ],
            "Variants": []
        },
        {
            "ClassName": "Chevrolet_NapalmNova_Blue",
            "MaxPriceThreshold": 65000,
            "MinPriceThreshold": 65000,
            "MaxStockThreshold": 1,
            "MinStockThreshold": 1,
            "SellPricePercent": 60.0,
            "QuantityPercent": -1,
            "SpawnAttachments": [
                "CarBattery",
                "CarRadiator",
                "SparkPlug",
                "Chevrolet_NapalmNova_Driverdoor_Blue",
                "Chevrolet_NapalmNova_CoDriver_Blue",
                "Chevrolet_NapalmNova_Trunk_Blue",
                "Chevrolet_NapalmNova_Hood_Blue",
                "Chevrolet_NapalmNova_Wheel",
                "Chevrolet_NapalmNova_Wheel",
                "Chevrolet_NapalmNova_Wheel",
                "Chevrolet_NapalmNova_Wheel",
                "HeadlightH7",
                "HeadlightH7"
            ],
            "Variants": []
        },
        {
            "ClassName": "Chevrolet_NapalmNova_Green",
            "MaxPriceThreshold": 65000,
            "MinPriceThreshold": 65000,
            "MaxStockThreshold": 1,
            "MinStockThreshold": 1,
            "SellPricePercent": 60.0,
            "QuantityPercent": -1,
            "SpawnAttachments": [
                "CarBattery",
                "CarRadiator",
                "SparkPlug",
                "Chevrolet_NapalmNova_Driverdoor_Green",
                "Chevrolet_NapalmNova_CoDriver_Green",
                "Chevrolet_NapalmNova_Trunk_Green",
                "Chevrolet_NapalmNova_Hood_Green",
                "Chevrolet_NapalmNova_Wheel",
                "Chevrolet_NapalmNova_Wheel",
                "Chevrolet_NapalmNova_Wheel",
                "Chevrolet_NapalmNova_Wheel",
                "HeadlightH7",
                "HeadlightH7"
            ],
            "Variants": []
        },
        {
            "ClassName": "Chevrolet_NapalmNova_Yellow",
            "MaxPriceThreshold": 65000,
            "MinPriceThreshold": 65000,
            "MaxStockThreshold": 1,
            "MinStockThreshold": 1,
            "SellPricePercent": 60.0,
            "QuantityPercent": -1,
            "SpawnAttachments": [
                "CarBattery",
                "CarRadiator",
                "SparkPlug",
                "Chevrolet_NapalmNova_Driverdoor_Yellow",
                "Chevrolet_NapalmNova_CoDriver_Yellow",
                "Chevrolet_NapalmNova_Trunk_Yellow",
                "Chevrolet_NapalmNova_Hood_Yellow",
                "Chevrolet_NapalmNova_Wheel",
                "Chevrolet_NapalmNova_Wheel",
                "Chevrolet_NapalmNova_Wheel",
                "Chevrolet_NapalmNova_Wheel",
                "HeadlightH7",
                "HeadlightH7"
            ],
            "Variants": []
        },
        {
            "ClassName": "Chevrolet_NapalmNova_Pink",
            "MaxPriceThreshold": 65000,
            "MinPriceThreshold": 65000,
            "MaxStockThreshold": 1,
            "MinStockThreshold": 1,
            "SellPricePercent": 60.0,
            "QuantityPercent": -1,
            "SpawnAttachments": [
                "CarBattery",
                "CarRadiator",
                "SparkPlug",
                "Chevrolet_NapalmNova_Driverdoor_Pink",
                "Chevrolet_NapalmNova_CoDriver_Pink",
                "Chevrolet_NapalmNova_Trunk_Pink",
                "Chevrolet_NapalmNova_Hood_Pink",
                "Chevrolet_NapalmNova_Wheel",
                "Chevrolet_NapalmNova_Wheel",
                "Chevrolet_NapalmNova_Wheel",
                "Chevrolet_NapalmNova_Wheel",
                "HeadlightH7",
                "HeadlightH7"
            ],
            "Variants": []
        },
        {
            "ClassName": "Chevrolet_NapalmNova_Purple",
            "MaxPriceThreshold": 65000,
            "MinPriceThreshold": 65000,
            "MaxStockThreshold": 1,
            "MinStockThreshold": 1,
            "SellPricePercent": 60.0,
            "QuantityPercent": -1,
            "SpawnAttachments": [
                "CarBattery",
                "CarRadiator",
                "SparkPlug",
                "Chevrolet_NapalmNova_Driverdoor_Purple",
                "Chevrolet_NapalmNova_CoDriver_Purple",
                "Chevrolet_NapalmNova_Trunk_Purple",
                "Chevrolet_NapalmNova_Hood_Purple",
                "Chevrolet_NapalmNova_Wheel",
                "Chevrolet_NapalmNova_Wheel",
                "Chevrolet_NapalmNova_Wheel",
                "Chevrolet_NapalmNova_Wheel",
                "HeadlightH7",
                "HeadlightH7"
            ],
            "Variants": []
        },
        {
            "ClassName": "Chevrolet_NapalmNova_Orange",
            "MaxPriceThreshold": 65000,
            "MinPriceThreshold": 65000,
            "MaxStockThreshold": 1,
            "MinStockThreshold": 1,
            "SellPricePercent": 60.0,
            "QuantityPercent": -1,
            "SpawnAttachments": [
                "CarBattery",
                "CarRadiator",
                "SparkPlug",
                "Chevrolet_NapalmNova_Driverdoor_Orange",
                "Chevrolet_NapalmNova_CoDriver_Orange",
                "Chevrolet_NapalmNova_Trunk_Orange",
                "Chevrolet_NapalmNova_Hood_Orange",
                "Chevrolet_NapalmNova_Wheel",
                "Chevrolet_NapalmNova_Wheel",
                "Chevrolet_NapalmNova_Wheel",
                "Chevrolet_NapalmNova_Wheel",
                "HeadlightH7",
                "HeadlightH7"
            ],
            "Variants": []
        },
        {
            "ClassName": "Civic_Black",
            "MaxPriceThreshold": 65000,
            "MinPriceThreshold": 65000,
            "MaxStockThreshold": 1,
            "MinStockThreshold": 1,
            "SellPricePercent": 60.0,
            "QuantityPercent": -1,
            "SpawnAttachments": [
                "CarBattery",
                "CarRadiator",
                "SparkPlug",
                "Honda_Civic_DriverDoor_Black",
                "Honda_Civic_CoDriver_Black",
                "Honda_Civic_Trunk_Black",
                "Honda_Civic_Hood_Black",
                "Honda_Civic_Wheel",
                "Honda_Civic_Wheel",
                "Honda_Civic_Wheel",
                "Honda_Civic_Wheel",
                "HeadlightH7",
                "HeadlightH7"
            ],
            "Variants": [
                "Civic_Red",
                "Civic_Blue",
                "Civic_Green",
                "Civic_Yellow",
                "Civic_White"
            ]
        },
        {
            "ClassName": "Civic_White",
            "MaxPriceThreshold": 65000,
            "MinPriceThreshold": 65000,
            "MaxStockThreshold": 1,
            "MinStockThreshold": 1,
            "SellPricePercent": 60.0,
            "QuantityPercent": -1,
            "SpawnAttachments": [
                "CarBattery",
                "CarRadiator",
                "SparkPlug",
                "Honda_Civic_DriverDoor",
                "Honda_Civic_CoDriver",
                "Honda_Civic_Trunk",
                "Honda_Civic_Hood",
                "Honda_Civic_Wheel",
                "Honda_Civic_Wheel",
                "Honda_Civic_Wheel",
                "Honda_Civic_Wheel",
                "HeadlightH7",
                "HeadlightH7"
            ],
            "Variants": []
        },
        {
            "ClassName": "Civic_Red",
            "MaxPriceThreshold": 65000,
            "MinPriceThreshold": 65000,
            "MaxStockThreshold": 1,
            "MinStockThreshold": 1,
            "SellPricePercent": 60.0,
            "QuantityPercent": -1,
            "SpawnAttachments": [
                "CarBattery",
                "CarRadiator",
                "SparkPlug",
                "Honda_Civic_DriverDoor_Red",
                "Honda_Civic_CoDriver_Red",
                "Honda_Civic_Trunk_Red",
                "Honda_Civic_Hood_Red",
                "Honda_Civic_Wheel",
                "Honda_Civic_Wheel",
                "Honda_Civic_Wheel",
                "Honda_Civic_Wheel",
                "HeadlightH7",
                "HeadlightH7"
            ],
            "Variants": []
        },
        {
            "ClassName": "Civic_Blue",
            "MaxPriceThreshold": 65000,
            "MinPriceThreshold": 65000,
            "MaxStockThreshold": 1,
            "MinStockThreshold": 1,
            "SellPricePercent": 60.0,
            "QuantityPercent": -1,
            "SpawnAttachments": [
                "CarBattery",
                "CarRadiator",
                "SparkPlug",
                "Honda_Civic_DriverDoor_Blue",
                "Honda_Civic_CoDriver_Blue",
                "Honda_Civic_Trunk_Blue",
                "Honda_Civic_Hood_Blue",
                "Honda_Civic_Wheel",
                "Honda_Civic_Wheel",
                "Honda_Civic_Wheel",
                "Honda_Civic_Wheel",
                "HeadlightH7",
                "HeadlightH7"
            ],
            "Variants": []
        },
        {
            "ClassName": "Civic_Green",
            "MaxPriceThreshold": 65000,
            "MinPriceThreshold": 65000,
            "MaxStockThreshold": 1,
            "MinStockThreshold": 1,
            "SellPricePercent": 60.0,
            "QuantityPercent": -1,
            "SpawnAttachments": [
                "CarBattery",
                "CarRadiator",
                "SparkPlug",
                "Honda_Civic_DriverDoor_Green",
                "Honda_Civic_CoDriver_Green",
                "Honda_Civic_Trunk_Green",
                "Honda_Civic_Hood_Green",
                "Honda_Civic_Wheel",
                "Honda_Civic_Wheel",
                "Honda_Civic_Wheel",
                "Honda_Civic_Wheel",
                "HeadlightH7",
                "HeadlightH7"
            ],
            "Variants": []
        },
        {
            "ClassName": "Civic_Yellow",
            "MaxPriceThreshold": 65000,
            "MinPriceThreshold": 65000,
            "MaxStockThreshold": 1,
            "MinStockThreshold": 1,
            "SellPricePercent": 60.0,
            "QuantityPercent": -1,
            "SpawnAttachments": [
                "CarBattery",
                "CarRadiator",
                "SparkPlug",
                "Honda_Civic_DriverDoor_Yellow",
                "Honda_Civic_CoDriver_Yellow",
                "Honda_Civic_Trunk_Yellow",
                "Honda_Civic_Hood_Yellow",
                "Honda_Civic_Wheel",
                "Honda_Civic_Wheel",
                "Honda_Civic_Wheel",
                "Honda_Civic_Wheel",
                "HeadlightH7",
                "HeadlightH7"
            ],
            "Variants": []
        },
        {
            "ClassName": "dodgechargerhellcat_black",
            "MaxPriceThreshold": 110000,
            "MinPriceThreshold": 110000,
            "MaxStockThreshold": 1,
            "MinStockThreshold": 1,
            "SellPricePercent": 60.0,
            "QuantityPercent": -1,
            "SpawnAttachments": [
                "CarBattery",
                "CarRadiator",
                "SparkPlug",
                "dodgecharger_driverdoor",
                "dodgecharger_codriver",
                "dodgecharger_cargo1",
                "dodgecharger_cargo2",
                "dodgecharger_hood",
                "dodgecharger_trunk",
                "dodgecharger_wheel",
                "dodgecharger_wheel",
                "dodgecharger_wheel",
                "dodgecharger_wheel",
                "HeadlightH7",
                "HeadlightH7"
            ],
            "Variants": [
                "dodgechargerhellcat_blue",
                "dodgechargerhellcat_green",
                "dodgechargerhellcat_red",
                "dodgechargerhellcat_pink",
                "dodgechargerhellcat_lightblue",
                "dodgechargerhellcat_white"
            ]
        },
        {
            "ClassName": "dodgechargerhellcat_blue",
            "MaxPriceThreshold": 110000,
            "MinPriceThreshold": 110000,
            "MaxStockThreshold": 1,
            "MinStockThreshold": 1,
            "SellPricePercent": 60.0,
            "QuantityPercent": -1,
            "SpawnAttachments": [
                "CarBattery",
                "CarRadiator",
                "SparkPlug",
                "dodgecharger_driverdoor_blue",
                "dodgecharger_codriver_blue",
                "dodgecharger_cargo1_blue",
                "dodgecharger_cargo2_blue",
                "dodgecharger_hood_blue",
                "dodgecharger_trunk_blue",
                "dodgecharger_wheel",
                "dodgecharger_wheel",
                "dodgecharger_wheel",
                "dodgecharger_wheel",
                "HeadlightH7",
                "HeadlightH7"
            ],
            "Variants": []
        },
        {
            "ClassName": "dodgechargerhellcat_green",
            "MaxPriceThreshold": 110000,
            "MinPriceThreshold": 110000,
            "MaxStockThreshold": 1,
            "MinStockThreshold": 1,
            "SellPricePercent": 60.0,
            "QuantityPercent": -1,
            "SpawnAttachments": [
                "CarBattery",
                "CarRadiator",
                "SparkPlug",
                "dodgecharger_driverdoor_green",
                "dodgecharger_codriver_green",
                "dodgecharger_cargo1_green",
                "dodgecharger_cargo2_green",
                "dodgecharger_hood_green",
                "dodgecharger_trunk_green",
                "dodgecharger_wheel",
                "dodgecharger_wheel",
                "dodgecharger_wheel",
                "dodgecharger_wheel",
                "HeadlightH7",
                "HeadlightH7"
            ],
            "Variants": []
        },
        {
            "ClassName": "dodgechargerhellcat_red",
            "MaxPriceThreshold": 110000,
            "MinPriceThreshold": 110000,
            "MaxStockThreshold": 1,
            "MinStockThreshold": 1,
            "SellPricePercent": 60.0,
            "QuantityPercent": -1,
            "SpawnAttachments": [
                "CarBattery",
                "CarRadiator",
                "SparkPlug",
                "dodgecharger_driverdoor_red",
                "dodgecharger_codriver_red",
                "dodgecharger_cargo1_red",
                "dodgecharger_cargo2_red",
                "dodgecharger_hood_red",
                "dodgecharger_trunk_red",
                "dodgecharger_wheel",
                "dodgecharger_wheel",
                "dodgecharger_wheel",
                "dodgecharger_wheel",
                "HeadlightH7",
                "HeadlightH7"
            ],
            "Variants": []
        },
        {
            "ClassName": "dodgechargerhellcat_pink",
            "MaxPriceThreshold": 110000,
            "MinPriceThreshold": 110000,
            "MaxStockThreshold": 1,
            "MinStockThreshold": 1,
            "SellPricePercent": 60.0,
            "QuantityPercent": -1,
            "SpawnAttachments": [
                "CarBattery",
                "CarRadiator",
                "SparkPlug",
                "dodgecharger_driverdoor_pink",
                "dodgecharger_codriver_pink",
                "dodgecharger_cargo1_pink",
                "dodgecharger_cargo2_pink",
                "dodgecharger_hood_pink",
                "dodgecharger_trunk_pink",
                "dodgecharger_wheel",
                "dodgecharger_wheel",
                "dodgecharger_wheel",
                "dodgecharger_wheel",
                "HeadlightH7",
                "HeadlightH7"
            ],
            "Variants": []
        },
        {
            "ClassName": "dodgechargerhellcat_lightblue",
            "MaxPriceThreshold": 110000,
            "MinPriceThreshold": 110000,
            "MaxStockThreshold": 1,
            "MinStockThreshold": 1,
            "SellPricePercent": 60.0,
            "QuantityPercent": -1,
            "SpawnAttachments": [
                "CarBattery",
                "CarRadiator",
                "SparkPlug",
                "dodgecharger_driverdoor_lightblue",
                "dodgecharger_codriver_lightblue",
                "dodgecharger_cargo1_lightblue",
                "dodgecharger_cargo2_lightblue",
                "dodgecharger_hood_lightblue",
                "dodgecharger_trunk_lightblue",
                "dodgecharger_wheel",
                "dodgecharger_wheel",
                "dodgecharger_wheel",
                "dodgecharger_wheel",
                "HeadlightH7",
                "HeadlightH7"
            ],
            "Variants": []
        },
        {
            "ClassName": "dodgechargerhellcat_white",
            "MaxPriceThreshold": 110000,
            "MinPriceThreshold": 110000,
            "MaxStockThreshold": 1,
            "MinStockThreshold": 1,
            "SellPricePercent": 60.0,
            "QuantityPercent": -1,
            "SpawnAttachments": [
                "CarBattery",
                "CarRadiator",
                "SparkPlug",
                "dodgecharger_driverdoor_white",
                "dodgecharger_codriver_white",
                "dodgecharger_cargo1_white",
                "dodgecharger_cargo2_white",
                "dodgecharger_hood_white",
                "dodgecharger_trunk_white",
                "dodgecharger_wheel",
                "dodgecharger_wheel",
                "dodgecharger_wheel",
                "dodgecharger_wheel",
                "HeadlightH7",
                "HeadlightH7"
            ],
            "Variants": []
        },
        {
            "ClassName": "Audi_RS6_ABT_White",
            "MaxPriceThreshold": 500000,
            "MinPriceThreshold": 500000,
            "MaxStockThreshold": 1,
            "MinStockThreshold": 1,
            "SellPricePercent": 60.0,
            "QuantityPercent": -1,
            "SpawnAttachments": [
                "CarBattery",
                "CarRadiator",
                "SparkPlug",
                "Audi_RS6_ABT_Driver",
                "Audi_RS6_ABT_CoDriver",
                "Audi_RS6_ABT_Cargo1",
                "Audi_RS6_ABT_Cargo2",
                "Audi_RS6_ABT_Hood",
                "Audi_RS6_ABT_Trunk",
                "Audi_RS6_ABT_Wheel",
                "Audi_RS6_ABT_Wheel",
                "Audi_RS6_ABT_Wheel",
                "Audi_RS6_ABT_Wheel",
                "HeadlightH7",
                "HeadlightH7"
            ],
            "Variants": [
                "Audi_RS6_ABT_Red",
                "Audi_RS6_ABT_Blue",
                "Audi_RS6_ABT_Yellow",
                "Audi_RS6_ABT_Green",
                "Audi_RS6_ABT_Pink",
                "Audi_RS6_ABT_Teal",
                "Audi_RS6_ABT_MidNightBlue",
                "Audi_RS6_ABT_Black"
            ]
        },
        {
            "ClassName": "Audi_RS6_ABT_Red",
            "MaxPriceThreshold": 500000,
            "MinPriceThreshold": 500000,
            "MaxStockThreshold": 1,
            "MinStockThreshold": 1,
            "SellPricePercent": 60.0,
            "QuantityPercent": -1,
            "SpawnAttachments": [
                "CarBattery",
                "CarRadiator",
                "SparkPlug",
                "Audi_RS6_ABT_Driver_Red",
                "Audi_RS6_ABT_CoDriver_Red",
                "Audi_RS6_ABT_Cargo1_Red",
                "Audi_RS6_ABT_Cargo2_Red",
                "Audi_RS6_ABT_Hood_Red",
                "Audi_RS6_ABT_Trunk_Red",
                "Audi_RS6_ABT_Wheel",
                "Audi_RS6_ABT_Wheel",
                "Audi_RS6_ABT_Wheel",
                "Audi_RS6_ABT_Wheel",
                "HeadlightH7",
                "HeadlightH7"
            ],
            "Variants": []
        },
        {
            "ClassName": "Audi_RS6_ABT_Blue",
            "MaxPriceThreshold": 500000,
            "MinPriceThreshold": 500000,
            "MaxStockThreshold": 1,
            "MinStockThreshold": 1,
            "SellPricePercent": 60.0,
            "QuantityPercent": -1,
            "SpawnAttachments": [
                "CarBattery",
                "CarRadiator",
                "SparkPlug",
                "Audi_RS6_ABT_Driver_Blue",
                "Audi_RS6_ABT_CoDriver_Blue",
                "Audi_RS6_ABT_Cargo1_Blue",
                "Audi_RS6_ABT_Cargo2_Blue",
                "Audi_RS6_ABT_Hood_Blue",
                "Audi_RS6_ABT_Trunk_Blue",
                "Audi_RS6_ABT_Wheel",
                "Audi_RS6_ABT_Wheel",
                "Audi_RS6_ABT_Wheel",
                "Audi_RS6_ABT_Wheel",
                "HeadlightH7",
                "HeadlightH7"
            ],
            "Variants": []
        },
        {
            "ClassName": "Audi_RS6_ABT_Yellow",
            "MaxPriceThreshold": 500000,
            "MinPriceThreshold": 500000,
            "MaxStockThreshold": 1,
            "MinStockThreshold": 1,
            "SellPricePercent": 60.0,
            "QuantityPercent": -1,
            "SpawnAttachments": [
                "CarBattery",
                "CarRadiator",
                "SparkPlug",
                "Audi_RS6_ABT_Driver_Yellow",
                "Audi_RS6_ABT_CoDriver_Yellow",
                "Audi_RS6_ABT_Cargo1_Yellow",
                "Audi_RS6_ABT_Cargo2_Yellow",
                "Audi_RS6_ABT_Hood_Yellow",
                "Audi_RS6_ABT_Trunk_Yellow",
                "Audi_RS6_ABT_Wheel",
                "Audi_RS6_ABT_Wheel",
                "Audi_RS6_ABT_Wheel",
                "Audi_RS6_ABT_Wheel",
                "HeadlightH7",
                "HeadlightH7"
            ],
            "Variants": []
        },
        {
            "ClassName": "Audi_RS6_ABT_Green",
            "MaxPriceThreshold": 500000,
            "MinPriceThreshold": 500000,
            "MaxStockThreshold": 1,
            "MinStockThreshold": 1,
            "SellPricePercent": 60.0,
            "QuantityPercent": -1,
            "SpawnAttachments": [
                "CarBattery",
                "CarRadiator",
                "SparkPlug",
                "Audi_RS6_ABT_Driver_Green",
                "Audi_RS6_ABT_CoDriver_Green",
                "Audi_RS6_ABT_Cargo1_Green",
                "Audi_RS6_ABT_Cargo2_Green",
                "Audi_RS6_ABT_Hood_Green",
                "Audi_RS6_ABT_Trunk_Green",
                "Audi_RS6_ABT_Wheel",
                "Audi_RS6_ABT_Wheel",
                "Audi_RS6_ABT_Wheel",
                "Audi_RS6_ABT_Wheel",
                "HeadlightH7",
                "HeadlightH7"
            ],
            "Variants": []
        },
        {
            "ClassName": "Audi_RS6_ABT_Pink",
            "MaxPriceThreshold": 500000,
            "MinPriceThreshold": 500000,
            "MaxStockThreshold": 1,
            "MinStockThreshold": 1,
            "SellPricePercent": 60.0,
            "QuantityPercent": -1,
            "SpawnAttachments": [
                "CarBattery",
                "CarRadiator",
                "SparkPlug",
                "Audi_RS6_ABT_Driver_Pink",
                "Audi_RS6_ABT_CoDriver_Pink",
                "Audi_RS6_ABT_Cargo1_Pink",
                "Audi_RS6_ABT_Cargo2_Pink",
                "Audi_RS6_ABT_Hood_Pink",
                "Audi_RS6_ABT_Trunk_Pink",
                "Audi_RS6_ABT_Wheel",
                "Audi_RS6_ABT_Wheel",
                "Audi_RS6_ABT_Wheel",
                "Audi_RS6_ABT_Wheel",
                "HeadlightH7",
                "HeadlightH7"
            ],
            "Variants": []
        },
        {
            "ClassName": "Audi_RS6_ABT_Teal",
            "MaxPriceThreshold": 500000,
            "MinPriceThreshold": 500000,
            "MaxStockThreshold": 1,
            "MinStockThreshold": 1,
            "SellPricePercent": 60.0,
            "QuantityPercent": -1,
            "SpawnAttachments": [
                "CarBattery",
                "CarRadiator",
                "SparkPlug",
                "Audi_RS6_ABT_Driver_Teal",
                "Audi_RS6_ABT_CoDriver_Teal",
                "Audi_RS6_ABT_Cargo1_Teal",
                "Audi_RS6_ABT_Cargo2_Teal",
                "Audi_RS6_ABT_Hood_Teal",
                "Audi_RS6_ABT_Trunk_Teal",
                "Audi_RS6_ABT_Wheel",
                "Audi_RS6_ABT_Wheel",
                "Audi_RS6_ABT_Wheel",
                "Audi_RS6_ABT_Wheel",
                "HeadlightH7",
                "HeadlightH7"
            ],
            "Variants": []
        },
        {
            "ClassName": "Audi_RS6_ABT_MidNightBlue",
            "MaxPriceThreshold": 500000,
            "MinPriceThreshold": 500000,
            "MaxStockThreshold": 1,
            "MinStockThreshold": 1,
            "SellPricePercent": 60.0,
            "QuantityPercent": -1,
            "SpawnAttachments": [
                "CarBattery",
                "CarRadiator",
                "SparkPlug",
                "Audi_RS6_ABT_Driver_MidNightBlue",
                "Audi_RS6_ABT_CoDriver_MidNightBlue",
                "Audi_RS6_ABT_Cargo1_MidNightBlue",
                "Audi_RS6_ABT_Cargo2_MidNightBlue",
                "Audi_RS6_ABT_Hood_MidNightBlue",
                "Audi_RS6_ABT_Trunk_MidNightBlue",
                "Audi_RS6_ABT_Wheel",
                "Audi_RS6_ABT_Wheel",
                "Audi_RS6_ABT_Wheel",
                "Audi_RS6_ABT_Wheel",
                "HeadlightH7",
                "HeadlightH7"
            ],
            "Variants": []
        },
        {
            "ClassName": "Audi_RS6_ABT_Black",
            "MaxPriceThreshold": 500000,
            "MinPriceThreshold": 500000,
            "MaxStockThreshold": 1,
            "MinStockThreshold": 1,
            "SellPricePercent": 60.0,
            "QuantityPercent": -1,
            "SpawnAttachments": [
                "CarBattery",
                "CarRadiator",
                "SparkPlug",
                "Audi_RS6_ABT_Driver_Black",
                "Audi_RS6_ABT_CoDriver_Black",
                "Audi_RS6_ABT_Cargo1_Black",
                "Audi_RS6_ABT_Cargo2_Black",
                "Audi_RS6_ABT_Hood_Black",
                "Audi_RS6_ABT_Trunk_Black",
                "Audi_RS6_ABT_Wheel",
                "Audi_RS6_ABT_Wheel",
                "Audi_RS6_ABT_Wheel",
                "Audi_RS6_ABT_Wheel",
                "HeadlightH7",
                "HeadlightH7"
            ],
            "Variants": []
        },
        {
            "ClassName": "Dodge_ChallengerSRT_White",
            "MaxPriceThreshold": 90000,
            "MinPriceThreshold": 90000,
            "MaxStockThreshold": 1,
            "MinStockThreshold": 1,
            "SellPricePercent": 60.0,
            "QuantityPercent": -1,
            "SpawnAttachments": [
                "CarBattery",
                "CarRadiator",
                "SparkPlug",
                "Dodge_Challenger_Driver",
                "Dodge_Challenger_CoDriver",
                "Dodge_Challenger_Trunk",
                "Dodge_Challenger_Hood",
                "Dodge_Challenger_Wheel",
                "Dodge_Challenger_Wheel",
                "Dodge_Challenger_Wheel",
                "Dodge_Challenger_Wheel",
                "HeadlightH7",
                "HeadlightH7"
            ],
            "Variants": [
                "Dodge_ChallengerSRT_DarkBlue",
                "Dodge_ChallengerSRT_Black",
                "Dodge_ChallengerSRT_Blue",
                "Dodge_ChallengerSRT_Red",
                "Dodge_ChallengerSRT_Green",
                "Dodge_ChallengerSRT_Orange"
            ]
        },
        {
            "ClassName": "Dodge_ChallengerSRT_DarkBlue",
            "MaxPriceThreshold": 90000,
            "MinPriceThreshold": 90000,
            "MaxStockThreshold": 1,
            "MinStockThreshold": 1,
            "SellPricePercent": 60.0,
            "QuantityPercent": -1,
            "SpawnAttachments": [
                "CarBattery",
                "CarRadiator",
                "SparkPlug",
                "Dodge_Challenger_Driver_DarkBlue",
                "Dodge_Challenger_CoDriver_DarkBlue",
                "Dodge_Challenger_Trunk_DarkBlue",
                "Dodge_Challenger_Hood_DarkBlue",
                "Dodge_Challenger_Wheel",
                "Dodge_Challenger_Wheel",
                "Dodge_Challenger_Wheel",
                "Dodge_Challenger_Wheel",
                "HeadlightH7",
                "HeadlightH7"
            ],
            "Variants": []
        },
        {
            "ClassName": "Dodge_ChallengerSRT_Black",
            "MaxPriceThreshold": 90000,
            "MinPriceThreshold": 90000,
            "MaxStockThreshold": 1,
            "MinStockThreshold": 1,
            "SellPricePercent": 60.0,
            "QuantityPercent": -1,
            "SpawnAttachments": [
                "CarBattery",
                "CarRadiator",
                "SparkPlug",
                "Dodge_Challenger_Driver_Black",
                "Dodge_Challenger_CoDriver_Black",
                "Dodge_Challenger_Trunk_Black",
                "Dodge_Challenger_Hood_Black",
                "Dodge_Challenger_Wheel",
                "Dodge_Challenger_Wheel",
                "Dodge_Challenger_Wheel",
                "Dodge_Challenger_Wheel",
                "HeadlightH7",
                "HeadlightH7"
            ],
            "Variants": []
        },
        {
            "ClassName": "Dodge_ChallengerSRT_Blue",
            "MaxPriceThreshold": 90000,
            "MinPriceThreshold": 90000,
            "MaxStockThreshold": 1,
            "MinStockThreshold": 1,
            "SellPricePercent": 60.0,
            "QuantityPercent": -1,
            "SpawnAttachments": [
                "CarBattery",
                "CarRadiator",
                "SparkPlug",
                "Dodge_Challenger_Driver_Blue",
                "Dodge_Challenger_CoDriver_Blue",
                "Dodge_Challenger_Trunk_Blue",
                "Dodge_Challenger_Hood_Blue",
                "Dodge_Challenger_Wheel",
                "Dodge_Challenger_Wheel",
                "Dodge_Challenger_Wheel",
                "Dodge_Challenger_Wheel",
                "HeadlightH7",
                "HeadlightH7"
            ],
            "Variants": []
        },
        {
            "ClassName": "Dodge_ChallengerSRT_Red",
            "MaxPriceThreshold": 90000,
            "MinPriceThreshold": 90000,
            "MaxStockThreshold": 1,
            "MinStockThreshold": 1,
            "SellPricePercent": 60.0,
            "QuantityPercent": -1,
            "SpawnAttachments": [
                "CarBattery",
                "CarRadiator",
                "SparkPlug",
                "Dodge_Challenger_Driver_Red",
                "Dodge_Challenger_CoDriver_Red",
                "Dodge_Challenger_Trunk_Red",
                "Dodge_Challenger_Hood_Red",
                "Dodge_Challenger_Wheel",
                "Dodge_Challenger_Wheel",
                "Dodge_Challenger_Wheel",
                "Dodge_Challenger_Wheel",
                "HeadlightH7",
                "HeadlightH7"
            ],
            "Variants": []
        },
        {
            "ClassName": "Dodge_ChallengerSRT_Green",
            "MaxPriceThreshold": 90000,
            "MinPriceThreshold": 90000,
            "MaxStockThreshold": 1,
            "MinStockThreshold": 1,
            "SellPricePercent": 60.0,
            "QuantityPercent": -1,
            "SpawnAttachments": [
                "CarBattery",
                "CarRadiator",
                "SparkPlug",
                "Dodge_Challenger_Driver_Green",
                "Dodge_Challenger_CoDriver_Green",
                "Dodge_Challenger_Trunk_Green",
                "Dodge_Challenger_Hood_Green",
                "Dodge_Challenger_Wheel",
                "Dodge_Challenger_Wheel",
                "Dodge_Challenger_Wheel",
                "Dodge_Challenger_Wheel",
                "HeadlightH7",
                "HeadlightH7"
            ],
            "Variants": []
        },
        {
            "ClassName": "Dodge_ChallengerSRT_Orange",
            "MaxPriceThreshold": 90000,
            "MinPriceThreshold": 90000,
            "MaxStockThreshold": 1,
            "MinStockThreshold": 1,
            "SellPricePercent": 60.0,
            "QuantityPercent": -1,
            "SpawnAttachments": [
                "CarBattery",
                "CarRadiator",
                "SparkPlug",
                "Dodge_Challenger_Driver_Orange",
                "Dodge_Challenger_CoDriver_Orange",
                "Dodge_Challenger_Trunk_Orange",
                "Dodge_Challenger_Hood_Orange",
                "Dodge_Challenger_Wheel",
                "Dodge_Challenger_Wheel",
                "Dodge_Challenger_Wheel",
                "Dodge_Challenger_Wheel",
                "HeadlightH7",
                "HeadlightH7"
            ],
            "Variants": []
        },
        {
            "ClassName": "NissanGTRNismo_White",
            "MaxPriceThreshold": 550000,
            "MinPriceThreshold": 550000,
            "MaxStockThreshold": 1,
            "MinStockThreshold": 1,
            "SellPricePercent": 60.0,
            "QuantityPercent": -1,
            "SpawnAttachments": [
                "CarBattery",
                "CarRadiator",
                "SparkPlug",
                "NissanGTRNismo_Driverdoor",
                "NissanGTRNismo_Codriverdoor",
                "NissanGTRNismo_Trunk",
                "NissanGTRNismo_Hood",
                "NissanGTRNismo_Wheel",
                "NissanGTRNismo_Wheel",
                "NissanGTRNismo_Wheel",
                "NissanGTRNismo_Wheel",
                "HeadlightH7",
                "HeadlightH7"
            ],
            "Variants": [
                "NissanGTRNismo_Red",
                "NissanGTRNismo_Black",
                "NissanGTRNismo_DarkPurple",
                "NissanGTR_White",
                "NissanGTR_Green",
                "NissanGTR_Orange",
                "NissanGTR_Pink",
                "NissanGTR_Red",
                "NissanGTRCustom_Black",
                "NissanGTRCustom_Blood",
                "NissanGTRCustom_LB",
                "NissanGTRCustom_Pink"
            ]
        },
        {
            "ClassName": "NissanGTRNismo_Red",
            "MaxPriceThreshold": 550000,
            "MinPriceThreshold": 550000,
            "MaxStockThreshold": 1,
            "MinStockThreshold": 1,
            "SellPricePercent": 60.0,
            "QuantityPercent": -1,
            "SpawnAttachments": [
                "CarBattery",
                "CarRadiator",
                "SparkPlug",
                "NissanGTRNismo_Driverdoor_Red",
                "NissanGTRNismo_Codriverdoor_Red",
                "NissanGTRNismo_Trunk_Red",
                "NissanGTRNismo_Hood_Red",
                "NissanGTRNismo_Wheel",
                "NissanGTRNismo_Wheel",
                "NissanGTRNismo_Wheel",
                "NissanGTRNismo_Wheel",
                "HeadlightH7",
                "HeadlightH7"
            ],
            "Variants": []
        },
        {
            "ClassName": "NissanGTRNismo_Black",
            "MaxPriceThreshold": 550000,
            "MinPriceThreshold": 550000,
            "MaxStockThreshold": 1,
            "MinStockThreshold": 1,
            "SellPricePercent": 60.0,
            "QuantityPercent": -1,
            "SpawnAttachments": [
                "CarBattery",
                "CarRadiator",
                "SparkPlug",
                "NissanGTR_Driverdoor_Black",
                "NissanGTR_Codriverdoor_Black",
                "NissanGTR_Trunk_Black",
                "NissanGTR_Hood_Black",
                "NissanGTRNismo_Wheel",
                "NissanGTRNismo_Wheel",
                "NissanGTRNismo_Wheel",
                "NissanGTRNismo_Wheel",
                "HeadlightH7",
                "HeadlightH7"
            ],
            "Variants": []
        },
        {
            "ClassName": "NissanGTRNismo_DarkPurple",
            "MaxPriceThreshold": 550000,
            "MinPriceThreshold": 550000,
            "MaxStockThreshold": 1,
            "MinStockThreshold": 1,
            "SellPricePercent": 60.0,
            "QuantityPercent": -1,
            "SpawnAttachments": [
                "CarBattery",
                "CarRadiator",
                "SparkPlug",
                "NissanGTR_Driverdoor_DarkPurple",
                "NissanGTR_Codriverdoor_DarkPurple",
                "NissanGTR_Trunk_DarkPurple",
                "NissanGTR_Hood_DarkPurple",
                "NissanGTRNismo_Wheel",
                "NissanGTRNismo_Wheel",
                "NissanGTRNismo_Wheel",
                "NissanGTRNismo_Wheel",
                "HeadlightH7",
                "HeadlightH7"
            ],
            "Variants": []
        },
        {
            "ClassName": "NissanGTR_White",
            "MaxPriceThreshold": 550000,
            "MinPriceThreshold": 550000,
            "MaxStockThreshold": 1,
            "MinStockThreshold": 1,
            "SellPricePercent": 60.0,
            "QuantityPercent": -1,
            "SpawnAttachments": [
                "CarBattery",
                "CarRadiator",
                "SparkPlug",
                "NissanGTR_Driverdoor_White",
                "NissanGTR_Codriverdoor_White",
                "NissanGTR_Trunk_White",
                "NissanGTR_Hood_White",
                "NissanGTRNismo_Wheel",
                "NissanGTRNismo_Wheel",
                "NissanGTRNismo_Wheel",
                "NissanGTRNismo_Wheel",
                "HeadlightH7",
                "HeadlightH7"
            ],
            "Variants": []
        },
        {
            "ClassName": "NissanGTR_Green",
            "MaxPriceThreshold": 550000,
            "MinPriceThreshold": 550000,
            "MaxStockThreshold": 1,
            "MinStockThreshold": 1,
            "SellPricePercent": 60.0,
            "QuantityPercent": -1,
            "SpawnAttachments": [
                "CarBattery",
                "CarRadiator",
                "SparkPlug",
                "NissanGTR_Driverdoor_Green",
                "NissanGTR_Codriverdoor_Green",
                "NissanGTR_Trunk_Green",
                "NissanGTR_Hood_Green",
                "NissanGTRNismo_Wheel",
                "NissanGTRNismo_Wheel",
                "NissanGTRNismo_Wheel",
                "NissanGTRNismo_Wheel",
                "HeadlightH7",
                "HeadlightH7"
            ],
            "Variants": []
        },
        {
            "ClassName": "NissanGTR_Orange",
            "MaxPriceThreshold": 550000,
            "MinPriceThreshold": 550000,
            "MaxStockThreshold": 1,
            "MinStockThreshold": 1,
            "SellPricePercent": 60.0,
            "QuantityPercent": -1,
            "SpawnAttachments": [
                "CarBattery",
                "CarRadiator",
                "SparkPlug",
                "NissanGTR_Driverdoor_Orange",
                "NissanGTR_Codriverdoor_Orange",
                "NissanGTR_Trunk_Orange",
                "NissanGTR_Hood_Orange",
                "NissanGTRNismo_Wheel",
                "NissanGTRNismo_Wheel",
                "NissanGTRNismo_Wheel",
                "NissanGTRNismo_Wheel",
                "HeadlightH7",
                "HeadlightH7"
            ],
            "Variants": []
        },
        {
            "ClassName": "NissanGTR_Pink",
            "MaxPriceThreshold": 550000,
            "MinPriceThreshold": 550000,
            "MaxStockThreshold": 1,
            "MinStockThreshold": 1,
            "SellPricePercent": 60.0,
            "QuantityPercent": -1,
            "SpawnAttachments": [
                "CarBattery",
                "CarRadiator",
                "SparkPlug",
                "NissanGTR_Driverdoor_Pink",
                "NissanGTR_Codriverdoor_Pink",
                "NissanGTR_Trunk_Pink",
                "NissanGTR_Hood_Pink",
                "NissanGTRNismo_Wheel",
                "NissanGTRNismo_Wheel",
                "NissanGTRNismo_Wheel",
                "NissanGTRNismo_Wheel",
                "HeadlightH7",
                "HeadlightH7"
            ],
            "Variants": []
        },
        {
            "ClassName": "NissanGTR_Red",
            "MaxPriceThreshold": 550000,
            "MinPriceThreshold": 550000,
            "MaxStockThreshold": 1,
            "MinStockThreshold": 1,
            "SellPricePercent": 60.0,
            "QuantityPercent": -1,
            "SpawnAttachments": [
                "CarBattery",
                "CarRadiator",
                "SparkPlug",
                "NissanGTR_Driverdoor_Red",
                "NissanGTR_Codriverdoor_Red",
                "NissanGTR_Trunk_Red",
                "NissanGTR_Hood_Red",
                "NissanGTRNismo_Wheel",
                "NissanGTRNismo_Wheel",
                "NissanGTRNismo_Wheel",
                "NissanGTRNismo_Wheel",
                "HeadlightH7",
                "HeadlightH7"
            ],
            "Variants": []
        },
        {
            "ClassName": "NissanGTRCustom_Black",
            "MaxPriceThreshold": 550000,
            "MinPriceThreshold": 550000,
            "MaxStockThreshold": 1,
            "MinStockThreshold": 1,
            "SellPricePercent": 60.0,
            "QuantityPercent": -1,
            "SpawnAttachments": [
                "CarBattery",
                "CarRadiator",
                "SparkPlug",
                "NissanGTRCustom_Driverdoor_Black",
                "NissanGTRCustom_Codriverdoor_Black",
                "NissanGTRCustom_Trunk_Black",
                "NissanGTRCustom_Hood_Black",
                "NissanGTRNismo_Wheel",
                "NissanGTRNismo_Wheel",
                "NissanGTRNismo_Wheel",
                "NissanGTRNismo_Wheel",
                "HeadlightH7",
                "HeadlightH7"
            ],
            "Variants": []
        },
        {
            "ClassName": "NissanGTRCustom_Blood",
            "MaxPriceThreshold": 550000,
            "MinPriceThreshold": 550000,
            "MaxStockThreshold": 1,
            "MinStockThreshold": 1,
            "SellPricePercent": 60.0,
            "QuantityPercent": -1,
            "SpawnAttachments": [
                "CarBattery",
                "CarRadiator",
                "SparkPlug",
                "NissanGTRCustom_Driverdoor_Blood",
                "NissanGTRCustom_Codriverdoor_Blood",
                "NissanGTRCustom_Trunk_Blood",
                "NissanGTRCustom_Hood_Blood",
                "NissanGTRNismo_Wheel",
                "NissanGTRNismo_Wheel",
                "NissanGTRNismo_Wheel",
                "NissanGTRNismo_Wheel",
                "HeadlightH7",
                "HeadlightH7"
            ],
            "Variants": []
        },
        {
            "ClassName": "NissanGTRCustom_LB",
            "MaxPriceThreshold": 550000,
            "MinPriceThreshold": 550000,
            "MaxStockThreshold": 1,
            "MinStockThreshold": 1,
            "SellPricePercent": 60.0,
            "QuantityPercent": -1,
            "SpawnAttachments": [
                "CarBattery",
                "CarRadiator",
                "SparkPlug",
                "NissanGTRCustom_Driverdoor_LB",
                "NissanGTRCustom_Codriverdoor_LB",
                "NissanGTRCustom_Trunk_LB",
                "NissanGTRCustom_Hood_LB",
                "NissanGTRNismo_Wheel",
                "NissanGTRNismo_Wheel",
                "NissanGTRNismo_Wheel",
                "NissanGTRNismo_Wheel",
                "HeadlightH7",
                "HeadlightH7"
            ],
            "Variants": []
        },
        {
            "ClassName": "NissanGTRCustom_Pink",
            "MaxPriceThreshold": 550000,
            "MinPriceThreshold": 550000,
            "MaxStockThreshold": 1,
            "MinStockThreshold": 1,
            "SellPricePercent": 60.0,
            "QuantityPercent": -1,
            "SpawnAttachments": [
                "CarBattery",
                "CarRadiator",
                "SparkPlug",
                "NissanGTRCustom_Driverdoor_Pink",
                "NissanGTRCustom_Codriverdoor_Pink",
                "NissanGTRCustom_Trunk_Pink",
                "NissanGTRCustom_Hood_Pink",
                "NissanGTRNismo_Wheel",
                "NissanGTRNismo_Wheel",
                "NissanGTRNismo_Wheel",
                "NissanGTRNismo_Wheel",
                "HeadlightH7",
                "HeadlightH7"
            ],
            "Variants": []
        }
    ]
}