{
    "m_Version": 12,
    "DisplayName": "#STR_EXPANSION_MARKET_CATEGORY_CARS",
    "Icon": "Deliver",
    "Color": "FBFCFEFF",
    "IsExchange": 0,
    "InitStockPercent": 75.0,
    "Items": [
        {
            "ClassName": "rag_atv_blue",
            "MaxPriceThreshold": 12000,
            "MinPriceThreshold": 12000,
            "MaxStockThreshold": 1,
            "MinStockThreshold": 1,
            "SellPricePercent": 10.0,
            "QuantityPercent": -1,
            "SpawnAttachments": [
                "SparkPlug",
                "CarBattery",
                "CarRadiator",
                "rag_atv_wheel",
                "rag_atv_wheel",
                "rag_atv_wheel",
                "rag_atv_wheel",
                "HeadlightH7",
                "HeadlightH7"
            ],
            "Variants": [
                "rag_atv_red",
                "rag_atv_green",
                "rag_atv_pink",
                "rag_atv_white",
                "rag_atv_black"
            ]
        },
        {
            "ClassName": "hatchback_02",
            "MaxPriceThreshold": 30000,
            "MinPriceThreshold": 30000,
            "SellPricePercent": 60.0,
            "MaxStockThreshold": 1,
            "MinStockThreshold": 1,
            "QuantityPercent": -1,
            "SpawnAttachments": [
                "hatchback_02_wheel",
                "hatchback_02_wheel",
                "hatchback_02_wheel",
                "hatchback_02_wheel",
                "hatchback_02_wheel",
                "hatchback_02_door_1_1",
                "hatchback_02_door_2_1",
                "hatchback_02_door_1_2",
                "hatchback_02_door_2_2",
                "hatchback_02_hood",
                "hatchback_02_trunk",
                "carbattery",
                "carradiator",
                "sparkplug",
                "headlighth7",
                "headlighth7"
            ],
            "Variants": []
        },
        {
            "ClassName": "sedan_02",
            "MaxPriceThreshold": 20000,
            "MinPriceThreshold": 20000,
            "SellPricePercent": 60.0,
            "MaxStockThreshold": 1,
            "MinStockThreshold": 1,
            "QuantityPercent": -1,
            "SpawnAttachments": [
                "sedan_02_wheel",
                "sedan_02_wheel",
                "sedan_02_wheel",
                "sedan_02_wheel",
                "sedan_02_wheel",
                "carbattery",
                "carradiator",
                "sparkplug",
                "sedan_02_hood",
                "sedan_02_trunk",
                "sedan_02_door_1_1",
                "sedan_02_door_2_1",
                "sedan_02_door_1_2",
                "sedan_02_door_2_2",
                "headlighth7",
                "headlighth7"
            ],
            "Variants": []
        },
        {
            "ClassName": "OffroadHatchback",
            "MaxPriceThreshold": 40000,
            "MinPriceThreshold": 40000,
            "SellPricePercent": 60.0,
            "MaxStockThreshold": 1,
            "MinStockThreshold": 1,
            "QuantityPercent": -1,
            "SpawnAttachments": [
                "HatchbackWheel",
                "HatchbackWheel",
                "HatchbackWheel",
                "HatchbackWheel",
                "HatchbackWheel",
                "carbattery",
                "carradiator",
                "sparkplug",
                "HatchbackDoors_Driver",
                "HatchbackDoors_CoDriver",
                "HatchbackHood",
                "HatchbackTrunk",
                "headlighth7",
                "headlighth7"
            ],
            "Variants": []
        },
        {
            "ClassName": "civiliansedan",
            "MaxPriceThreshold": 35000,
            "MinPriceThreshold": 35000,
            "SellPricePercent": 60.0,
            "MaxStockThreshold": 1,
            "MinStockThreshold": 1,
            "QuantityPercent": -1,
            "SpawnAttachments": [
                "civsedanwheel",
                "civsedanwheel",
                "civsedanwheel",
                "civsedanwheel",
                "civsedanwheel",
                "carbattery",
                "carradiator",
                "sparkplug",
                "civsedanhood",
                "civsedantrunk",
                "civsedandoors_driver",
                "civsedandoors_codriver",
                "civsedandoors_backleft",
                "civsedandoors_backright",
                "headlighth7",
                "headlighth7"
            ],
            "Variants": []
        },
        {
            "ClassName": "truck_01_covered",
            "MaxPriceThreshold": 330000,
            "MinPriceThreshold": 330000,
            "SellPricePercent": 60.0,
            "MaxStockThreshold": 1,
            "MinStockThreshold": 1,
            "QuantityPercent": -1,
            "SpawnAttachments": [
                "truck_01_wheel",
                "truck_01_wheel",
                "truck_01_wheel",
                "truck_01_wheel",
                "truck_01_wheeldouble",
                "truck_01_wheeldouble",
                "truck_01_wheeldouble",
                "truck_01_wheeldouble",
                "truckbattery",
                "truck_01_hood",
                "truck_01_door_1_1",
                "truck_01_door_2_1",
                "headlighth7",
                "headlighth7"
            ],
            "Variants": []
        }
    ]
}