{
    "m_Version": 12,
    "DisplayName": "Модові магазини",
    "Icon": "Deliver",
    "Color": "FBFCFEFF",
    "IsExchange": 0,
    "InitStockPercent": 75.0,
    "Items": [
        {
            "ClassName": "SCWS_M82A1_Magazine",
            "MaxPriceThreshold": 3000,
            "MinPriceThreshold": 3000,
            "SellPricePercent": 1,
            "MaxStockThreshold": 1,
            "MinStockThreshold": 1,
            "QuantityPercent": -1,
            "SpawnAttachments": [],
            "Variants": []
        },
        {
            "ClassName": "SCWSGM6LYNX_Magazine",
            "MaxPriceThreshold": 3000,
            "MinPriceThreshold": 3000,
            "SellPricePercent": 1,
            "MaxStockThreshold": 1,
            "MinStockThreshold": 1,
            "QuantityPercent": -1,
            "SpawnAttachments": [],
            "Variants": []
        },
        {
            "ClassName": "SCWS_M200_Magazine",
            "MaxPriceThreshold": 2000,
            "MinPriceThreshold": 2000,
            "SellPricePercent": 1,
            "MaxStockThreshold": 1,
            "MinStockThreshold": 1,
            "QuantityPercent": -1,
            "SpawnAttachments": [],
            "Variants": []
        },
        {
            "ClassName": "SCWS_DT408_Magazine",
            "MaxPriceThreshold": 2000,
            "MinPriceThreshold": 2000,
            "SellPricePercent": 1,
            "MaxStockThreshold": 1,
            "MinStockThreshold": 1,
            "QuantityPercent": -1,
            "SpawnAttachments": [],
            "Variants": []
        }
    ]
}