{
    "ClassName": "",
    "Include": "",
    "Chance": 1.0,
    "Quantity": {
        "Min": 0.0,
        "Max": 0.0
    },
    "Health": [],
    "InventoryAttachments": [
        {
            "SlotName": "Body",
            "Items": [
                {
                    "ClassName": "HuntingJacket_Autumn",
                    "Include": "",
                    "Chance": 1.0,
                    "Quantity": {
                        "Min": 0.0,
                        "Max": 0.0
                    },
                    "Health": [
                        {
                            "Min": 0.499999988079071,
                            "Max": 1.0,
                            "Zone": ""
                        }
                    ],
                    "InventoryAttachments": [],
                    "InventoryCargo": [],
                    "ConstructionPartsBuilt": [],
                    "Sets": []
                },
                {
                    "ClassName": "HuntingJacket_Winter",
                    "Include": "",
                    "Chance": 1.0,
                    "Quantity": {
                        "Min": 0.0,
                        "Max": 0.0
                    },
                    "Health": [
                        {
                            "Min": 0.499999988079071,
                            "Max": 1.0,
                            "Zone": ""
                        }
                    ],
                    "InventoryAttachments": [],
                    "InventoryCargo": [],
                    "ConstructionPartsBuilt": [],
                    "Sets": []
                }
            ]
        },
        {
            "SlotName": "Legs",
            "Items": [
                {
                    "ClassName": "HunterPants_Autumn",
                    "Include": "",
                    "Chance": 1.0,
                    "Quantity": {
                        "Min": 0.0,
                        "Max": 0.0
                    },
                    "Health": [
                        {
                            "Min": 0.499999988079071,
                            "Max": 1.0,
                            "Zone": ""
                        }
                    ],
                    "InventoryAttachments": [],
                    "InventoryCargo": [],
                    "ConstructionPartsBuilt": [],
                    "Sets": []
                },
                {
                    "ClassName": "HunterPants_Winter",
                    "Include": "",
                    "Chance": 1.0,
                    "Quantity": {
                        "Min": 0.0,
                        "Max": 0.0
                    },
                    "Health": [
                        {
                            "Min": 0.499999988079071,
                            "Max": 1.0,
                            "Zone": ""
                        }
                    ],
                    "InventoryAttachments": [],
                    "InventoryCargo": [],
                    "ConstructionPartsBuilt": [],
                    "Sets": []
                }
            ]
        },
        {
            "SlotName": "Feet",
            "Items": [
                {
                    "ClassName": "CombatBoots_Black",
                    "Include": "",
                    "Chance": 1.0,
                    "Quantity": {
                        "Min": 0.0,
                        "Max": 0.0
                    },
                    "Health": [
                        {
                            "Min": 0.499999988079071,
                            "Max": 1.0,
                            "Zone": ""
                        }
                    ],
                    "InventoryAttachments": [],
                    "InventoryCargo": [],
                    "ConstructionPartsBuilt": [],
                    "Sets": []
                },
                {
                    "ClassName": "CombatBoots_Brown",
                    "Include": "",
                    "Chance": 1.0,
                    "Quantity": {
                        "Min": 0.0,
                        "Max": 0.0
                    },
                    "Health": [
                        {
                            "Min": 0.499999988079071,
                            "Max": 1.0,
                            "Zone": ""
                        }
                    ],
                    "InventoryAttachments": [],
                    "InventoryCargo": [],
                    "ConstructionPartsBuilt": [],
                    "Sets": []
                },
                {
                    "ClassName": "CombatBoots_Grey",
                    "Include": "",
                    "Chance": 1.0,
                    "Quantity": {
                        "Min": 0.0,
                        "Max": 0.0
                    },
                    "Health": [
                        {
                            "Min": 0.499999988079071,
                            "Max": 1.0,
                            "Zone": ""
                        }
                    ],
                    "InventoryAttachments": [],
                    "InventoryCargo": [],
                    "ConstructionPartsBuilt": [],
                    "Sets": []
                }
            ]
        },
        {
            "SlotName": "Vest",
            "Items": [
                {
                    "ClassName": "PressVest_LightBlue",
                    "Include": "",
                    "Chance": 1.0,
                    "Quantity": {
                        "Min": 0.0,
                        "Max": 0.0
                    },
                    "Health": [
                        {
                            "Min": 0.499999988079071,
                            "Max": 1.0,
                            "Zone": ""
                        }
                    ],
                    "InventoryAttachments": [],
                    "InventoryCargo": [],
                    "ConstructionPartsBuilt": [],
                    "Sets": []
                }
            ]
        },
        {
            "SlotName": "Headgear",
            "Items": [
                {
                    "ClassName": "CowboyHat_darkBrown",
                    "Include": "",
                    "Chance": 1.0,
                    "Quantity": {
                        "Min": 0.0,
                        "Max": 0.0
                    },
                    "Health": [
                        {
                            "Min": 0.499999988079071,
                            "Max": 1.0,
                            "Zone": ""
                        }
                    ],
                    "InventoryAttachments": [],
                    "InventoryCargo": [],
                    "ConstructionPartsBuilt": [],
                    "Sets": []
                }
            ]
        },
        {
            "SlotName": "Gloves",
            "Items": [
                {
                    "ClassName": "WoolGlovesFingerless_White",
                    "Include": "",
                    "Chance": 1.0,
                    "Quantity": {
                        "Min": 0.0,
                        "Max": 0.0
                    },
                    "Health": [
                        {
                            "Min": 0.499999988079071,
                            "Max": 1.0,
                            "Zone": ""
                        }
                    ],
                    "InventoryAttachments": [],
                    "InventoryCargo": [],
                    "ConstructionPartsBuilt": [],
                    "Sets": []
                }
            ]
        },
        {
            "SlotName": "Hips",
            "Items": [
                {
                    "ClassName": "CivilianBelt",
                    "Include": "",
                    "Chance": 1.0,
                    "Quantity": {
                        "Min": 0.0,
                        "Max": 0.0
                    },
                    "Health": [
                        {
                            "Min": 0.499999988079071,
                            "Max": 1.0,
                            "Zone": ""
                        }
                    ],
                    "InventoryAttachments": [],
                    "InventoryCargo": [],
                    "ConstructionPartsBuilt": [],
                    "Sets": []
                }
            ]
        },
        {
            "SlotName": "Armband",
            "Items": [
                {
                    "ClassName": "AI_Tag",
                    "Include": "",
                    "Chance": 1.0,
                    "Quantity": {
                        "Min": 0.0,
                        "Max": 0.0
                    },
                    "Health": [
                        {
                            "Min": 0.01,
                            "Max": 0.01,
                            "Zone": ""
                        }
                    ],
                    "InventoryAttachments": [],
                    "InventoryCargo": [],
                    "ConstructionPartsBuilt": [],
                    "Sets": []
                }
            ]
        }
    ],
    "InventoryCargo": [
        {
            "ClassName": "CP_CannabisBagNomad",
            "Include": "",
            "Chance": 0.010,
            "Quantity": {
                "Min": 1.0,
                "Max": 10.0
            },
            "Health": [],
            "InventoryAttachments": [],
            "InventoryCargo": [],
            "ConstructionPartsBuilt": [],
            "Sets": []
        },
        {
            "ClassName": "CP_CannabisBagSkunk",
            "Include": "",
            "Chance": 0.010,
            "Quantity": {
                "Min": 1.0,
                "Max": 10.0
            },
            "Health": [],
            "InventoryAttachments": [],
            "InventoryCargo": [],
            "ConstructionPartsBuilt": [],
            "Sets": []
        },
        {
            "ClassName": "CP_CannabisBagBlackFrost",
            "Include": "",
            "Chance": 0.010,
            "Quantity": {
                "Min": 1.0,
                "Max": 10.0
            },
            "Health": [],
            "InventoryAttachments": [],
            "InventoryCargo": [],
            "ConstructionPartsBuilt": [],
            "Sets": []
        },
        {
            "ClassName": "CP_CannabisBagBlue",
            "Include": "",
            "Chance": 0.010,
            "Quantity": {
                "Min": 1.0,
                "Max": 10.0
            },
            "Health": [],
            "InventoryAttachments": [],
            "InventoryCargo": [],
            "ConstructionPartsBuilt": [],
            "Sets": []
        },
        {
            "ClassName": "CP_CannabisBagFuture",
            "Include": "",
            "Chance": 0.010,
            "Quantity": {
                "Min": 1.0,
                "Max": 10.0
            },
            "Health": [],
            "InventoryAttachments": [],
            "InventoryCargo": [],
            "ConstructionPartsBuilt": [],
            "Sets": []
        },
        {
            "ClassName": "CP_CannabisBagS1",
            "Include": "",
            "Chance": 0.010,
            "Quantity": {
                "Min": 1.00,
                "Max": 10.0
            },
            "Health": [],
            "InventoryAttachments": [],
            "InventoryCargo": [],
            "ConstructionPartsBuilt": [],
            "Sets": []
        },
        {
            "ClassName": "CP_EmptyBag",
            "Include": "",
            "Chance": 0.015,
            "Quantity": {
                "Min": 1.0,
                "Max": 16.0
            },
            "Health": [],
            "InventoryAttachments": [],
            "InventoryCargo": [],
            "ConstructionPartsBuilt": [],
            "Sets": []
        },
        {
            "ClassName": "CP_CannabisBagStardawg",
            "Include": "",
            "Chance": 0.010,
            "Quantity": {
                "Min": 1.0,
                "Max": 10.0
            },
            "Health": [],
            "InventoryAttachments": [],
            "InventoryCargo": [],
            "ConstructionPartsBuilt": [],
            "Sets": []
        },
        {
            "ClassName": "CP_CannabisBagKush",
            "Include": "",
            "Chance": 0.010,
            "Quantity": {
                "Min": 1.0,
                "Max": 10.0
            },
            "Health": [],
            "InventoryAttachments": [],
            "InventoryCargo": [],
            "ConstructionPartsBuilt": [],
            "Sets": []
        }
    ],
    "ConstructionPartsBuilt": [],
    "Sets": [
        {
            "ClassName": "WEAPON",
            "Include": "",
            "Chance": 0.90,
            "Quantity": {
                "Min": 0.0,
                "Max": 0.0
            },
            "Health": [],
            "InventoryAttachments": [
                {
                    "SlotName": "Shoulder",
                    "Items": [
                        {
                            "ClassName": "Ruger1022",
                            "Include": "",
                            "Chance": 1.0,
                            "Quantity": {
                                "Min": 0.0,
                                "Max": 0.0
                            },
                            "Health": [],
                            "InventoryAttachments": [
                                {
                                    "SlotName": "",
                                    "Items": [
                                        {
                                            "ClassName": "Mag_Ruger1022_30Rnd",
                                            "Include": "",
                                            "Chance": 0.4000000059604645,
                                            "Quantity": {
                                                "Min": 0.0,
                                                "Max": 0.0
                                            },
                                            "Health": [],
                                            "InventoryAttachments": [],
                                            "InventoryCargo": [],
                                            "ConstructionPartsBuilt": [],
                                            "Sets": []
                                        },
                                        {
                                            "ClassName": "Mag_Ruger1022_15Rnd",
                                            "Include": "",
                                            "Chance": 1.0,
                                            "Quantity": {
                                                "Min": 0.0,
                                                "Max": 0.0
                                            },
                                            "Health": [],
                                            "InventoryAttachments": [],
                                            "InventoryCargo": [],
                                            "ConstructionPartsBuilt": [],
                                            "Sets": []
                                        }
                                    ]
                                }
                            ],
                            "InventoryCargo": [],
                            "ConstructionPartsBuilt": [],
                            "Sets": []
                        }
                    ]
                }
            ],
            "InventoryCargo": [
                {
                    "ClassName": "Mag_Ruger1022_15Rnd",
                    "Include": "",
                    "Chance": 0.5,
                    "Quantity": {
                        "Min": 0.0,
                        "Max": 0.0
                    },
                    "Health": [],
                    "InventoryAttachments": [],
                    "InventoryCargo": [],
                    "ConstructionPartsBuilt": [],
                    "Sets": []
                },
                {
                    "ClassName": "Mag_Ruger1022_15Rnd",
                    "Include": "",
                    "Chance": 0.5,
                    "Quantity": {
                        "Min": 0.0,
                        "Max": 0.0
                    },
                    "Health": [],
                    "InventoryAttachments": [],
                    "InventoryCargo": [],
                    "ConstructionPartsBuilt": [],
                    "Sets": []
                },
                {
                    "ClassName": "Mag_Ruger1022_30Rnd",
                    "Include": "",
                    "Chance": 0.15000000596046449,
                    "Quantity": {
                        "Min": 0.0,
                        "Max": 0.0
                    },
                    "Health": [],
                    "InventoryAttachments": [],
                    "InventoryCargo": [],
                    "ConstructionPartsBuilt": [],
                    "Sets": []
                }
            ],
            "ConstructionPartsBuilt": [],
            "Sets": []
        },
        {
            "ClassName": "WEAPON",
            "Include": "",
            "Chance": 1.0,
            "Quantity": {
                "Min": 0.0,
                "Max": 0.0
            },
            "Health": [],
            "InventoryAttachments": [
                {
                    "SlotName": "Shoulder",
                    "Items": [
                        {
                            "ClassName": "MP5K",
                            "Include": "",
                            "Chance": 1.0,
                            "Quantity": {
                                "Min": 0.0,
                                "Max": 0.0
                            },
                            "Health": [
                                {
                                    "Min": 1.0,
                                    "Max": 1.0,
                                    "Zone": ""
                                }
                            ],
                            "InventoryAttachments": [
                                {
                                    "SlotName": "",
                                    "Items": [
                                        {
                                            "ClassName": "Mag_MP5_30Rnd",
                                            "Include": "",
                                            "Chance": 0.800000011920929,
                                            "Quantity": {
                                                "Min": 0.0,
                                                "Max": 0.0
                                            },
                                            "Health": [],
                                            "InventoryAttachments": [],
                                            "InventoryCargo": [],
                                            "ConstructionPartsBuilt": [],
                                            "Sets": []
                                        },
                                        {
                                            "ClassName": "Mag_MP5_15Rnd",
                                            "Include": "",
                                            "Chance": 1.0,
                                            "Quantity": {
                                                "Min": 0.0,
                                                "Max": 0.0
                                            },
                                            "Health": [],
                                            "InventoryAttachments": [],
                                            "InventoryCargo": [],
                                            "ConstructionPartsBuilt": [],
                                            "Sets": []
                                        },
                                        {
                                            "ClassName": "MP5k_StockBttstck",
                                            "Include": "",
                                            "Chance": 0.800000011920929,
                                            "Quantity": {
                                                "Min": 0.0,
                                                "Max": 0.0
                                            },
                                            "Health": [],
                                            "InventoryAttachments": [],
                                            "InventoryCargo": [],
                                            "ConstructionPartsBuilt": [],
                                            "Sets": []
                                        },
                                        {
                                            "ClassName": "MP5_PlasticHndgrd",
                                            "Include": "",
                                            "Chance": 0.800000011920929,
                                            "Quantity": {
                                                "Min": 0.0,
                                                "Max": 0.0
                                            },
                                            "Health": [],
                                            "InventoryAttachments": [],
                                            "InventoryCargo": [],
                                            "ConstructionPartsBuilt": [],
                                            "Sets": []
                                        },
                                        {
                                            "ClassName": "MP5_RailHndgrd",
                                            "Include": "",
                                            "Chance": 1.0,
                                            "Quantity": {
                                                "Min": 0.0,
                                                "Max": 0.0
                                            },
                                            "Health": [],
                                            "InventoryAttachments": [],
                                            "InventoryCargo": [],
                                            "ConstructionPartsBuilt": [],
                                            "Sets": []
                                        },
                                        {
                                            "ClassName": "MP5_Compensator",
                                            "Include": "",
                                            "Chance": 0.20000000298023225,
                                            "Quantity": {
                                                "Min": 0.0,
                                                "Max": 0.0
                                            },
                                            "Health": [],
                                            "InventoryAttachments": [],
                                            "InventoryCargo": [],
                                            "ConstructionPartsBuilt": [],
                                            "Sets": []
                                        },
                                        {
                                            "ClassName": "ReflexOptic",
                                            "Include": "",
                                            "Chance": 0.10000000149011612,
                                            "Quantity": {
                                                "Min": 0.0,
                                                "Max": 0.0
                                            },
                                            "Health": [],
                                            "InventoryAttachments": [
                                                {
                                                    "SlotName": "",
                                                    "Items": [
                                                        {
                                                            "ClassName": "Battery9V",
                                                            "Include": "",
                                                            "Chance": 1.0,
                                                            "Quantity": {
                                                                "Min": 0.0,
                                                                "Max": 0.0
                                                            },
                                                            "Health": [],
                                                            "InventoryAttachments": [],
                                                            "InventoryCargo": [],
                                                            "ConstructionPartsBuilt": [],
                                                            "Sets": []
                                                        }
                                                    ]
                                                }
                                            ],
                                            "InventoryCargo": [],
                                            "ConstructionPartsBuilt": [],
                                            "Sets": []
                                        }
                                    ]
                                }
                            ],
                            "InventoryCargo": [],
                            "ConstructionPartsBuilt": [],
                            "Sets": []
                        }
                    ]
                }
            ],
            "InventoryCargo": [
                {
                    "ClassName": "Mag_MP5_30Rnd",
                    "Include": "",
                    "Chance": 0.5,
                    "Quantity": {
                        "Min": 0.0,
                        "Max": 0.0
                    },
                    "Health": [],
                    "InventoryAttachments": [],
                    "InventoryCargo": [],
                    "ConstructionPartsBuilt": [],
                    "Sets": []
                },
                {
                    "ClassName": "Mag_MP5_30Rnd",
                    "Include": "",
                    "Chance": 0.5,
                    "Quantity": {
                        "Min": 0.0,
                        "Max": 0.0
                    },
                    "Health": [],
                    "InventoryAttachments": [],
                    "InventoryCargo": [],
                    "ConstructionPartsBuilt": [],
                    "Sets": []
                },
                {
                    "ClassName": "Mag_MP5_15Rnd",
                    "Include": "",
                    "Chance": 0.15000000596046449,
                    "Quantity": {
                        "Min": 0.0,
                        "Max": 0.0
                    },
                    "Health": [],
                    "InventoryAttachments": [],
                    "InventoryCargo": [],
                    "ConstructionPartsBuilt": [],
                    "Sets": []
                }
            ],
            "ConstructionPartsBuilt": [],
            "Sets": []
        },
        {
            "ClassName": "WEAPON",
            "Include": "",
            "Chance": 1.0,
            "Quantity": {
                "Min": 0.0,
                "Max": 0.0
            },
            "Health": [],
            "InventoryAttachments": [
                {
                    "SlotName": "Shoulder",
                    "Items": [
                        {
                            "ClassName": "CZ61",
                            "Include": "",
                            "Chance": 1.0,
                            "Quantity": {
                                "Min": 0.0,
                                "Max": 0.0
                            },
                            "Health": [
                                {
                                    "Min": 1.0,
                                    "Max": 1.0,
                                    "Zone": ""
                                }
                            ],
                            "InventoryAttachments": [
                                {
                                    "SlotName": "",
                                    "Items": [
                                        {
                                            "ClassName": "Mag_CZ61_20Rnd",
                                            "Include": "",
                                            "Chance": 1.0,
                                            "Quantity": {
                                                "Min": 0.0,
                                                "Max": 0.0
                                            },
                                            "Health": [],
                                            "InventoryAttachments": [],
                                            "InventoryCargo": [],
                                            "ConstructionPartsBuilt": [],
                                            "Sets": []
                                        }
                                    ]
                                }
                            ],
                            "InventoryCargo": [],
                            "ConstructionPartsBuilt": [],
                            "Sets": []
                        }
                    ]
                }
            ],
            "InventoryCargo": [
                {
                    "ClassName": "Mag_CZ61_20Rnd",
                    "Include": "",
                    "Chance": 1.0,
                    "Quantity": {
                        "Min": 0.0,
                        "Max": 0.0
                    },
                    "Health": [],
                    "InventoryAttachments": [],
                    "InventoryCargo": [],
                    "ConstructionPartsBuilt": [],
                    "Sets": []
                },
                {
                    "ClassName": "Mag_CZ61_20Rnd",
                    "Include": "",
                    "Chance": 0.15000000596046449,
                    "Quantity": {
                        "Min": 0.0,
                        "Max": 0.0
                    },
                    "Health": [],
                    "InventoryAttachments": [],
                    "InventoryCargo": [],
                    "ConstructionPartsBuilt": [],
                    "Sets": []
                }
            ],
            "ConstructionPartsBuilt": [],
            "Sets": []
        },
        {
            "ClassName": "WEAPON",
            "Include": "",
            "Chance": 0.80,
            "Quantity": {
                "Min": 0.0,
                "Max": 0.0
            },
            "Health": [],
            "InventoryAttachments": [
                {
                    "SlotName": "Hands",
                    "Items": [
                        {
                            "ClassName": "MakarovIJ70",
                            "Include": "",
                            "Chance": 1.0,
                            "Quantity": {
                                "Min": 0.0,
                                "Max": 0.0
                            },
                            "Health": [],
                            "InventoryAttachments": [
                                {
                                    "SlotName": "",
                                    "Items": [
                                        {
                                            "ClassName": "Mag_IJ70_8Rnd",
                                            "Include": "",
                                            "Chance": 1.0,
                                            "Quantity": {
                                                "Min": 0.0,
                                                "Max": 0.0
                                            },
                                            "Health": [],
                                            "InventoryAttachments": [],
                                            "InventoryCargo": [],
                                            "ConstructionPartsBuilt": [],
                                            "Sets": []
                                        }
                                    ]
                                }
                            ],
                            "InventoryCargo": [],
                            "ConstructionPartsBuilt": [],
                            "Sets": []
                        }
                    ]
                }
            ],
            "InventoryCargo": [
                {
                    "ClassName": "Mag_IJ70_8Rnd",
                    "Include": "",
                    "Chance": 1.0,
                    "Quantity": {
                        "Min": 0.0,
                        "Max": 0.0
                    },
                    "Health": [],
                    "InventoryAttachments": [],
                    "InventoryCargo": [],
                    "ConstructionPartsBuilt": [],
                    "Sets": []
                },
                {
                    "ClassName": "Mag_IJ70_8Rnd",
                    "Include": "",
                    "Chance": 0.15000000596046449,
                    "Quantity": {
                        "Min": 0.0,
                        "Max": 0.0
                    },
                    "Health": [],
                    "InventoryAttachments": [],
                    "InventoryCargo": [],
                    "ConstructionPartsBuilt": [],
                    "Sets": []
                }
            ],
            "ConstructionPartsBuilt": [],
            "Sets": []
        },
        {
            "ClassName": "WEAPON",
            "Include": "",
            "Chance": 0.80,
            "Quantity": {
                "Min": 0.0,
                "Max": 0.0
            },
            "Health": [],
            "InventoryAttachments": [
                {
                    "SlotName": "Hands",
                    "Items": [
                        {
                            "ClassName": "Glock19",
                            "Include": "",
                            "Chance": 1.0,
                            "Quantity": {
                                "Min": 0.0,
                                "Max": 0.0
                            },
                            "Health": [],
                            "InventoryAttachments": [
                                {
                                    "SlotName": "",
                                    "Items": [
                                        {
                                            "ClassName": "Mag_Glock_15Rnd",
                                            "Include": "",
                                            "Chance": 1.0,
                                            "Quantity": {
                                                "Min": 0.0,
                                                "Max": 0.0
                                            },
                                            "Health": [],
                                            "InventoryAttachments": [],
                                            "InventoryCargo": [],
                                            "ConstructionPartsBuilt": [],
                                            "Sets": []
                                        }
                                    ]
                                }
                            ],
                            "InventoryCargo": [],
                            "ConstructionPartsBuilt": [],
                            "Sets": []
                        }
                    ]
                }
            ],
            "InventoryCargo": [
                {
                    "ClassName": "Mag_Glock_15Rnd",
                    "Include": "",
                    "Chance": 1.0,
                    "Quantity": {
                        "Min": 0.0,
                        "Max": 0.0
                    },
                    "Health": [],
                    "InventoryAttachments": [],
                    "InventoryCargo": [],
                    "ConstructionPartsBuilt": [],
                    "Sets": []
                },
                {
                    "ClassName": "Mag_Glock_15Rnd",
                    "Include": "",
                    "Chance": 0.15000000596046449,
                    "Quantity": {
                        "Min": 0.0,
                        "Max": 0.0
                    },
                    "Health": [],
                    "InventoryAttachments": [],
                    "InventoryCargo": [],
                    "ConstructionPartsBuilt": [],
                    "Sets": []
                }
            ],
            "ConstructionPartsBuilt": [],
            "Sets": []
        }
    ]
}