{
    "m_Version": 12,
    "DisplayName": "ПНБ",
    "Icon": "Deliver",
    "Color": "FBFCFEFF",
    "IsExchange": 0,
    "InitStockPercent": 75.0,
    "Items": [
        {
            "ClassName": "FOG_UAPNVG_Black",
            "MaxPriceThreshold": 1500,
            "MinPriceThreshold": 1500,
            "SellPricePercent": -1.0,
            "MaxStockThreshold": 1,
            "MinStockThreshold": 1,
            "QuantityPercent": -1,
            "SpawnAttachments": [],
            "Variants": ["FOG_UAPNVG_Tan","FOG_UAPNVG_RG"]
        },
        {
            "ClassName": "FOG_GPNVG_Black",
            "MaxPriceThreshold": 1500,
            "MinPriceThreshold": 1500,
            "SellPricePercent": -1.0,
            "MaxStockThreshold": 1,
            "MinStockThreshold": 1,
            "QuantityPercent": -1,
            "SpawnAttachments": [],
            "Variants": ["FOG_GPNVG_Tarzier","FOG_GPNVG_RG"]
        }
    ]
}