{
    "m_Version": 12,
    "DisplayName": "Запчастини для PitbullVX",
    "Icon": "Deliver",
    "Color": "FBFCFEFF",
    "IsExchange": 0,
    "InitStockPercent": 75.0,
    "Items": [
        {
            "ClassName": "PitbullVX_koleso",
            "MaxPriceThreshold": 1000,
            "MinPriceThreshold": 1000,
            "SellPricePercent": -1.0,
            "MaxStockThreshold": 100,
            "MinStockThreshold": 1,
            "QuantityPercent": -1,
            "SpawnAttachments": [],
            "Variants": []
        },
        {
            "ClassName": "PitbullVX_koleso_zad",
            "MaxPriceThreshold": 1000,
            "MinPriceThreshold": 1000,
            "SellPricePercent": -1.0,
            "MaxStockThreshold": 100,
            "MinStockThreshold": 1,
            "QuantityPercent": -1,
            "SpawnAttachments": [],
            "Variants": []
        },
        {
            "ClassName": "PitbullVX_dver_1_1",
            "MaxPriceThreshold": 1000,
            "MinPriceThreshold": 1000,
            "SellPricePercent": -1.0,
            "MaxStockThreshold": 100,
            "MinStockThreshold": 1,
            "QuantityPercent": -1,
            "SpawnAttachments": [],
            "Variants": [
                "PitbullVX_dver_1_1_Khaki",
                "PitbullVX_dver_1_1_Tan",
                "PitbullVX_dver_1_1_Grey"
            ]
        },
        {
            "ClassName": "PitbullVX_dver_2_1",
            "MaxPriceThreshold": 1000,
            "MinPriceThreshold": 1000,
            "SellPricePercent": -1.0,
            "MaxStockThreshold": 100,
            "MinStockThreshold": 1,
            "QuantityPercent": -1,
            "SpawnAttachments": [],
            "Variants": [
                "PitbullVX_dver_2_1_Khaki",
                "PitbullVX_dver_2_1_Tan",
                "PitbullVX_dver_2_1_Grey"
            ]
        },
        {
            "ClassName": "PitbullVX_dver_1_2",
            "MaxPriceThreshold": 1000,
            "MinPriceThreshold": 1000,
            "SellPricePercent": -1.0,
            "MaxStockThreshold": 100,
            "MinStockThreshold": 1,
            "QuantityPercent": -1,
            "SpawnAttachments": [],
            "Variants": [
                "PitbullVX_dver_1_2_Khaki",
                "PitbullVX_dver_1_2_Tan",
                "PitbullVX_dver_1_2_Grey"
            ]
        },
        {
            "ClassName": "PitbullVX_dver_2_2",
            "MaxPriceThreshold": 1000,
            "MinPriceThreshold": 1000,
            "SellPricePercent": -1.0,
            "MaxStockThreshold": 100,
            "MinStockThreshold": 1,
            "QuantityPercent": -1,
            "SpawnAttachments": [],
            "Variants": [
                "PitbullVX_dver_2_2_Khaki",
                "PitbullVX_dver_2_2_Tan",
                "PitbullVX_dver_2_2_Grey"
            ]
        },
        {
            "ClassName": "PitbullVX_bagazhnik",
            "MaxPriceThreshold": 1000,
            "MinPriceThreshold": 1000,
            "SellPricePercent": -1.0,
            "MaxStockThreshold": 100,
            "MinStockThreshold": 1,
            "QuantityPercent": -1,
            "SpawnAttachments": [],
            "Variants": [
                "PitbullVX_bagazhnik_Khaki",
                "PitbullVX_bagazhnik_Tan",
                "PitbullVX_bagazhnik_Grey"
            ]
        },
        {
            "ClassName": "PitbullVX_kapot_Tan",
            "MaxPriceThreshold": 1000,
            "MinPriceThreshold": 1000,
            "SellPricePercent": -1.0,
            "MaxStockThreshold": 100,
            "MinStockThreshold": 1,
            "QuantityPercent": -1,
            "SpawnAttachments": [],
            "Variants": [
                "PitbullVX_kapot",
                "PitbullVX_kapot_Khaki",
                "PitbullVX_kapot_Grey"
            ]
        }
    ]
}