{
    "m_Version": 12,
    "DisplayName": "Запчастини для Landrover",
    "Icon": "Deliver",
    "Color": "FBFCFEFF",
    "IsExchange": 0,
    "InitStockPercent": 75.0,
    "Items": [
        {
            "ClassName": "rag_landrover_110_driverdoor",
            "MaxPriceThreshold": 870,
            "MinPriceThreshold": 870,
            "SellPricePercent": -1.0,
            "MaxStockThreshold": 100,
            "MinStockThreshold": 1,
            "QuantityPercent": -1,
            "SpawnAttachments": [],
            "Variants": [
                "rag_landrover_110_driverdoor_olive",
                "rag_landrover_110_driverdoor_grey",
                "rag_landrover_110_driverdoor_red",
                "rag_landrover_110_driverdoor_un",
                "rag_landrover_110_driverdoor_black",
                "rag_landrover_110_driverdoor_pink"
            ]
        },
        {
            "ClassName": "rag_landrover_110_codriverdoor",
            "MaxPriceThreshold": 870,
            "MinPriceThreshold": 870,
            "SellPricePercent": -1.0,
            "MaxStockThreshold": 100,
            "MinStockThreshold": 1,
            "QuantityPercent": -1,
            "SpawnAttachments": [],
            "Variants": [
                "rag_landrover_110_codriverdoor_olive",
                "rag_landrover_110_codriverdoor_grey",
                "rag_landrover_110_codriverdoor_red",
                "rag_landrover_110_codriverdoor_un",
                "rag_landrover_110_codriverdoor_black",
                "rag_landrover_110_codriverdoor_pink"
            ]
        },
        {
            "ClassName": "rag_landrover_110_hood",
            "MaxPriceThreshold": 870,
            "MinPriceThreshold": 870,
            "SellPricePercent": -1.0,
            "MaxStockThreshold": 100,
            "MinStockThreshold": 1,
            "QuantityPercent": -1,
            "SpawnAttachments": [],
            "Variants": [
                "rag_landrover_110_hood_olive",
                "rag_landrover_110_hood_grey",
                "rag_landrover_110_hood_red",
                "rag_landrover_110_hood_un",
                "rag_landrover_110_hood_black",
                "rag_landrover_110_hood_pink"
            ]
        },
        {
            "ClassName": "rag_landrover_110_cargo1",
            "MaxPriceThreshold": 870,
            "MinPriceThreshold": 870,
            "SellPricePercent": -1.0,
            "MaxStockThreshold": 100,
            "MinStockThreshold": 1,
            "QuantityPercent": -1,
            "SpawnAttachments": [],
            "Variants": [
                "rag_landrover_110_cargo1_olive",
                "rag_landrover_110_cargo1_grey",
                "rag_landrover_110_cargo1_red",
                "rag_landrover_110_cargo1_un",
                "rag_landrover_110_cargo1_black",
                "rag_landrover_110_cargo1_pink"
            ]
        },
        {
            "ClassName": "rag_landrover_110_cargo2",
            "MaxPriceThreshold": 870,
            "MinPriceThreshold": 870,
            "SellPricePercent": -1.0,
            "MaxStockThreshold": 100,
            "MinStockThreshold": 1,
            "QuantityPercent": -1,
            "SpawnAttachments": [],
            "Variants": [
                "rag_landrover_110_cargo2_olive",
                "rag_landrover_110_cargo2_grey",
                "rag_landrover_110_cargo2_red",
                "rag_landrover_110_cargo2_un",
                "rag_landrover_110_cargo2_black",
                "rag_landrover_110_cargo2_pink"
            ]
        },
        {
            "ClassName": "rag_landrover_110_cargo3",
            "MaxPriceThreshold": 870,
            "MinPriceThreshold": 870,
            "SellPricePercent": -1.0,
            "MaxStockThreshold": 100,
            "MinStockThreshold": 1,
            "QuantityPercent": -1,
            "SpawnAttachments": [],
            "Variants": [
                "rag_landrover_110_cargo3_olive",
                "rag_landrover_110_cargo3_grey",
                "rag_landrover_110_cargo3_red",
                "rag_landrover_110_cargo3_un",
                "rag_landrover_110_cargo3_black",
                "rag_landrover_110_cargo3_pink"
            ]
        },
        {
            "ClassName": "rag_landrover_110_wheel",
            "MaxPriceThreshold": 300,
            "MinPriceThreshold": 300,
            "SellPricePercent": -1.0,
            "MaxStockThreshold": 100,
            "MinStockThreshold": 1,
            "QuantityPercent": -1,
            "SpawnAttachments": [],
            "Variants": [
                "rag_landrover_110_wheel_olive",
                "rag_landrover_110_wheel_grey",
                "rag_landrover_110_wheel_red",
                "rag_landrover_110_wheel_un",
                "rag_landrover_110_wheel_black",
                "rag_landrover_110_wheel_pink"
            ]
        }
    ]
}