{
    "m_Version": 12,
    "DisplayName": "Tools",
    "Icon": "Deliver",
    "Color": "FBFCFEFF",
    "IsExchange": 0,
    "InitStockPercent": 60.0,
    "Items": [
        {
            "ClassName": "headlighth7_box",
            "MaxPriceThreshold": 500,
            "MinPriceThreshold": 500,
            "SellPricePercent": 1.0,
            "MaxStockThreshold": 1,
            "MinStockThreshold": 1,
            "QuantityPercent": -1,
            "SpawnAttachments": [],
            "Variants": []
        },
        {
            "ClassName": "headlighth7",
            "MaxPriceThreshold": 500,
            "MinPriceThreshold": 500,
            "SellPricePercent": 60.0,
            "MaxStockThreshold": 1,
            "MinStockThreshold": 1,
            "QuantityPercent": -1,
            "SpawnAttachments": [],
            "Variants": []
        },
        {
            "ClassName": "carradiator",
            "MaxPriceThreshold": 800,
            "MinPriceThreshold": 800,
            "SellPricePercent": 60.0,
            "MaxStockThreshold": 1,
            "MinStockThreshold": 1,
            "QuantityPercent": -1,
            "SpawnAttachments": [],
            "Variants": []
        },
        {
            "ClassName": "KIWI_CarRadiator",
            "MaxPriceThreshold": 10000,
            "MinPriceThreshold": 10000,
            "SellPricePercent": 60.0,
            "MaxStockThreshold": 1,
            "MinStockThreshold": 1,
            "QuantityPercent": -1,
            "SpawnAttachments": [],
            "Variants": []
        },
        {
            "ClassName": "sparkplug",
            "MaxPriceThreshold": 800,
            "MinPriceThreshold": 800,
            "SellPricePercent": 60.0,
            "MaxStockThreshold": 1,
            "MinStockThreshold": 1,
            "QuantityPercent": -1,
            "SpawnAttachments": [],
            "Variants": []
        },
        {
            "ClassName": "glowplug",
            "MaxPriceThreshold": 1000,
            "MinPriceThreshold": 1000,
            "SellPricePercent": 60.0,
            "MaxStockThreshold": 1,
            "MinStockThreshold": 1,
            "QuantityPercent": -1,
            "SpawnAttachments": [],
            "Variants": []
        },
        {
            "ClassName": "HydraulicJack",
            "MaxPriceThreshold": 500,
            "MinPriceThreshold": 500,
            "SellPricePercent": 60.0,
            "MaxStockThreshold": 1,
            "MinStockThreshold": 1,
            "QuantityPercent": -1,
            "SpawnAttachments": [],
            "Variants": []
        },
        {
            "ClassName": "CarLock",
            "MaxPriceThreshold": 1,
            "MinPriceThreshold": 1,
            "SellPricePercent": 60.0,
            "MaxStockThreshold": 1,
            "MinStockThreshold": 1,
            "QuantityPercent": -1,
            "SpawnAttachments": [],
            "Variants": []
        },
        {
            "ClassName": "KIWI_Barrel_01",
            "MaxPriceThreshold": 10000,
            "MinPriceThreshold": 10000,
            "SellPricePercent": 60.0,
            "MaxStockThreshold": 1,
            "MinStockThreshold": 1,
            "QuantityPercent": -1,
            "SpawnAttachments": [],
            "Variants": [
                "KIWI_Barrel_02",
                "KIWI_Barrel_03"
            ]
        },
        {
            "ClassName": "KIWI_WoodenCrate_01",
            "MaxPriceThreshold": 10000,
            "MinPriceThreshold": 10000,
            "SellPricePercent": 60.0,
            "MaxStockThreshold": 1,
            "MinStockThreshold": 1,
            "QuantityPercent": -1,
            "SpawnAttachments": [],
            "Variants": []
        }
    ]
}