{
    "ConfigVersion": 6,
    "ID": 4,
    "ClassName": "ExpansionQuestNPCAIHassan",
    "Position": [
        3709.234131,
        402.011932,
        6004.520508
    ],
    "Orientation": [
        114.490150,
        0.000000,
        -0.000000
    ],
    "NPCName": "Міняйло",
    "DefaultNPCText": "Привіт!",
    "Waypoints": [
        [
            3709.234131,
            402.011932,
            6004.520508
        ]
    ],
    "NPCEmoteID": 46,
    "NPCEmoteIsStatic": 0,
    "NPCLoadoutFile": "HumanLoadout",
    "NPCInteractionEmoteID": 1,
    "NPCQuestCancelEmoteID": 60,
    "NPCQuestStartEmoteID": 58,
    "NPCQuestCompleteEmoteID": 39,
    "NPCFaction": "InvincibleObservers",
    "NPCType": 2,
    "Active": 1
}