{
    "m_Version": 12,
    "DisplayName": "Запчастини для Honda Civic",
    "Icon": "Deliver",
    "Color": "FBFCFEFF",
    "IsExchange": 0,
    "InitStockPercent": 75.0,
    "Items": [
        {
            "ClassName": "Honda_Civic_DriverDoor_Black",
            "MaxPriceThreshold": 870,
            "MinPriceThreshold": 870,
            "SellPricePercent": -1.0,
            "MaxStockThreshold": 100,
            "MinStockThreshold": 1,
            "QuantityPercent": -1,
            "SpawnAttachments": [],
            "Variants": [
                "Honda_Civic_DriverDoor_RedCustom",
                "Honda_Civic_DriverDoor",
                "Honda_Civic_DriverDoor_Red",
                "Honda_Civic_DriverDoor_Blue",
                "Honda_Civic_DriverDoor_Green",
                "Honda_Civic_DriverDoor_Yellow"
            ]
        },
        {
            "ClassName": "Honda_Civic_CoDriver_Black",
            "MaxPriceThreshold": 870,
            "MinPriceThreshold": 870,
            "SellPricePercent": -1.0,
            "MaxStockThreshold": 100,
            "MinStockThreshold": 1,
            "QuantityPercent": -1,
            "SpawnAttachments": [],
            "Variants": [
                "Honda_Civic_CoDriver_RedCustom",
                "Honda_Civic_CoDriver",
                "Honda_Civic_CoDriver_Red",
                "Honda_Civic_CoDriver_Blue",
                "Honda_Civic_CoDriver_Green",
                "Honda_Civic_CoDriver_Yellow"
            ]
        },
        {
            "ClassName": "Honda_Civic_Trunk_Black",
            "MaxPriceThreshold": 870,
            "MinPriceThreshold": 870,
            "SellPricePercent": -1.0,
            "MaxStockThreshold": 100,
            "MinStockThreshold": 1,
            "QuantityPercent": -1,
            "SpawnAttachments": [],
            "Variants": [
                "Honda_Civic_Trunk_RedCustom",
                "Honda_Civic_Trunk",
                "Honda_Civic_Trunk_Red",
                "Honda_Civic_Trunk_Blue",
                "Honda_Civic_Trunk_Green",
                "Honda_Civic_Trunk_Yellow"
            ]
        },
        {
            "ClassName": "Honda_Civic_Hood_Black",
            "MaxPriceThreshold": 870,
            "MinPriceThreshold": 870,
            "SellPricePercent": -1.0,
            "MaxStockThreshold": 100,
            "MinStockThreshold": 1,
            "QuantityPercent": -1,
            "SpawnAttachments": [],
            "Variants": [
                "Honda_Civic_Hood_RedCustom",
                "Honda_Civic_Hood",
                "Honda_Civic_Hood_Red",
                "Honda_Civic_Hood_Blue",
                "Honda_Civic_Hood_Green",
                "Honda_Civic_Hood_Yellow"
            ]
        },
        {
            "ClassName": "Honda_Civic_Wheel",
            "MaxPriceThreshold": 300,
            "MinPriceThreshold": 300,
            "SellPricePercent": -1.0,
            "MaxStockThreshold": 100,
            "MinStockThreshold": 1,
            "QuantityPercent": -1,
            "SpawnAttachments": [],
            "Variants": []
        }
    ]
}