{
  "m_Version": 12,
  "DisplayName": "#STR_EXPANSION_MARKET_CATEGORY_EXCHANGE",
  "Icon": "Deliver",
  "Color": "FBFCFEFF",
  "IsExchange": 1,
  "InitStockPercent": 75.0,
  "Items": [
    {
      "ClassName": "TraderPlus_Money_Euro1",
      "MaxPriceThreshold": 1,
      "MinPriceThreshold": 1,
      "SellPricePercent": -1.0,
      "MaxStockThreshold": 1,
      "MinStockThreshold": 1,
      "QuantityPercent": -1,
      "SpawnAttachments": [],
      "Variants": []
    },
    {
      "ClassName": "TraderPlus_Money_Euro2",
      "MaxPriceThreshold": 2,
      "MinPriceThreshold": 2,
      "SellPricePercent": -1.0,
      "MaxStockThreshold": 1,
      "MinStockThreshold": 1,
      "QuantityPercent": -1,
      "SpawnAttachments": [],
      "Variants": []
    },
    {
      "ClassName": "TraderPlus_Money_Euro5",
      "MaxPriceThreshold": 5,
      "MinPriceThreshold": 5,
      "SellPricePercent": -1.0,
      "MaxStockThreshold": 1,
      "MinStockThreshold": 1,
      "QuantityPercent": -1,
      "SpawnAttachments": [],
      "Variants": []
    },
    {
      "ClassName": "TraderPlus_Money_Euro10",
      "MaxPriceThreshold": 10,
      "MinPriceThreshold": 10,
      "SellPricePercent": -1.0,
      "MaxStockThreshold": 1,
      "MinStockThreshold": 1,
      "QuantityPercent": -1,
      "SpawnAttachments": [],
      "Variants": []
    },
    {
      "ClassName": "TraderPlus_Money_Euro20",
      "MaxPriceThreshold": 20,
      "MinPriceThreshold": 20,
      "SellPricePercent": -1.0,
      "MaxStockThreshold": 1,
      "MinStockThreshold": 1,
      "QuantityPercent": -1,
      "SpawnAttachments": [],
      "Variants": []
    },
    {
      "ClassName": "TraderPlus_Money_Euro50",
      "MaxPriceThreshold": 50,
      "MinPriceThreshold": 50,
      "SellPricePercent": -1.0,
      "MaxStockThreshold": 1,
      "MinStockThreshold": 1,
      "QuantityPercent": -1,
      "SpawnAttachments": [],
      "Variants": []
    },
    {
      "ClassName": "TraderPlus_Money_Euro100",
      "MaxPriceThreshold": 100,
      "MinPriceThreshold": 100,
      "SellPricePercent": -1.0,
      "MaxStockThreshold": 1,
      "MinStockThreshold": 1,
      "QuantityPercent": -1,
      "SpawnAttachments": [],
      "Variants": []
    },
    {
      "ClassName": "TraderPlus_Money_Euro200",
      "MaxPriceThreshold": 200,
      "MinPriceThreshold": 200,
      "SellPricePercent": -1.0,
      "MaxStockThreshold": 1,
      "MinStockThreshold": 1,
      "QuantityPercent": -1,
      "SpawnAttachments": [],
      "Variants": []
    },
    {
      "ClassName": "TraderPlus_Money_Euro500",
      "MaxPriceThreshold": 500,
      "MinPriceThreshold": 500,
      "SellPricePercent": -1.0,
      "MaxStockThreshold": 1,
      "MinStockThreshold": 1,
      "QuantityPercent": -1,
      "SpawnAttachments": [],
      "Variants": []
    },
    {
      "ClassName": "TraderPlus_Money_DIM_Gold",
      "MaxPriceThreshold": 1,
      "MinPriceThreshold": 1,
      "SellPricePercent": -1.0,
      "MaxStockThreshold": 1,
      "MinStockThreshold": 1,
      "QuantityPercent": -1,
      "SpawnAttachments": [],
      "Variants": []
    },
    {
      "ClassName": "TD_GRN2014_money1",
      "MaxPriceThreshold": 1,
      "MinPriceThreshold": 1,
      "SellPricePercent": -1.0,
      "MaxStockThreshold": 1,
      "MinStockThreshold": 1,
      "QuantityPercent": -1,
      "SpawnAttachments": [],
      "Variants": []
    },
    {
      "ClassName": "TD_GRN2014_money2",
      "MaxPriceThreshold": 2,
      "MinPriceThreshold": 2,
      "SellPricePercent": -1.0,
      "MaxStockThreshold": 1,
      "MinStockThreshold": 1,
      "QuantityPercent": -1,
      "SpawnAttachments": [],
      "Variants": []
    },
    {
      "ClassName": "TD_GRN2014_money5",
      "MaxPriceThreshold": 5,
      "MinPriceThreshold": 5,
      "SellPricePercent": -1.0,
      "MaxStockThreshold": 1,
      "MinStockThreshold": 1,
      "QuantityPercent": -1,
      "SpawnAttachments": [],
      "Variants": []
    },
    {
      "ClassName": "TD_GRN2014_money10",
      "MaxPriceThreshold": 5,
      "MinPriceThreshold": 5,
      "SellPricePercent": -1.0,
      "MaxStockThreshold": 1,
      "MinStockThreshold": 1,
      "QuantityPercent": -1,
      "SpawnAttachments": [],
      "Variants": []
    },
    {
      "ClassName": "TD_GRN2014_money20",
      "MaxPriceThreshold": 20,
      "MinPriceThreshold": 20,
      "SellPricePercent": -1.0,
      "MaxStockThreshold": 1,
      "MinStockThreshold": 1,
      "QuantityPercent": -1,
      "SpawnAttachments": [],
      "Variants": []
    },
    {
      "ClassName": "TD_GRN2014_money50",
      "MaxPriceThreshold": 50,
      "MinPriceThreshold": 50,
      "SellPricePercent": -1.0,
      "MaxStockThreshold": 1,
      "MinStockThreshold": 1,
      "QuantityPercent": -1,
      "SpawnAttachments": [],
      "Variants": []
    },
    {
      "ClassName": "TD_GRN2014_money100",
      "MaxPriceThreshold": 100,
      "MinPriceThreshold": 100,
      "SellPricePercent": -1.0,
      "MaxStockThreshold": 1,
      "MinStockThreshold": 1,
      "QuantityPercent": -1,
      "SpawnAttachments": [],
      "Variants": []
    },
    {
      "ClassName": "TD_GRN2014_money200",
      "MaxPriceThreshold": 200,
      "MinPriceThreshold": 200,
      "SellPricePercent": -1.0,
      "MaxStockThreshold": 1,
      "MinStockThreshold": 1,
      "QuantityPercent": -1,
      "SpawnAttachments": [],
      "Variants": []
    },
    {
      "ClassName": "TD_GRN2014_money500",
      "MaxPriceThreshold": 500,
      "MinPriceThreshold": 500,
      "SellPricePercent": -1.0,
      "MaxStockThreshold": 1,
      "MinStockThreshold": 1,
      "QuantityPercent": -1,
      "SpawnAttachments": [],
      "Variants": []
    }
  ]
}
