{
    "m_Version": 12,
    "DisplayName": "Запчастини для GMC",
    "Icon": "Deliver",
    "Color": "FBFCFEFF",
    "IsExchange": 0,
    "InitStockPercent": 75.0,
    "Items": [
        {
            "ClassName": "GMC_driverdoor",
            "MaxPriceThreshold": 870,
            "MinPriceThreshold": 870,
            "SellPricePercent": -1.0,
            "MaxStockThreshold": 100,
            "MinStockThreshold": 1,
            "QuantityPercent": -1,
            "SpawnAttachments": [],
            "Variants": [
                "GMC_driverdoor_Black",
                "GMC_driverdoor_White",
                "GMC_driverdoor_Blue"
            ]
        },
        {
            "ClassName": "GMC_Codrvier",
            "MaxPriceThreshold": 870,
            "MinPriceThreshold": 870,
            "SellPricePercent": -1.0,
            "MaxStockThreshold": 100,
            "MinStockThreshold": 1,
            "QuantityPercent": -1,
            "SpawnAttachments": [],
            "Variants": [
                "GMC_Codrvier_Black",
                "GMC_Codrvier_White",
                "GMC_Codrvier_Blue"
            ]
        },
        {
            "ClassName": "GMC_Cargo1",
            "MaxPriceThreshold": 870,
            "MinPriceThreshold": 870,
            "SellPricePercent": -1.0,
            "MaxStockThreshold": 100,
            "MinStockThreshold": 1,
            "QuantityPercent": -1,
            "SpawnAttachments": [],
            "Variants": [
                "GMC_Cargo1_Black",
                "GMC_Cargo1_White",
                "GMC_Cargo1_Blue"
            ]
        },
        {
            "ClassName": "GMC_Cargo2",
            "MaxPriceThreshold": 870,
            "MinPriceThreshold": 870,
            "SellPricePercent": -1.0,
            "MaxStockThreshold": 100,
            "MinStockThreshold": 1,
            "QuantityPercent": -1,
            "SpawnAttachments": [],
            "Variants": [
                "GMC_Cargo2_Black",
                "GMC_Cargo2_White",
                "GMC_Cargo2_Blue"
            ]
        },
        {
            "ClassName": "GMC_Hood",
            "MaxPriceThreshold": 800,
            "MinPriceThreshold": 480,
            "SellPricePercent": -1.0,
            "MaxStockThreshold": 100,
            "MinStockThreshold": 1,
            "QuantityPercent": -1,
            "SpawnAttachments": [],
            "Variants": [
                "GMC_Hood_Black",
                "GMC_Hood_White",
                "GMC_Hood_Blue"
            ]
        },
        {
            "ClassName": "GMC_Trunk_1",
            "MaxPriceThreshold": 800,
            "MinPriceThreshold": 480,
            "SellPricePercent": -1.0,
            "MaxStockThreshold": 100,
            "MinStockThreshold": 1,
            "QuantityPercent": -1,
            "SpawnAttachments": [],
            "Variants": [
                "GMC_Trunk_1_Black",
                "GMC_Trunk_1_White",
                "GMC_Trunk_1_Blue"
            ]
        },
        {
            "ClassName": "GMC_Trunk_2",
            "MaxPriceThreshold": 800,
            "MinPriceThreshold": 480,
            "SellPricePercent": -1.0,
            "MaxStockThreshold": 100,
            "MinStockThreshold": 1,
            "QuantityPercent": -1,
            "SpawnAttachments": [],
            "Variants": [
                "GMC_Trunk_2_Black",
                "GMC_Trunk_2_White",
                "GMC_Trunk_2_Blue"
            ]
        },
        {
            "ClassName": "GMC_Wheel",
            "MaxPriceThreshold": 300,
            "MinPriceThreshold": 300,
            "SellPricePercent": -1.0,
            "MaxStockThreshold": 100,
            "MinStockThreshold": 1,
            "QuantityPercent": -1,
            "SpawnAttachments": [],
            "Variants": []
        }
    ]
}