{
    "m_Version": 12,
    "DisplayName": "Запчастини для Dodge Charger",
    "Icon": "Deliver",
    "Color": "FBFCFEFF",
    "IsExchange": 0,
    "InitStockPercent": 75.0,
    "Items": [
        {
            "ClassName": "dodgecharger_driverdoor",
            "MaxPriceThreshold": 870,
            "MinPriceThreshold": 870,
            "SellPricePercent": -1.0,
            "MaxStockThreshold": 100,
            "MinStockThreshold": 1,
            "QuantityPercent": -1,
            "SpawnAttachments": [],
            "Variants": [
                "dodgecharger_driverdoor_blue",
                "dodgecharger_driverdoor_green",
                "dodgecharger_driverdoor_red",
                "dodgecharger_driverdoor_pink",
                "dodgecharger_driverdoor_lightblue",
                "dodgecharger_driverdoor_white"
            ]
        },
        {
            "ClassName": "dodgecharger_codriver",
            "MaxPriceThreshold": 870,
            "MinPriceThreshold": 870,
            "SellPricePercent": -1.0,
            "MaxStockThreshold": 100,
            "MinStockThreshold": 1,
            "QuantityPercent": -1,
            "SpawnAttachments": [],
            "Variants": [
                "dodgecharger_codriver_blue",
                "dodgecharger_codriver_green",
                "dodgecharger_codriver_red",
                "dodgecharger_codriver_pink",
                "dodgecharger_codriver_lightblue",
                "dodgecharger_codriver_white"
            ]
        },
        {
            "ClassName": "dodgecharger_cargo1",
            "MaxPriceThreshold": 870,
            "MinPriceThreshold": 870,
            "SellPricePercent": -1.0,
            "MaxStockThreshold": 100,
            "MinStockThreshold": 1,
            "QuantityPercent": -1,
            "SpawnAttachments": [],
            "Variants": [
                "dodgecharger_cargo1_blue",
                "dodgecharger_cargo1_green",
                "dodgecharger_cargo1_red",
                "dodgecharger_cargo1_pink",
                "dodgecharger_cargo1_lightblue",
                "dodgecharger_cargo1_white"
            ]
        },
        {
            "ClassName": "dodgecharger_cargo2",
            "MaxPriceThreshold": 870,
            "MinPriceThreshold": 870,
            "SellPricePercent": -1.0,
            "MaxStockThreshold": 100,
            "MinStockThreshold": 1,
            "QuantityPercent": -1,
            "SpawnAttachments": [],
            "Variants": [
                "dodgecharger_cargo2_blue",
                "dodgecharger_cargo2_green",
                "dodgecharger_cargo2_red",
                "dodgecharger_cargo2_pink",
                "dodgecharger_cargo2_lightblue",
                "dodgecharger_cargo2_white"
            ]
        },
        {
            "ClassName": "dodgecharger_hood",
            "MaxPriceThreshold": 800,
            "MinPriceThreshold": 480,
            "SellPricePercent": -1.0,
            "MaxStockThreshold": 100,
            "MinStockThreshold": 1,
            "QuantityPercent": -1,
            "SpawnAttachments": [],
            "Variants": [
                "dodgecharger_hood_blue",
                "dodgecharger_hood_green",
                "dodgecharger_hood_red",
                "dodgecharger_hood_pink",
                "dodgecharger_hood_lightblue",
                "dodgecharger_hood_white"
            ]
        },
        {
            "ClassName": "dodgecharger_trunk",
            "MaxPriceThreshold": 800,
            "MinPriceThreshold": 480,
            "SellPricePercent": -1.0,
            "MaxStockThreshold": 100,
            "MinStockThreshold": 1,
            "QuantityPercent": -1,
            "SpawnAttachments": [],
            "Variants": [
                "dodgecharger_trunk_blue",
                "dodgecharger_trunk_green",
                "dodgecharger_trunk_red",
                "dodgecharger_trunk_pink",
                "dodgecharger_trunk_lightblue",
                "dodgecharger_trunk_white"
            ]
        },
        {
            "ClassName": "dodgecharger_wheel",
            "MaxPriceThreshold": 300,
            "MinPriceThreshold": 300,
            "SellPricePercent": -1.0,
            "MaxStockThreshold": 100,
            "MinStockThreshold": 1,
            "QuantityPercent": -1,
            "SpawnAttachments": [],
            "Variants": []
        }
    ]
}