{
    "m_Version": 12,
    "DisplayName": "Books",
    "Icon": "Deliver",
    "Color": "FBFCFEFF",
    "IsExchange": 0,
    "InitStockPercent": 75.0,
    "Items": [
        {
            "ClassName": "TerjeBookFishing1",
            "MaxPriceThreshold": 1,
            "MinPriceThreshold": 1,
            "MaxStockThreshold": 1,
            "MinStockThreshold": 1,
            "SellPricePercent": 0,
            "QuantityPercent": -1,
            "SpawnAttachments": [],
            "Variants": []
        },
        {
            "ClassName": "TerjeBookFishing2",
            "MaxPriceThreshold": 2,
            "MinPriceThreshold": 2,
            "MaxStockThreshold": 1,
            "MinStockThreshold": 1,
            "SellPricePercent": 0,
            "QuantityPercent": -1,
            "SpawnAttachments": [],
            "Variants": []
        },
        {
            "ClassName": "TerjeBookFishing3",
            "MaxPriceThreshold": 3,
            "MinPriceThreshold": 3,
            "MaxStockThreshold": 1,
            "MinStockThreshold": 1,
            "SellPricePercent": 0,
            "QuantityPercent": -1,
            "SpawnAttachments": [],
            "Variants": []
        },
        {
            "ClassName": "TerjeBookFishing4",
            "MaxPriceThreshold": 4,
            "MinPriceThreshold": 4,
            "MaxStockThreshold": 1,
            "MinStockThreshold": 1,
            "SellPricePercent": 0,
            "QuantityPercent": -1,
            "SpawnAttachments": [],
            "Variants": []
        },
        {
            "ClassName": "TerjeBookFishing5",
            "MaxPriceThreshold": 5,
            "MinPriceThreshold": 5,
            "MaxStockThreshold": 1,
            "MinStockThreshold": 1,
            "SellPricePercent": 0,
            "QuantityPercent": -1,
            "SpawnAttachments": [],
            "Variants": []
        },
        {
            "ClassName": "TerjeBookHunting1",
            "MaxPriceThreshold": 1,
            "MinPriceThreshold": 1,
            "MaxStockThreshold": 1,
            "MinStockThreshold": 1,
            "SellPricePercent": 0,
            "QuantityPercent": -1,
            "SpawnAttachments": [],
            "Variants": []
        },
        {
            "ClassName": "TerjeBookHunting2",
            "MaxPriceThreshold": 2,
            "MinPriceThreshold": 2,
            "MaxStockThreshold": 1,
            "MinStockThreshold": 1,
            "SellPricePercent": 0,
            "QuantityPercent": -1,
            "SpawnAttachments": [],
            "Variants": []
        },
        {
            "ClassName": "TerjeBookHunting3",
            "MaxPriceThreshold": 3,
            "MinPriceThreshold": 3,
            "MaxStockThreshold": 1,
            "MinStockThreshold": 1,
            "SellPricePercent": 0,
            "QuantityPercent": -1,
            "SpawnAttachments": [],
            "Variants": []
        },
        {
            "ClassName": "TerjeBookHunting4",
            "MaxPriceThreshold": 4,
            "MinPriceThreshold": 4,
            "MaxStockThreshold": 1,
            "MinStockThreshold": 1,
            "SellPricePercent": 0,
            "QuantityPercent": -1,
            "SpawnAttachments": [],
            "Variants": []
        },
        {
            "ClassName": "TerjeBookSurvival1",
            "MaxPriceThreshold": 1,
            "MinPriceThreshold": 1,
            "MaxStockThreshold": 1,
            "MinStockThreshold": 1,
            "SellPricePercent": 0,
            "QuantityPercent": -1,
            "SpawnAttachments": [],
            "Variants": []
        },
        {
            "ClassName": "TerjeBookSurvival2",
            "MaxPriceThreshold": 2,
            "MinPriceThreshold": 2,
            "MaxStockThreshold": 1,
            "MinStockThreshold": 1,
            "SellPricePercent": 0,
            "QuantityPercent": -1,
            "SpawnAttachments": [],
            "Variants": []
        },
        {
            "ClassName": "TerjeBookSurvival3",
            "MaxPriceThreshold": 3,
            "MinPriceThreshold": 3,
            "MaxStockThreshold": 1,
            "MinStockThreshold": 1,
            "SellPricePercent": 0,
            "QuantityPercent": -1,
            "SpawnAttachments": [],
            "Variants": []
        },
        {
            "ClassName": "TerjeBookSurvival4",
            "MaxPriceThreshold": 4,
            "MinPriceThreshold": 4,
            "MaxStockThreshold": 1,
            "MinStockThreshold": 1,
            "SellPricePercent": 0,
            "QuantityPercent": -1,
            "SpawnAttachments": [],
            "Variants": []
        },
        {
            "ClassName": "TerjeBookSurvival5",
            "MaxPriceThreshold": 5,
            "MinPriceThreshold": 5,
            "MaxStockThreshold": 1,
            "MinStockThreshold": 1,
            "SellPricePercent": 0,
            "QuantityPercent": -1,
            "SpawnAttachments": [],
            "Variants": []
        }
    ]
}