{
  "m_Version": 12,
  "DisplayName": "Зброя",
  "Icon": "Deliver",
  "Color": "FBFCFEFF",
  "IsExchange": 0,
  "InitStockPercent": 75.0,
  "Items": [
    {
      "ClassName": "SCWS_M249",
      "MaxPriceThreshold": 20,
      "MinPriceThreshold": 20,
      "MaxStockThreshold": 1,
      "MinStockThreshold": 1,
      "SellPricePercent": 0,
      "QuantityPercent": -1,
      "SpawnAttachments": [],
      "Variants": []
    },
    {
      "ClassName": "Expansion_BenelliM4",
      "MaxPriceThreshold": 20,
      "MinPriceThreshold": 20,
      "MaxStockThreshold": 1,
      "MinStockThreshold": 1,
      "SellPricePercent": 0,
      "QuantityPercent": -1,
      "SpawnAttachments": [],
      "Variants": []
    }
  ]
}