{
    "m_Version": 12,
    "DisplayName": "Сумки",
    "Icon": "Deliver",
    "Color": "FBFCFEFF",
    "IsExchange": 0,
    "InitStockPercent": 75.0,
    "Items": [
        {
            "ClassName": "KIWI_Bottle_XL",
            "MaxPriceThreshold": 1,
            "MinPriceThreshold": 1,
            "MaxStockThreshold": 1,
            "MinStockThreshold": 1,
            "SellPricePercent": 0,
            "QuantityPercent": -1,
            "SpawnAttachments": [],
            "Variants": []
        },
        {
            "ClassName": "KIWI_water_proof_bag",
            "MaxPriceThreshold": 5,
            "MinPriceThreshold": 5,
            "MaxStockThreshold": 1,
            "MinStockThreshold": 1,
            "SellPricePercent": 0,
            "QuantityPercent": -1,
            "SpawnAttachments": [],
            "Variants": []
        },
        {
            "ClassName": "Nomadbackpack_v3_BaseColor",
            "MaxPriceThreshold": 20,
            "MinPriceThreshold": 20,
            "MaxStockThreshold": 1,
            "MinStockThreshold": 1,
            "SellPricePercent": 0,
            "QuantityPercent": -1,
            "SpawnAttachments": [],
            "Variants": [
                "Nomadbackpack_v3_Blue",
                "Nomadbackpack_v3_Teal",
                "Nomadbackpack_v3_Green",
                "Nomadbackpack_v3_Grey",
                "Nomadbackpack_v3_Red",
                "Nomadbackpack_v3_Yellow",
                "Nomadbackpack_v3_Black",
                "Nomadbackpack_v3_AoR2",
                "Nomadbackpack_v3_Woodland",
                "Nomadbackpack_v3_Winter"            ]
        }
    ]
}