{
    "ClassName": "",
    "Include": "",
    "Chance": 1.0,
    "Quantity": {
        "Min": 0.0,
        "Max": 0.0
    },
    "Health": [],
    "InventoryAttachments": [
        {
            "SlotName": "Body",
            "Items": [
                {
                    "ClassName": "WoolCoat_Black",
                    "Include": "",
                    "Chance": 1.0,
                    "Quantity": {
                        "Min": 0.0,
                        "Max": 0.0
                    },
                    "Health": [
                        {
                            "Min": 0.50,
                            "Max": 1.0,
                            "Zone": ""
                        }
                    ],
                    "InventoryAttachments": [],
                    "InventoryCargo": [],
                    "ConstructionPartsBuilt": [],
                    "Sets": []
                }
            ]
        },
        {
            "SlotName": "Legs",
            "Items": [
                {
                    "ClassName": "SlacksPants_Black",
                    "Include": "",
                    "Chance": 1.0,
                    "Quantity": {
                        "Min": 0.0,
                        "Max": 0.0
                    },
                    "Health": [
                        {
                            "Min": 0.50,
                            "Max": 1.0,
                            "Zone": ""
                        }
                    ],
                    "InventoryAttachments": [],
                    "InventoryCargo": [],
                    "ConstructionPartsBuilt": [],
                    "Sets": []
                }
            ]
        },
        {
            "SlotName": "Feet",
            "Items": [
                {
                    "ClassName": "DressShoes_Black",
                    "Include": "",
                    "Chance": 1.0,
                    "Quantity": {
                        "Min": 0.0,
                        "Max": 0.0
                    },
                    "Health": [
                        {
                            "Min": 0.49,
                            "Max": 1.0,
                            "Zone": ""
                        }
                    ],
                    "InventoryAttachments": [],
                    "InventoryCargo": [],
                    "ConstructionPartsBuilt": [],
                    "Sets": []
                }
            ]
        },
        {
            "SlotName": "Headgear",
            "Items": [
                {
                    "ClassName": "FlatCap_Black",
                    "Include": "",
                    "Chance": 1.0,
                    "Quantity": {
                        "Min": 0.0,
                        "Max": 0.0
                    },
                    "Health": [
                        {
                            "Min": 0.49,
                            "Max": 1.0,
                            "Zone": ""
                        }
                    ],
                    "InventoryAttachments": [],
                    "InventoryCargo": [],
                    "ConstructionPartsBuilt": [],
                    "Sets": []
                }
            ]
        },
        {
            "SlotName": "Gloves",
            "Items": [
                {
                    "ClassName": "LeatherGloves_Black",
                    "Include": "",
                    "Chance": 1.0,
                    "Quantity": {
                        "Min": 0.0,
                        "Max": 0.0
                    },
                    "Health": [
                        {
                            "Min": 0.49,
                            "Max": 1.0,
                            "Zone": ""
                        }
                    ],
                    "InventoryAttachments": [],
                    "InventoryCargo": [],
                    "ConstructionPartsBuilt": [],
                    "Sets": []
                }
            ]
        },
        {
            "SlotName": "Hips",
            "Items": [
                {
                    "ClassName": "CivilianBelt",
                    "Include": "",
                    "Chance": 1.0,
                    "Quantity": {
                        "Min": 0.0,
                        "Max": 0.0
                    },
                    "Health": [
                        {
                            "Min": 0.49,
                            "Max": 1.0,
                            "Zone": ""
                        }
                    ],
                    "InventoryAttachments": [],
                    "InventoryCargo": [],
                    "ConstructionPartsBuilt": [],
                    "Sets": []
                }
            ]
        },
        {
            "SlotName": "Armband",
            "Items": [
                {
                    "ClassName": "AI_Tag",
                    "Include": "",
                    "Chance": 1.0,
                    "Quantity": {
                        "Min": 0.0,
                        "Max": 0.0
                    },
                    "Health": [
                        {
                            "Min": 0.01,
                            "Max": 0.01,
                            "Zone": ""
                        }
                    ],
                    "InventoryAttachments": [],
                    "InventoryCargo": [],
                    "ConstructionPartsBuilt": [],
                    "Sets": []
                }
            ]
        }
    ],
    "InventoryCargo": [
        {
            "ClassName": "CP_CannabisSeedsPackNomad",
            "Include": "",
            "Chance": 0.10,
            "Quantity": {
                "Min": 1.0,
                "Max": 1.0
            },
            "Health": [],
            "InventoryAttachments": [],
            "InventoryCargo": [],
            "ConstructionPartsBuilt": [],
            "Sets": []
        },
        {
            "ClassName": "CP_CannabisSeedsPackSkunk",
            "Include": "",
            "Chance": 0.10,
            "Quantity": {
                "Min": 1.0,
                "Max": 1.0
            },
            "Health": [],
            "InventoryAttachments": [],
            "InventoryCargo": [],
            "ConstructionPartsBuilt": [],
            "Sets": []
        },
        {
            "ClassName": "CP_CannabisSeedsPackBlackFrost",
            "Include": "",
            "Chance": 0.10,
            "Quantity": {
                "Min": 1.0,
                "Max": 1.0
            },
            "Health": [],
            "InventoryAttachments": [],
            "InventoryCargo": [],
            "ConstructionPartsBuilt": [],
            "Sets": []
        },
        {
            "ClassName": "CP_CannabisSeedsPackBlue",
            "Include": "",
            "Chance": 0.10,
            "Quantity": {
                "Min": 1.0,
                "Max": 1.0
            },
            "Health": [],
            "InventoryAttachments": [],
            "InventoryCargo": [],
            "ConstructionPartsBuilt": [],
            "Sets": []
        },
        {
            "ClassName": "CP_CannabisSeedsPackFuture",
            "Include": "",
            "Chance": 0.10,
            "Quantity": {
                "Min": 1.0,
                "Max": 1.0
            },
            "Health": [],
            "InventoryAttachments": [],
            "InventoryCargo": [],
            "ConstructionPartsBuilt": [],
            "Sets": []
        },
        {
            "ClassName": "CP_CannabisSeedsPackS1",
            "Include": "",
            "Chance": 0.10,
            "Quantity": {
                "Min": 1.0,
                "Max": 1.0
            },
            "Health": [],
            "InventoryAttachments": [],
            "InventoryCargo": [],
            "ConstructionPartsBuilt": [],
            "Sets": []
        },
        {
            "ClassName": "CP_CannabisSeedsPackStardawg",
            "Include": "",
            "Chance": 0.10,
            "Quantity": {
                "Min": 1.0,
                "Max": 1.0
            },
            "Health": [],
            "InventoryAttachments": [],
            "InventoryCargo": [],
            "ConstructionPartsBuilt": [],
            "Sets": []
        },
        {
            "ClassName": "CP_CannabisSeedsPackKush",
            "Include": "",
            "Chance": 0.10,
            "Quantity": {
                "Min": 1.0,
                "Max": 1.0
            },
            "Health": [],
            "InventoryAttachments": [],
            "InventoryCargo": [],
            "ConstructionPartsBuilt": [],
            "Sets": []
        }
    ],
    "ConstructionPartsBuilt": [],
    "Sets": [
        {
            "ClassName": "WEAPON",
            "Include": "",
            "Chance": 0.90,
            "Quantity": {
                "Min": 0.0,
                "Max": 0.0
            },
            "Health": [],
            "InventoryAttachments": [
                {
                    "SlotName": "Shoulder",
                    "Items": [
                        {
                            "ClassName": "CZ550",
                            "Include": "",
                            "Chance": 1.0,
                            "Quantity": {
                                "Min": 0.0,
                                "Max": 0.0
                            },
                            "Health": [],
                            "InventoryAttachments": [
                                {
                                    "SlotName": "",
                                    "Items": [
                                        {
                                            "ClassName": "Mag_CZ550_10rnd",
                                            "Include": "",
                                            "Chance": 1.0,
                                            "Quantity": {
                                                "Min": 0.0,
                                                "Max": 0.0
                                            },
                                            "Health": [],
                                            "InventoryAttachments": [],
                                            "InventoryCargo": [],
                                            "ConstructionPartsBuilt": [],
                                            "Sets": []
                                        }
                                    ]
                                }
                            ],
                            "InventoryCargo": [],
                            "ConstructionPartsBuilt": [],
                            "Sets": []
                        }
                    ]
                }
            ],
            "InventoryCargo": [
                {
                    "ClassName": "Mag_CZ550_10rnd",
                    "Include": "",
                    "Chance": 1.0,
                    "Quantity": {
                        "Min": 0.0,
                        "Max": 0.0
                    },
                    "Health": [],
                    "InventoryAttachments": [],
                    "InventoryCargo": [],
                    "ConstructionPartsBuilt": [],
                    "Sets": []
                }
            ],
            "ConstructionPartsBuilt": [],
            "Sets": []
        },
        {
            "ClassName": "WEAPON",
            "Include": "",
            "Chance": 1.0,
            "Quantity": {
                "Min": 0.0,
                "Max": 0.0
            },
            "Health": [],
            "InventoryAttachments": [
                {
                    "SlotName": "Shoulder",
                    "Items": [
                        {
                            "ClassName": "Repeater",
                            "Include": "",
                            "Chance": 1.0,
                            "Quantity": {
                                "Min": 0.0,
                                "Max": 0.0
                            },
                            "Health": [
                                {
                                    "Min": 1.0,
                                    "Max": 1.0,
                                    "Zone": ""
                                }
                            ],
                            "InventoryAttachments": [ ],
                            "InventoryCargo": [],
                            "ConstructionPartsBuilt": [],
                            "Sets": []
                        }
                    ]
                }
            ],
            "InventoryCargo": [
                {
                    "ClassName": "Ammo_357",
                    "Include": "",
                    "Chance": 1.0,
                    "Quantity": {
                        "Min": 0.0,
                        "Max": 0.0
                    },
                    "Health": [],
                    "InventoryAttachments": [],
                    "InventoryCargo": [],
                    "ConstructionPartsBuilt": [],
                    "Sets": []
                },
                {
                    "ClassName": "Ammo_357",
                    "Include": "",
                    "Chance": 1.0,
                    "Quantity": {
                        "Min": 0.0,
                        "Max": 0.0
                    },
                    "Health": [],
                    "InventoryAttachments": [],
                    "InventoryCargo": [],
                    "ConstructionPartsBuilt": [],
                    "Sets": []
                }
            ],
            "ConstructionPartsBuilt": [],
            "Sets": []
        },
        {
            "ClassName": "WEAPON",
            "Include": "",
            "Chance": 0.75,
            "Quantity": {
                "Min": 0.0,
                "Max": 0.0
            },
            "Health": [],
            "InventoryAttachments": [
                {
                    "SlotName": "Shoulder",
                    "Items": [
                        {
                            "ClassName": "Magnum",
                            "Include": "",
                            "Chance": 1.0,
                            "Quantity": {
                                "Min": 0.0,
                                "Max": 0.0
                            },
                            "Health": [
                                {
                                    "Min": 1.0,
                                    "Max": 1.0,
                                    "Zone": ""
                                }
                            ],
                            "InventoryAttachments": [ ],
                            "InventoryCargo": [],
                            "ConstructionPartsBuilt": [],
                            "Sets": []
                        }
                    ]
                }
            ],
            "InventoryCargo": [
                {
                    "ClassName": "Ammo_357",
                    "Include": "",
                    "Chance": 1.0,
                    "Quantity": {
                        "Min": 0.0,
                        "Max": 0.0
                    },
                    "Health": [],
                    "InventoryAttachments": [],
                    "InventoryCargo": [],
                    "ConstructionPartsBuilt": [],
                    "Sets": []
                },
                {
                    "ClassName": "Ammo_357",
                    "Include": "",
                    "Chance": 1.0,
                    "Quantity": {
                        "Min": 0.0,
                        "Max": 0.0
                    },
                    "Health": [],
                    "InventoryAttachments": [],
                    "InventoryCargo": [],
                    "ConstructionPartsBuilt": [],
                    "Sets": []
                }
            ],
            "ConstructionPartsBuilt": [],
            "Sets": []
        },
        {
            "ClassName": "WEAPON",
            "Include": "",
            "Chance": 0.85,
            "Quantity": {
                "Min": 0.0,
                "Max": 0.0
            },
            "Health": [],
            "InventoryAttachments": [
                {
                    "SlotName": "Shoulder",
                    "Items": [
                        {
                            "ClassName": "Mp133Shotgun",
                            "Include": "",
                            "Chance": 1.0,
                            "Quantity": {
                                "Min": 0.0,
                                "Max": 0.0
                            },
                            "Health": [
                                {
                                    "Min": 1.0,
                                    "Max": 1.0,
                                    "Zone": ""
                                }
                            ],
                            "InventoryAttachments": [],
                            "InventoryCargo": [],
                            "ConstructionPartsBuilt": [],
                            "Sets": []
                        }
                    ]
                }
            ],
            "InventoryCargo": [
                {
                    "ClassName": "Ammo_12gaPellets",
                    "Include": "",
                    "Chance": 1.0,
                    "Quantity": {
                        "Min": 0.0,
                        "Max": 0.0
                    },
                    "Health": [],
                    "InventoryAttachments": [],
                    "InventoryCargo": [],
                    "ConstructionPartsBuilt": [],
                    "Sets": []
                },
                {
                    "ClassName": "Ammo_12gaPellets",
                    "Include": "",
                    "Chance": 1.0,
                    "Quantity": {
                        "Min": 0.0,
                        "Max": 0.0
                    },
                    "Health": [],
                    "InventoryAttachments": [],
                    "InventoryCargo": [],
                    "ConstructionPartsBuilt": [],
                    "Sets": []
                }
            ],
            "ConstructionPartsBuilt": [],
            "Sets": []
        },
        {
            "ClassName": "WEAPON",
            "Include": "",
            "Chance": 1.0,
            "Quantity": {
                "Min": 0.0,
                "Max": 0.0
            },
            "Health": [],
            "InventoryAttachments": [
                {
                    "SlotName": "Shoulder",
                    "Items": [
                        {
                            "ClassName": "SawedoffMosin9130",
                            "Include": "",
                            "Chance": 1.0,
                            "Quantity": {
                                "Min": 0.0,
                                "Max": 0.0
                            },
                            "Health": [
                                {
                                    "Min": 1.0,
                                    "Max": 1.0,
                                    "Zone": ""
                                }
                            ],
                            "InventoryAttachments": [],
                            "InventoryCargo": [],
                            "ConstructionPartsBuilt": [],
                            "Sets": []
                        }
                    ]
                }
            ],
            "InventoryCargo": [
                {
                    "ClassName": "Ammo_762x54",
                    "Include": "",
                    "Chance": 1.0,
                    "Quantity": {
                        "Min": 0.0,
                        "Max": 0.0
                    },
                    "Health": [],
                    "InventoryAttachments": [],
                    "InventoryCargo": [],
                    "ConstructionPartsBuilt": [],
                    "Sets": []
                },
                {
                    "ClassName": "Ammo_762x54",
                    "Include": "",
                    "Chance": 1.0,
                    "Quantity": {
                        "Min": 0.0,
                        "Max": 0.0
                    },
                    "Health": [],
                    "InventoryAttachments": [],
                    "InventoryCargo": [],
                    "ConstructionPartsBuilt": [],
                    "Sets": []
                }
            ],
            "ConstructionPartsBuilt": [],
            "Sets": []
        },
        {
            "ClassName": "WEAPON",
            "Include": "",
            "Chance": 1.0,
            "Quantity": {
                "Min": 0.0,
                "Max": 0.0
            },
            "Health": [],
            "InventoryAttachments": [
                {
                    "SlotName": "Shoulder",
                    "Items": [
                        {
                            "ClassName": "LongHorn",
                            "Include": "",
                            "Chance": 1.0,
                            "Quantity": {
                                "Min": 0.0,
                                "Max": 0.0
                            },
                            "Health": [
                                {
                                    "Min": 1.0,
                                    "Max": 1.0,
                                    "Zone": ""
                                }
                            ],
                            "InventoryAttachments": [],
                            "InventoryCargo": [],
                            "ConstructionPartsBuilt": [],
                            "Sets": []
                        }
                    ]
                }
            ],
            "InventoryCargo": [
                {
                    "ClassName": "Ammo_308Win",
                    "Include": "",
                    "Chance": 1.0,
                    "Quantity": {
                        "Min": 0.0,
                        "Max": 0.0
                    },
                    "Health": [],
                    "InventoryAttachments": [],
                    "InventoryCargo": [],
                    "ConstructionPartsBuilt": [],
                    "Sets": []
                },
                {
                    "ClassName": "Ammo_308Win",
                    "Include": "",
                    "Chance": 1.0,
                    "Quantity": {
                        "Min": 0.0,
                        "Max": 0.0
                    },
                    "Health": [],
                    "InventoryAttachments": [],
                    "InventoryCargo": [],
                    "ConstructionPartsBuilt": [],
                    "Sets": []
                }
            ],
            "ConstructionPartsBuilt": [],
            "Sets": []
        },
        {
            "ClassName": "WEAPON",
            "Include": "",
            "Chance": 0.80,
            "Quantity": {
                "Min": 0.0,
                "Max": 0.0
            },
            "Health": [],
            "InventoryAttachments": [
                {
                    "SlotName": "Shoulder",
                    "Items": [
                        {
                            "ClassName": "Engraved1911",
                            "Include": "",
                            "Chance": 1.0,
                            "Quantity": {
                                "Min": 0.0,
                                "Max": 0.0
                            },
                            "Health": [
                                {
                                    "Min": 1.0,
                                    "Max": 1.0,
                                    "Zone": ""
                                }
                            ],
                            "InventoryAttachments": [
                                {
                                    "SlotName": "",
                                    "Items": [
                                        {
                                            "ClassName": "Mag_1911_7Rnd",
                                            "Include": "",
                                            "Chance": 1.0,
                                            "Quantity": {
                                                "Min": 0.0,
                                                "Max": 0.0
                                            },
                                            "Health": [],
                                            "InventoryAttachments": [],
                                            "InventoryCargo": [],
                                            "ConstructionPartsBuilt": [],
                                            "Sets": []
                                        }
                                    ]
                                }
                            ],
                            "InventoryCargo": [],
                            "ConstructionPartsBuilt": [],
                            "Sets": []
                        }
                    ]
                }
            ],
            "InventoryCargo": [
                {
                    "ClassName": "Mag_1911_7Rnd",
                    "Include": "",
                    "Chance": 1.0,
                    "Quantity": {
                        "Min": 0.0,
                        "Max": 0.0
                    },
                    "Health": [],
                    "InventoryAttachments": [],
                    "InventoryCargo": [],
                    "ConstructionPartsBuilt": [],
                    "Sets": []
                }
            ],
            "ConstructionPartsBuilt": [],
            "Sets": []
        }
    ]
}