{
    "m_Version": 12,
    "DisplayName": "Запчастини для Jeep GladiatorF9",
    "Icon": "Deliver",
    "Color": "FBFCFEFF",
    "IsExchange": 0,
    "InitStockPercent": 75.0,
    "Items": [
        {
            "ClassName": "Jeep_GladiatorF9_Driver_Door",
            "MaxPriceThreshold": 870,
            "MinPriceThreshold": 870,
            "SellPricePercent": -1.0,
            "MaxStockThreshold": 100,
            "MinStockThreshold": 1,
            "QuantityPercent": -1,
            "SpawnAttachments": [],
            "Variants": [
                "Jeep_GladiatorF9_Driver_Door_Black",
                "Jeep_GladiatorF9_Driver_Door_Gold",
                "Jeep_GladiatorF9_Driver_Door_Brown",
                "Jeep_GladiatorF9_Driver_Door_DarkRed",
                "Jeep_GladiatorF9_Driver_Door_DarkBlue",
                "Jeep_GladiatorF9_Driver_Door_camo_green",
                "Jeep_GladiatorF9_Driver_Door_camo_red",
                "Jeep_GladiatorF9_Driver_Door_camo_blue",
                "Jeep_GladiatorF9_Driver_Door_camo_black"
            ]
        },
        {
            "ClassName": "Jeep_GladiatorF9_Codriver_Door",
            "MaxPriceThreshold": 870,
            "MinPriceThreshold": 870,
            "SellPricePercent": -1.0,
            "MaxStockThreshold": 100,
            "MinStockThreshold": 1,
            "QuantityPercent": -1,
            "SpawnAttachments": [],
            "Variants": [
                "Jeep_GladiatorF9_Codriver_Door_Black",
                "Jeep_GladiatorF9_Codriver_Door_Gold",
                "Jeep_GladiatorF9_Codriver_Door_Brown",
                "Jeep_GladiatorF9_Codriver_Door_DarkRed",
                "Jeep_GladiatorF9_Codriver_Door_DarkBlue",
                "Jeep_GladiatorF9_Codriver_Door_camo_green",
                "Jeep_GladiatorF9_Codriver_Door_camo_red",
                "Jeep_GladiatorF9_Codriver_Door_camo_blue",
                "Jeep_GladiatorF9_Codriver_Door_camo_black"
            ]
        },
        {
            "ClassName": "Jeep_GladiatorF9_Cargo_Door1",
            "MaxPriceThreshold": 870,
            "MinPriceThreshold": 870,
            "SellPricePercent": -1.0,
            "MaxStockThreshold": 100,
            "MinStockThreshold": 1,
            "QuantityPercent": -1,
            "SpawnAttachments": [],
            "Variants": [
                "Jeep_GladiatorF9_Cargo_Door1_Black",
                "Jeep_GladiatorF9_Cargo_Door1_Gold",
                "Jeep_GladiatorF9_Cargo_Door1_Brown",
                "Jeep_GladiatorF9_Cargo_Door1_DarkRed",
                "Jeep_GladiatorF9_Cargo_Door1_DarkBlue",
                "Jeep_GladiatorF9_Cargo_Door1_camo_green",
                "Jeep_GladiatorF9_Cargo_Door1_camo_red",
                "Jeep_GladiatorF9_Cargo_Door1_camo_blue",
                "Jeep_GladiatorF9_Cargo_Door1_camo_black"
            ]
        },
        {
            "ClassName": "Jeep_GladiatorF9_Cargo_Door2",
            "MaxPriceThreshold": 870,
            "MinPriceThreshold": 870,
            "SellPricePercent": -1.0,
            "MaxStockThreshold": 100,
            "MinStockThreshold": 1,
            "QuantityPercent": -1,
            "SpawnAttachments": [],
            "Variants": [
                "Jeep_GladiatorF9_Cargo_Door2_Black",
                "Jeep_GladiatorF9_Cargo_Door2_Gold",
                "Jeep_GladiatorF9_Cargo_Door2_Brown",
                "Jeep_GladiatorF9_Cargo_Door2_DarkRed",
                "Jeep_GladiatorF9_Cargo_Door2_DarkBlue",
                "Jeep_GladiatorF9_Cargo_Door2_camo_green",
                "Jeep_GladiatorF9_Cargo_Door2_camo_red",
                "Jeep_GladiatorF9_Cargo_Door2_camo_blue",
                "Jeep_GladiatorF9_Cargo_Door2_camo_black"
            ]
        },
        {
            "ClassName": "Jeep_GladiatorF9_Trunk",
            "MaxPriceThreshold": 800,
            "MinPriceThreshold": 480,
            "SellPricePercent": -1.0,
            "MaxStockThreshold": 100,
            "MinStockThreshold": 1,
            "QuantityPercent": -1,
            "SpawnAttachments": [],
            "Variants": [
                "Jeep_GladiatorF9_Trunk_Black",
                "Jeep_GladiatorF9_Trunk_Gold",
                "Jeep_GladiatorF9_Trunk_Brown",
                "Jeep_GladiatorF9_Trunk_DarkRed",
                "Jeep_GladiatorF9_Trunk_DarkBlue",
                "Jeep_GladiatorF9_Trunk_camo_green",
                "Jeep_GladiatorF9_Trunk_camo_red",
                "Jeep_GladiatorF9_Trunk_camo_blue",
                "Jeep_GladiatorF9_Trunk_camo_black"
            ]
        },
        {
            "ClassName": "Jeep_GladiatorF9_Hood",
            "MaxPriceThreshold": 870,
            "MinPriceThreshold": 870,
            "SellPricePercent": -1.0,
            "MaxStockThreshold": 100,
            "MinStockThreshold": 1,
            "QuantityPercent": -1,
            "SpawnAttachments": [],
            "Variants": [
                "Jeep_GladiatorF9_Hood_Black",
                "Jeep_GladiatorF9_Hood_Gold",
                "Jeep_GladiatorF9_Hood_Brown",
                "Jeep_GladiatorF9_Hood_DarkRed",
                "Jeep_GladiatorF9_Hood_DarkBlue",
                "Jeep_GladiatorF9_Hood_camo_green",
                "Jeep_GladiatorF9_Hood_camo_red",
                "Jeep_GladiatorF9_Hood_camo_blue",
                "Jeep_GladiatorF9_Hood_camo_black"
            ]
        },
        {
            "ClassName": "JeepGladiator_Wheel",
            "MaxPriceThreshold": 300,
            "MinPriceThreshold": 300,
            "SellPricePercent": -1.0,
            "MaxStockThreshold": 100,
            "MinStockThreshold": 1,
            "QuantityPercent": -1,
            "SpawnAttachments": [],
            "Variants": []
        },
        {
            "ClassName": "camonetjeep",
            "MaxPriceThreshold": 1500,
            "MinPriceThreshold": 1500,
            "SellPricePercent": 10.0,
            "MaxStockThreshold": 1,
            "MinStockThreshold": 1,
            "QuantityPercent": -1,
            "SpawnAttachments": [],
            "Variants": [
                "camonetjeep"
            ]
        }
    ]
}