{
    "m_Version": 12,
    "DisplayName": "Запчастини для Bronco",
    "Icon": "Deliver",
    "Color": "FBFCFEFF",
    "IsExchange": 0,
    "InitStockPercent": 75.0,
    "Items": [
        {
            "ClassName": "Bronco_Driverdoor",
            "MaxPriceThreshold": 870,
            "MinPriceThreshold": 870,
            "SellPricePercent": -1.0,
            "MaxStockThreshold": 100,
            "MinStockThreshold": 1,
            "QuantityPercent": -1,
            "SpawnAttachments": [],
            "Variants": [
                "Bronco_Driverdoor_Black",
                "Bronco_Driverdoor_Hunter",
                "Bronco_Driverdoor_Rust"
            ]
        },
        {
            "ClassName": "Bronco_Codriverdoor",
            "MaxPriceThreshold": 870,
            "MinPriceThreshold": 870,
            "SellPricePercent": -1.0,
            "MaxStockThreshold": 100,
            "MinStockThreshold": 1,
            "QuantityPercent": -1,
            "SpawnAttachments": [],
            "Variants": [
                "Bronco_Codriverdoor_Black",
                "Bronco_Codriverdoor_Hunter",
                "Bronco_Codriverdoor_Rust"
            ]
        },
        {
            "ClassName": "Bronco_Hood",
            "MaxPriceThreshold": 870,
            "MinPriceThreshold": 870,
            "SellPricePercent": -1.0,
            "MaxStockThreshold": 100,
            "MinStockThreshold": 1,
            "QuantityPercent": -1,
            "SpawnAttachments": [],
            "Variants": [
                "Bronco_Hood_Black",
                "Bronco_Hood_Hunter",
                "Bronco_Hood_Rust"
            ]
        },
        {
            "ClassName": "Bronco_Trunk",
            "MaxPriceThreshold": 870,
            "MinPriceThreshold": 870,
            "SellPricePercent": -1.0,
            "MaxStockThreshold": 100,
            "MinStockThreshold": 1,
            "QuantityPercent": -1,
            "SpawnAttachments": [],
            "Variants": [
                "Bronco_Trunk_Black",
                "Bronco_Trunk_Hunter",
                "Bronco_Trunk_Rust"
            ]
        },
        {
            "ClassName": "bronco_wheel",
            "MaxPriceThreshold": 300,
            "MinPriceThreshold": 300,
            "SellPricePercent": -1.0,
            "MaxStockThreshold": 100,
            "MinStockThreshold": 1,
            "QuantityPercent": -1,
            "SpawnAttachments": [],
            "Variants": []
        }
    ]
}