{
    "m_Version": 1,
    "m_ClassName": "TerjeShower",
    "m_SkinName": "",
    "m_HealthLevel": 2,
    "m_Quantity": 0.0,
    "m_QuantityType": 0,
    "m_LiquidType": -1,
    "m_IsBloodContainer": 0,
    "m_FoodStageType": -1,
    "m_Rarity": 0,
    "m_ContainerItemsCount": 0,
    "m_ContainerItems": [],
    "m_GlobalID": [
        -2147483648,
        -2147483648,
        -2147483648,
        -2147318644
    ],
    "m_OwnerUID": "URzKUBrLNQwW2gD616ZFS6_OPAvG38kShBcqQHfJtsc=",
    "m_Price": 3000,
    "m_ListingTime": 1742212385,
    "m_ListingState": 1,
    "m_OwnerName": "Serdj"
}