<?xml version="1.0" encoding="UTF-8" standalone="yes"?>
<ignore>
	<type name="Bandage"></type>
	<type name="BandanaMask_BlackPattern"></type>
	<type name="BandanaMask_CamoPattern"></type>
	<type name="BandanaMask_GreenPattern"></type>
	<type name="BandanaMask_PolkaPattern"></type>
	<type name="BandanaMask_RedPattern"></type>
	<type name="CattleProd"></type>
	<type name="DallasMask"></type>
	<type name="Defibrillator"></type>
	<type name="EngineOil"></type>
	<type name="HescoBox"></type>
	<type name="EasterEgg"></type>
	<type name="HoxtonMask"></type>
	<type name="StunBaton"></type>
	<type name="TransitBus"></type>
	<type name="WolfMask"></type>
	<type name="Spear"></type>
	<type name="Wreck_Mi8"></type>
	<type name="Wreck_UH1Y"></type>
	<type name="HM_Ambulance"></type>
	<type name="HM_Bag"></type>
</ignore>