{
    "m_Version": 1,
    "m_ClassName": "NailBox",
    "m_SkinName": "",
    "m_HealthLevel": 0,
    "m_Quantity": 0.0,
    "m_QuantityType": 0,
    "m_LiquidType": -1,
    "m_IsBloodContainer": 0,
    "m_FoodStageType": -1,
    "m_Rarity": 0,
    "m_ContainerItemsCount": 0,
    "m_ContainerItems": [],
    "m_GlobalID": [
        -2147483648,
        -2147483648,
        -2147483648,
        -2147398669
    ],
    "m_OwnerUID": "30MI40uFoBCtmzdI6MQo3woKNt2L4TgiYaw4fihDyLc=",
    "m_Price": 7000,
    "m_ListingTime": 1740579584,
    "m_ListingState": 2,
    "m_OwnerName": "GUGA"
}