<?xml version="1.0" encoding="UTF-8" standalone="yes"?>
<types>
    <type name="RaG_BB_Admin_Hammer">
        <lifetime>3</lifetime>
        <flags count_in_cargo="0" count_in_hoarder="0" count_in_map="1" count_in_player="0" crafted="0" deloot="0"/>
    </type>
    <type name="RaG_BB_Admin_Hatchet">
        <lifetime>3</lifetime>
        <flags count_in_cargo="0" count_in_hoarder="0" count_in_map="1" count_in_player="0" crafted="0" deloot="0"/>
    </type>
    <type name="RaG_BB_PillarKit">
        <lifetime>7200</lifetime>
        <flags count_in_cargo="0" count_in_hoarder="0" count_in_map="1" count_in_player="0" crafted="0" deloot="0"/>
    </type>
    <type name="RaG_BB_Pillar">
        <lifetime>1209600</lifetime>
        <flags count_in_cargo="1" count_in_hoarder="0" count_in_map="1" count_in_player="0" crafted="1" deloot="0"/>
    </type>
    <type name="RaG_BB_RoofKit">
        <lifetime>7200</lifetime>
        <flags count_in_cargo="0" count_in_hoarder="0" count_in_map="1" count_in_player="0" crafted="0" deloot="0"/>
    </type>
    <type name="RaG_BB_Roof">
        <lifetime>1209600</lifetime>
        <flags count_in_cargo="1" count_in_hoarder="0" count_in_map="1" count_in_player="0" crafted="1" deloot="0"/>
    </type>
    <type name="RaG_BB_FloorKit">
        <lifetime>7200</lifetime>
        <flags count_in_cargo="0" count_in_hoarder="0" count_in_map="1" count_in_player="0" crafted="0" deloot="0"/>
    </type>
    <type name="RaG_BB_Floor">
        <lifetime>1209600</lifetime>
        <flags count_in_cargo="1" count_in_hoarder="0" count_in_map="1" count_in_player="0" crafted="1" deloot="0"/>
    </type>
    <type name="RaG_BB_CeilingKit">
        <lifetime>7200</lifetime>
        <flags count_in_cargo="0" count_in_hoarder="0" count_in_map="1" count_in_player="0" crafted="0" deloot="0"/>
    </type>
    <type name="RaG_BB_Ceiling">
        <lifetime>1209600</lifetime>
        <flags count_in_cargo="1" count_in_hoarder="0" count_in_map="1" count_in_player="0" crafted="1" deloot="0"/>
    </type>
    <type name="RaG_BB_StaircaseKit">
        <lifetime>7200</lifetime>
        <flags count_in_cargo="0" count_in_hoarder="0" count_in_map="1" count_in_player="0" crafted="0" deloot="0"/>
    </type>
    <type name="RaG_BB_Staircase">
        <lifetime>1209600</lifetime>
        <flags count_in_cargo="1" count_in_hoarder="0" count_in_map="1" count_in_player="0" crafted="1" deloot="0"/>
    </type>
    <type name="RaG_BB_Staircase_2Kit">
        <lifetime>7200</lifetime>
        <flags count_in_cargo="0" count_in_hoarder="0" count_in_map="1" count_in_player="0" crafted="0" deloot="0"/>
    </type>
    <type name="RaG_BB_Staircase_2">
        <lifetime>1209600</lifetime>
        <flags count_in_cargo="1" count_in_hoarder="0" count_in_map="1" count_in_player="0" crafted="1" deloot="0"/>
    </type>
    <type name="RaG_BB_StairsKit">
        <lifetime>7200</lifetime>
        <flags count_in_cargo="0" count_in_hoarder="0" count_in_map="1" count_in_player="0" crafted="0" deloot="0"/>
    </type>
    <type name="RaG_BB_Stairs">
        <lifetime>1209600</lifetime>
        <flags count_in_cargo="1" count_in_hoarder="0" count_in_map="1" count_in_player="0" crafted="1" deloot="0"/>
    </type>
    <type name="RaG_BB_WallKit">
        <lifetime>7200</lifetime>
        <flags count_in_cargo="0" count_in_hoarder="0" count_in_map="1" count_in_player="0" crafted="0" deloot="0"/>
    </type>
    <type name="RaG_BB_Wall">
        <lifetime>1209600</lifetime>
        <flags count_in_cargo="1" count_in_hoarder="0" count_in_map="1" count_in_player="0" crafted="1" deloot="0"/>
    </type>
    <type name="RaG_BB_DoorKit">
        <lifetime>7200</lifetime>
        <flags count_in_cargo="0" count_in_hoarder="0" count_in_map="1" count_in_player="0" crafted="0" deloot="0"/>
    </type>
    <type name="RaG_BB_Door">
        <lifetime>1209600</lifetime>
        <flags count_in_cargo="1" count_in_hoarder="0" count_in_map="1" count_in_player="0" crafted="1" deloot="0"/>
    </type>
    <type name="RaG_BB_WindowKit">
        <lifetime>7200</lifetime>
        <flags count_in_cargo="0" count_in_hoarder="0" count_in_map="1" count_in_player="0" crafted="0" deloot="0"/>
    </type>
    <type name="RaG_BB_Window">
        <lifetime>1209600</lifetime>
        <flags count_in_cargo="1" count_in_hoarder="0" count_in_map="1" count_in_player="0" crafted="1" deloot="0"/>
    </type>
    <type name="RaG_BB_Window_SmallKit">
        <lifetime>7200</lifetime>
        <flags count_in_cargo="0" count_in_hoarder="0" count_in_map="1" count_in_player="0" crafted="0" deloot="0"/>
    </type>
    <type name="RaG_BB_Window_Small">
        <lifetime>1209600</lifetime>
        <flags count_in_cargo="1" count_in_hoarder="0" count_in_map="1" count_in_player="0" crafted="1" deloot="0"/>
    </type>
    <type name="RaG_BB_Low_WallKit">
        <lifetime>7200</lifetime>
        <flags count_in_cargo="0" count_in_hoarder="0" count_in_map="1" count_in_player="0" crafted="0" deloot="0"/>
    </type>
    <type name="RaG_BB_Low_Wall">
        <lifetime>1209600</lifetime>
        <flags count_in_cargo="1" count_in_hoarder="0" count_in_map="1" count_in_player="0" crafted="1" deloot="0"/>
    </type>
    <type name="RaG_BB_FoundationKit">
        <lifetime>7200</lifetime>
        <flags count_in_cargo="0" count_in_hoarder="0" count_in_map="1" count_in_player="0" crafted="0" deloot="0"/>
    </type>
    <type name="RaG_BB_Foundation">
        <lifetime>1209600</lifetime>
        <flags count_in_cargo="1" count_in_hoarder="0" count_in_map="1" count_in_player="0" crafted="1" deloot="0"/>
    </type>
    <type name="RaG_BB_GateKit">
        <lifetime>7200</lifetime>
        <flags count_in_cargo="0" count_in_hoarder="0" count_in_map="1" count_in_player="0" crafted="0" deloot="0"/>
    </type>
    <type name="RaG_BB_Gate">
        <lifetime>1209600</lifetime>
        <flags count_in_cargo="1" count_in_hoarder="0" count_in_map="1" count_in_player="0" crafted="1" deloot="0"/>
    </type>
    <type name="RaG_BB_GateLeftKit">
        <lifetime>7200</lifetime>
        <flags count_in_cargo="0" count_in_hoarder="0" count_in_map="1" count_in_player="0" crafted="0" deloot="0"/>
    </type>
    <type name="RaG_BB_GateLeft">
        <lifetime>1209600</lifetime>
        <flags count_in_cargo="1" count_in_hoarder="0" count_in_map="1" count_in_player="0" crafted="1" deloot="0"/>
    </type>
    <type name="RaG_BB_GateRightKit">
        <lifetime>7200</lifetime>
        <flags count_in_cargo="0" count_in_hoarder="0" count_in_map="1" count_in_player="0" crafted="0" deloot="0"/>
    </type>
    <type name="RaG_BB_GateRight">
        <lifetime>1209600</lifetime>
        <flags count_in_cargo="1" count_in_hoarder="0" count_in_map="1" count_in_player="0" crafted="1" deloot="0"/>
    </type>
    <type name="RaG_BB_WoodStorageKit">
        <lifetime>7200</lifetime>
        <flags count_in_cargo="0" count_in_hoarder="0" count_in_map="1" count_in_player="0" crafted="0" deloot="0"/>
    </type>
    <type name="RaG_BB_WoodStorage">
        <lifetime>1209600</lifetime>
        <flags count_in_cargo="1" count_in_hoarder="0" count_in_map="1" count_in_player="0" crafted="1" deloot="0"/>
    </type>
    <type name="RaG_BB_RampKit">
        <lifetime>7200</lifetime>
        <flags count_in_cargo="0" count_in_hoarder="0" count_in_map="1" count_in_player="0" crafted="0" deloot="0"/>
    </type>
    <type name="RaG_BB_Ramp">
        <lifetime>1209600</lifetime>
        <flags count_in_cargo="1" count_in_hoarder="0" count_in_map="1" count_in_player="0" crafted="1" deloot="0"/>
    </type>
    <type name="RaG_BB_StepLadderKit">
        <lifetime>7200</lifetime>
        <flags count_in_cargo="0" count_in_hoarder="0" count_in_map="1" count_in_player="0" crafted="0" deloot="0"/>
    </type>
    <type name="RaG_BB_StepLadder">
        <lifetime>1209600</lifetime>
        <flags count_in_cargo="1" count_in_hoarder="0" count_in_map="1" count_in_player="0" crafted="1" deloot="0"/>
    </type>
    <type name="RaG_BB_Ladder">
        <lifetime>1209600</lifetime>
        <flags count_in_cargo="1" count_in_hoarder="0" count_in_map="1" count_in_player="0" crafted="1" deloot="0"/>
    </type>
    <type name="RaG_BB_Floor_HatchKit">
        <lifetime>7200</lifetime>
        <flags count_in_cargo="0" count_in_hoarder="0" count_in_map="1" count_in_player="0" crafted="0" deloot="0"/>
    </type>
    <type name="RaG_BB_Floor_Hatch">
        <lifetime>1209600</lifetime>
        <flags count_in_cargo="1" count_in_hoarder="0" count_in_map="1" count_in_player="0" crafted="1" deloot="0"/>
    </type>
    <type name="RaG_BB_Single_DoorKit">
        <lifetime>7200</lifetime>
        <flags count_in_cargo="0" count_in_hoarder="0" count_in_map="1" count_in_player="0" crafted="0" deloot="0"/>
    </type>
    <type name="RaG_BB_Single_Door">
        <lifetime>3888000</lifetime>
        <flags count_in_cargo="1" count_in_hoarder="0" count_in_map="1" count_in_player="0" crafted="1" deloot="0"/>
    </type>
</types>