<?xml version="1.0" encoding="UTF-8" standalone="yes"?>
<types>
	<type name="HideOutObject">
		<nominal>0</nominal>
		<lifetime>3888000</lifetime>
		<restock>0</restock>
		<min>0</min>
		<quantmin>-1</quantmin>
		<quantmax>-1</quantmax>
		<cost>100</cost>
		<flags count_in_cargo="0" count_in_hoarder="0" count_in_map="1" count_in_player="1" crafted="0" deloot="0"/>
		<category name="tools"/>
	</type>
	<type name="TraderPlusVehicleCargo">
		<nominal>0</nominal>
		<lifetime>3888000</lifetime>
		<restock>0</restock>
		<min>0</min>
		<quantmin>-1</quantmin>
		<quantmax>-1</quantmax>
		<cost>100</cost>
		<flags count_in_cargo="0" count_in_hoarder="0" count_in_map="1" count_in_player="1" crafted="0" deloot="0"/>
		<category name="tools"/>
	</type>
	<type name="TraderPlus_Wallet">
		<nominal>0</nominal>
		<lifetime>14400</lifetime>
		<restock>0</restock>
		<min>0</min>
		<quantmin>-1</quantmin>
		<quantmax>-1</quantmax>
		<cost>100</cost>
		<flags count_in_cargo="0" count_in_hoarder="0" count_in_map="1" count_in_player="0" crafted="0" deloot="0"/>
		<category name="tools"/>
	</type>
	<type name="CarLockpick">
		<nominal>0</nominal>
		<lifetime>14400</lifetime>
		<restock>0</restock>
		<min>0</min>
		<quantmin>-1</quantmin>
		<quantmax>-1</quantmax>
		<cost>100</cost>
		<flags count_in_cargo="0" count_in_hoarder="0" count_in_map="1" count_in_player="0" crafted="0" deloot="0"/>
		<category name="tools"/>
	</type>
	<type name="Receipt">
		<nominal>0</nominal>
		<lifetime>3888000</lifetime>
		<restock>0</restock>
		<min>0</min>
		<quantmin>-1</quantmin>
		<quantmax>-1</quantmax>
		<cost>100</cost>
		<flags count_in_cargo="0" count_in_hoarder="0" count_in_map="1" count_in_player="0" crafted="0" deloot="0"/>
		<category name="tools"/>
	</type>
	<type name="TraderPlusCreditCard">
		<nominal>0</nominal>
		<lifetime>3888000</lifetime>
		<restock>0</restock>
		<min>0</min>
		<quantmin>-1</quantmin>
		<quantmax>-1</quantmax>
		<cost>100</cost>
		<flags count_in_cargo="0" count_in_hoarder="0" count_in_map="1" count_in_player="0" crafted="0" deloot="0"/>
		<category name="tools"/>
	</type>
	<type name="TraderPlusWrench">
		<nominal>0</nominal>
		<lifetime>14400</lifetime>
		<restock>0</restock>
		<min>0</min>
		<quantmin>-1</quantmin>
		<quantmax>-1</quantmax>
		<cost>100</cost>
		<flags count_in_cargo="0" count_in_hoarder="0" count_in_map="1" count_in_player="0" crafted="0" deloot="0"/>
		<category name="tools"/>
	</type>
	<type name="CarLock">
		<nominal>0</nominal>
		<lifetime>3888000</lifetime>
		<restock>0</restock>
		<min>0</min>
		<quantmin>-1</quantmin>
		<quantmax>-1</quantmax>
		<cost>100</cost>
		<flags count_in_cargo="0" count_in_hoarder="0" count_in_map="1" count_in_player="0" crafted="0" deloot="0"/>
		<category name="tools"/>
		<usage name="Industrial"/>
	</type>
	<type name="TraderPlus_Money_DIM_Gold">
		<nominal>0</nominal>
		<lifetime>7200</lifetime>
		<restock>0</restock>
		<min>10</min>
		<quantmin>-1</quantmin>
		<quantmax>-1</quantmax>
		<cost>100</cost>
		<flags count_in_cargo="0" count_in_hoarder="0" count_in_map="1" count_in_player="0" crafted="0" deloot="0" />
		<category name="tools" />
	</type>
	<type name="TraderPlus_Bitcoin">
		<nominal>0</nominal>
		<lifetime>7200</lifetime>
		<restock>0</restock>
		<min>10</min>
		<quantmin>-1</quantmin>
		<quantmax>-1</quantmax>
		<cost>100</cost>
		<flags count_in_cargo="0" count_in_hoarder="0" count_in_map="1" count_in_player="0" crafted="0" deloot="0" />
		<category name="tools" />
	</type>
	<type name="TraderPlus_Money_Ruble1_Coin">
		<nominal>0</nominal>
		<lifetime>7200</lifetime>
		<restock>0</restock>
		<min>0</min>
		<quantmin>-1</quantmin>
		<quantmax>-1</quantmax>
		<cost>100</cost>
		<flags count_in_cargo="0" count_in_hoarder="0" count_in_map="1" count_in_player="0" crafted="0" deloot="0"/>
		<category name="tools"/>
	</type>
	<type name="TraderPlus_Money_Ruble2_Coin">
		<nominal>0</nominal>
		<lifetime>10800</lifetime>
		<restock>1800</restock>
		<min>0</min>
		<quantmin>-1</quantmin>
		<quantmax>-1</quantmax>
		<cost>100</cost>
		<flags count_in_cargo="0" count_in_hoarder="0" count_in_map="1" count_in_player="0" crafted="0" deloot="0" />
		<category name="tools" />
	</type>
	<type name="TraderPlus_Money_Ruble5_Coin">
		<nominal>0</nominal>
		<lifetime>10800</lifetime>
		<restock>1800</restock>
		<min>0</min>
		<quantmin>-1</quantmin>
		<quantmax>-1</quantmax>
		<cost>100</cost>
		<flags count_in_cargo="0" count_in_hoarder="0" count_in_map="1" count_in_player="0" crafted="0" deloot="0" />
		<category name="tools" />
	</type>
	<type name="TraderPlus_Money_Euro1">
		<nominal>0</nominal>
		<lifetime>10800</lifetime>
		<restock>1800</restock>
		<min>0</min>
		<quantmin>-1</quantmin>
		<quantmax>-1</quantmax>
		<cost>100</cost>
		<flags count_in_cargo="0" count_in_hoarder="0" count_in_map="1" count_in_player="0" crafted="0" deloot="0" />
		<category name="tools" />
	</type>
	<type name="TraderPlus_Money_Euro2">
		<nominal>0</nominal>
		<lifetime>10800</lifetime>
		<restock>1800</restock>
		<min>0</min>
		<quantmin>-1</quantmin>
		<quantmax>-1</quantmax>
		<cost>100</cost>
		<flags count_in_cargo="0" count_in_hoarder="0" count_in_map="1" count_in_player="0" crafted="0" deloot="0" />
		<category name="tools" />
	</type>
	<type name="TraderPlus_Money_Dollar1">
		<nominal>0</nominal>
		<lifetime>10800</lifetime>
		<restock>1800</restock>
		<min>0</min>
		<quantmin>-1</quantmin>
		<quantmax>-1</quantmax>
		<cost>100</cost>
		<flags count_in_cargo="0" count_in_hoarder="0" count_in_map="1" count_in_player="0" crafted="0" deloot="0" />
		<category name="tools" />
	</type>
	<type name="TraderPlus_Money_Dollar2">
		<nominal>0</nominal>
		<lifetime>10800</lifetime>
		<restock>1800</restock>
		<min>0</min>
		<quantmin>-1</quantmin>
		<quantmax>-1</quantmax>
		<cost>100</cost>
		<flags count_in_cargo="0" count_in_hoarder="0" count_in_map="1" count_in_player="0" crafted="0" deloot="0" />
		<category name="tools" />
	</type>
	<type name="TraderPlus_Money_Dollar5">
		<nominal>0</nominal>
		<lifetime>10800</lifetime>
		<restock>1800</restock>
		<min>0</min>
		<quantmin>-1</quantmin>
		<quantmax>-1</quantmax>
		<cost>100</cost>
		<flags count_in_cargo="0" count_in_hoarder="0" count_in_map="1" count_in_player="0" crafted="0" deloot="0" />
		<category name="tools" />
	</type>
	<type name="TraderPlus_Money_Dollar10">
		<nominal>0</nominal>
		<lifetime>10800</lifetime>
		<restock>1800</restock>
		<min>0</min>
		<quantmin>-1</quantmin>
		<quantmax>-1</quantmax>
		<cost>100</cost>
		<flags count_in_cargo="0" count_in_hoarder="0" count_in_map="1" count_in_player="0" crafted="0" deloot="0" />
		<category name="tools" />
		<usage name="Town"/>
		<usage name="Village"/>

	</type>
	<type name="TraderPlus_Money_Dollar20">
		<nominal>0</nominal>
		<lifetime>10800</lifetime>
		<restock>1800</restock>
		<min>0</min>
		<quantmin>-1</quantmin>
		<quantmax>-1</quantmax>
		<cost>100</cost>
		<flags count_in_cargo="0" count_in_hoarder="0" count_in_map="1" count_in_player="0" crafted="0" deloot="0" />
		<category name="tools" />
	</type>
	<type name="TraderPlus_Money_Dollar50">
		<nominal>0</nominal>
		<lifetime>10800</lifetime>
		<restock>1800</restock>
		<min>4</min>
		<quantmin>-1</quantmin>
		<quantmax>-1</quantmax>
		<cost>100</cost>
		<flags count_in_cargo="0" count_in_hoarder="0" count_in_map="1" count_in_player="0" crafted="0" deloot="0" />
		<category name="tools" />
	</type>
	<type name="TraderPlus_Money_Dollar100">
		<nominal>0</nominal>
		<lifetime>10800</lifetime>
		<restock>1800</restock>
		<min>0</min>
		<quantmin>-1</quantmin>
		<quantmax>-1</quantmax>
		<cost>100</cost>
		<flags count_in_cargo="0" count_in_hoarder="0" count_in_map="1" count_in_player="0" crafted="0" deloot="0" />
		<category name="tools" />
	</type>
	<type name="TraderPlus_Money_Euro5">
		<nominal>10</nominal>
		<lifetime>10800</lifetime>
		<restock>1800</restock>
		<min>4</min>
		<quantmin>1</quantmin>
		<quantmax>1</quantmax>
		<cost>100</cost>
		<flags count_in_cargo="0" count_in_hoarder="0" count_in_map="1" count_in_player="0" crafted="0" deloot="0" />
		<category name="tools" />
		<usage name="Town"/>
		<usage name="Village"/>
		<value name="Tier1" />
	</type>
	<type name="TraderPlus_Money_Euro10">
		<nominal>10</nominal>
		<lifetime>10800</lifetime>
		<restock>1800</restock>
		<min>5</min>
		<quantmin>1</quantmin>
		<quantmax>1</quantmax>
		<cost>100</cost>
		<flags count_in_cargo="0" count_in_hoarder="0" count_in_map="1" count_in_player="0" crafted="0" deloot="0" />
		<category name="tools" />
		<usage name="Town"/>
		<usage name="Village"/>
		<value name="Tier2" />
	</type>
	<type name="TraderPlus_Money_Euro20">
		<nominal>10</nominal>
		<lifetime>10800</lifetime>
		<restock>1800</restock>
		<min>5</min>
		<quantmin>1</quantmin>
		<quantmax>1</quantmax>
		<cost>100</cost>
		<flags count_in_cargo="0" count_in_hoarder="0" count_in_map="1" count_in_player="0" crafted="0" deloot="0"/>
		<category name="tools"/>
		<usage name="Town"/>
		<usage name="Village"/>
		<value name="Tier3" />
		<value name="Tier4" />
	</type>
	<type name="TraderPlus_Money_Euro50">
		<nominal>5</nominal>
		<lifetime>10800</lifetime>
		<restock>1800</restock>
		<min>3</min>
		<quantmin>1</quantmin>
		<quantmax>1</quantmax>
		<cost>100</cost>
		<flags count_in_cargo="0" count_in_hoarder="0" count_in_map="1" count_in_player="0" crafted="0" deloot="0" />
		<category name="tools" />
		<usage name="Town"/>
		<usage name="Village"/>
		<value name="Tier3" />
		<value name="Tier4" />
	</type>
	<type name="TraderPlus_Money_Euro100">
		<nominal>0</nominal>
		<lifetime>10800</lifetime>
		<restock>1800</restock>
		<min>0</min>
		<quantmin>-1</quantmin>
		<quantmax>-1</quantmax>
		<cost>100</cost>
		<flags count_in_cargo="0" count_in_hoarder="0" count_in_map="1" count_in_player="0" crafted="0" deloot="0" />
	</type>
	<type name="TraderPlus_Money_Euro200">
		<nominal>0</nominal>
		<lifetime>7200</lifetime>
		<restock>14400</restock>
		<min>0</min>
		<quantmin>-1</quantmin>
		<quantmax>-1</quantmax>
		<cost>100</cost>
		<flags count_in_cargo="1" count_in_hoarder="1" count_in_map="1" count_in_player="0" crafted="0" deloot="0"/>
		<category name="tools"/>
	</type>
	<type name="TraderPlus_Money_Euro500">
		<nominal>0</nominal>
		<lifetime>7200</lifetime>
		<restock>14400</restock>
		<min>0</min>
		<quantmin>-1</quantmin>
		<quantmax>-1</quantmax>
		<cost>100</cost>
		<flags count_in_cargo="1" count_in_hoarder="1" count_in_map="1" count_in_player="0" crafted="0" deloot="0"/>
		<category name="tools"/>
	</type>
	<type name="TraderPlus_Money_Ruble5">
		<nominal>0</nominal>
		<lifetime>7200</lifetime>
		<restock>14400</restock>
		<min>0</min>
		<quantmin>-1</quantmin>
		<quantmax>-1</quantmax>
		<cost>100</cost>
		<flags count_in_cargo="0" count_in_hoarder="0" count_in_map="1" count_in_player="0" crafted="0" deloot="0"/>
		<category name="tools"/>
	</type>
	<type name="TraderPlus_Money_Ruble10">
		<nominal>0</nominal>
		<lifetime>7200</lifetime>
		<restock>800</restock>
		<min>0</min>
		<quantmin>10</quantmin>
		<quantmax>80</quantmax>
		<cost>100</cost>
		<flags count_in_cargo="0" count_in_hoarder="0" count_in_map="1" count_in_player="0" crafted="0" deloot="0"/>
		<category name="tools"/>
	</type>
	<type name="TraderPlus_Money_Ruble50">
		<nominal>0</nominal>
		<lifetime>7200</lifetime>
		<restock>800</restock>
		<min>0</min>
		<quantmin>-1</quantmin>
		<quantmax>-1</quantmax>
		<cost>100</cost>
		<flags count_in_cargo="0" count_in_hoarder="0" count_in_map="1" count_in_player="0" crafted="0" deloot="0"/>
		<category name="tools"/>
	</type>
	<type name="TraderPlus_Money_Ruble100">
		<nominal>0</nominal>
		<lifetime>7200</lifetime>
		<restock>800</restock>
		<min>0</min>
		<quantmin>10</quantmin>
		<quantmax>80</quantmax>
		<cost>100</cost>
		<flags count_in_cargo="0" count_in_hoarder="0" count_in_map="1" count_in_player="0" crafted="0" deloot="0"/>
		<category name="tools"/>
	</type>
	<type name="TraderPlus_Money_Ruble200">
		<nominal>0</nominal>
		<lifetime>7200</lifetime>
		<restock>14400</restock>
		<min>0</min>
		<quantmin>-1</quantmin>
		<quantmax>-1</quantmax>
		<cost>100</cost>
		<flags count_in_cargo="0" count_in_hoarder="0" count_in_map="1" count_in_player="0" crafted="0" deloot="0"/>
		<category name="tools"/>
	</type>
	<type name="TraderPlus_Money_Ruble500">
		<nominal>0</nominal>
		<lifetime>7200</lifetime>
		<restock>14400</restock>
		<min>0</min>
		<quantmin>-1</quantmin>
		<quantmax>-1</quantmax>
		<cost>100</cost>
		<flags count_in_cargo="0" count_in_hoarder="0" count_in_map="1" count_in_player="0" crafted="0" deloot="0"/>
		<category name="tools"/>
		<tag name="shelves"/>
	</type>
	<type name="TraderPlus_Money_Ruble1000">
		<nominal>0</nominal>
		<lifetime>10800</lifetime>
		<restock>1800</restock>
		<min>0</min>
		<quantmin>-1</quantmin>
		<quantmax>-1</quantmax>
		<cost>100</cost>
		<flags count_in_cargo="1" count_in_hoarder="1" count_in_map="1" count_in_player="1" crafted="0" deloot="0" />
		<category name="tools" />
	</type>
	<type name="TraderPlus_Money_Ruble2000">
		<nominal>0</nominal>
		<lifetime>10800</lifetime>
		<restock>1800</restock>
		<min>0</min>
		<quantmin>-1</quantmin>
		<quantmax>-1</quantmax>
		<cost>100</cost>
		<flags count_in_cargo="1" count_in_hoarder="1" count_in_map="1" count_in_player="1" crafted="0" deloot="0" />
		<category name="tools" />
	</type>
	<type name="TraderPlus_Money_Ruble5000">
		<nominal>0</nominal>
		<lifetime>10800</lifetime>
		<restock>1800</restock>
		<min>0</min>
		<quantmin>-1</quantmin>
		<quantmax>-1</quantmax>
		<cost>100</cost>
		<flags count_in_cargo="1" count_in_hoarder="1" count_in_map="1" count_in_player="1" crafted="0" deloot="0" />
	</type>
</types>
