{
    "m_Version": 6,
    "m_DisplayName": "Pavlovo trade zone",
    "Position": [
        2127.37939453125,
        95.73187255859375,
        3365.986572265625
    ],
    "Radius": 10.0,
    "BuyPricePercent": 100.0,
    "SellPricePercent": -1.0,
    "Stock": {
        "scwsgm6lynx_magazine": 0,
        "ammo_40mm_smoke_black": 375,
        "paydaymask_wolf": 187,
        "paydaymask_hoxton": 187,
        "ammo_40mm_smoke_white": 375,
        "giftbox_large_4": 75,
        "ammo_40mm_explosive": 375,
        "christmasheadband_trees": 187,
        "ammo_flarered": 375,
        "christmasheadband_antlers": 187,
        "scws_ammobox_50cal": 0,
        "ammo_flaregreen": 375,
        "ammo_762x54": 375,
        "ammo_45acp": 375,
        "giftbox_medium_1": 75,
        "giftbox_medium_2": 75,
        "scws_m200_magazine": 0,
        "giftbox_medium_4": 75,
        "nailbox": 0,
        "ammo_545x39tracer": 375,
        "fog_gpnvg_rg": 187,
        "cauldron": 187,
        "candycane_green": 187,
        "candycane_red": 187,
        "crookednose": 187,
        "ammo_762x54tracer": 375,
        "ammo_9x39": 375,
        "ammo_40mm_smoke_red": 375,
        "fog_gpnvg_black": 187,
        "ammo_308win": 375,
        "anniversarybox": 74,
        "giftbox_large_1": 75,
        "giftbox_large_2": 75,
        "giftbox_large_3": 75,
        "ammo_380": 375,
        "fog_gpnvg_tarzier": 187,
        "fog_gpnvg_elite": 187,
        "ammo_22": 375,
        "scws_ammobox_338": 0,
        "ammo_40mm_smoke_green": 375,
        "ammo_40mm_chemgas": 375,
        "witchhood_black": 187,
        "ammo_556x45tracer": 375,
        "fog_uapnvg_black": 0,
        "scws_ammobox_408chey": 0,
        "ammo_308wintracer": 375,
        "vm_nano_pouch": 0,
        "candycane_redgreen": 187,
        "ammo_556x45": 375,
        "pumpkinhelmet": 187,
        "ammo_357": 375,
        "candycane_yellow": 187,
        "santashat": 187,
        "easteregg": 187,
        "witchhat": 187,
        "ammo_flare": 375,
        "giftbox_medium_3": 75,
        "td_wallet": 0,
        "ammo_545x39": 375,
        "paydaymask_dallas": 187,
        "kiwi_battery9v": 0,
        "ammo_flareblue": 375,
        "anniversary_fireworkslauncher": 75,
        "ammo_9x19": 375,
        "ammo_huntingbolt": 375,
        "scws_m82a1_magazine": 0,
        "witchhood_red": 187,
        "christmasheadband_gingerbread": 187,
        "witchhood_brown": 187,
        "fog_uapnvg_rg": 0,
        "giftbox_small_1": 75,
        "giftbox_small_2": 75,
        "giftbox_small_3": 75,
        "giftbox_small_4": 75,
        "ammo_9x39ap": 375,
        "santasbeard": 187,
        "fog_uapnvg_tan": 0,
        "scws_dt408_magazine": 0,
        "ammo_762x39tracer": 375,
        "paydaymask_chains": 187,
        "ammo_762x39": 375
    }
}