{
    "m_Version": 1,
    "m_ClassName": "CJ_Key103",
    "m_SkinName": "",
    "m_HealthLevel": 3,
    "m_Quantity": 0.0,
    "m_QuantityType": 0,
    "m_LiquidType": -1,
    "m_IsBloodContainer": 0,
    "m_FoodStageType": -1,
    "m_Rarity": 0,
    "m_ContainerItemsCount": 0,
    "m_ContainerItems": [],
    "m_GlobalID": [
        -2147483648,
        -2147483648,
        -2147483648,
        -2147315396
    ],
    "m_OwnerUID": "62ZZcFkdhgJlWMxNaR2LnfPpWcFwUWS15DqnFX5Iyuo=",
    "m_Price": 250,
    "m_ListingTime": 1742293470,
    "m_ListingState": 2,
    "m_OwnerName": "Smirnoff1984[UA]"
}