{
    "m_Version": 1,
    "m_ClassName": "SCWS_CZ",
    "m_SkinName": "",
    "m_HealthLevel": 0,
    "m_Quantity": 0.0,
    "m_QuantityType": 0,
    "m_LiquidType": -1,
    "m_IsBloodContainer": 0,
    "m_FoodStageType": -1,
    "m_Rarity": 0,
    "m_ContainerItemsCount": 1,
    "m_ContainerItems": [
        {
            "m_Version": 0,
            "m_ClassName": "ReflexOptic",
            "m_SkinName": "",
            "m_HealthLevel": 0,
            "m_Quantity": 0.0,
            "m_QuantityType": 0,
            "m_LiquidType": -1,
            "m_IsBloodContainer": 0,
            "m_FoodStageType": -1,
            "m_Rarity": 0,
            "m_ContainerItemsCount": 1,
            "m_ContainerItems": [
                {
                    "m_Version": 0,
                    "m_ClassName": "Battery9V",
                    "m_SkinName": "",
                    "m_HealthLevel": 0,
                    "m_Quantity": 100.0,
                    "m_QuantityType": 32,
                    "m_LiquidType": -1,
                    "m_IsBloodContainer": 0,
                    "m_FoodStageType": -1,
                    "m_Rarity": 0,
                    "m_ContainerItemsCount": 0,
                    "m_ContainerItems": [],
                    "m_IsWeapon": 0,
                    "m_IsMagazine": 0,
                    "m_IsAttached": 1
                }
            ],
            "m_IsWeapon": 0,
            "m_IsMagazine": 0,
            "m_IsAttached": 1
        }
    ],
    "m_GlobalID": [
        -2147483648,
        -2147483648,
        -2147483648,
        -2147315205
    ],
    "m_OwnerUID": "Xr9hwI_ozmlszSmRagMXtMNM9ePuU4cX6EAenEN8u70=",
    "m_Price": 1500,
    "m_ListingTime": 1742296522,
    "m_ListingState": 2,
    "m_OwnerName": "VoMa"
}