{
  "Areas": [
    {
      "Active": 1,
      "Classname": "TerjeRadioactiveScriptableArea",
      "Position": [12284.750977, 0.0, 12534.62207],
      "SpawnChance": 1.0,
      "Data": {
        "HeightMin": -100.0,
        "HeightMax": 150.0,
        "OuterRadius": 350.0,
        "InnerRadius": 200.0,
        "Power": 4.0
      }
    },
    {
      "Active": 1,
      "Classname": "TerjeRadioactiveScriptableArea",
      "Position": [597.987976, 509.835663, 13664.046875],
      "SpawnChance": 1.0,
      "Data": {
        "HeightMin": -100.0,
        "HeightMax": 150.0,
        "OuterRadius": 250.0,
        "InnerRadius": 100.0,
        "Power": 4.0
      }
    },
    {
      "Active": 1,
      "Classname": "TerjeRadioactiveScriptableArea",
      "Position": [12025.651367, 0.0, 12573.119141],
      "SpawnChance": 1.0,
      "Data": {
        "HeightMin": -100.0,
        "HeightMax": 150.0,
        "OuterRadius": 350.0,
        "InnerRadius": 200.0,
        "Power": 4.0
      }
    }
  ]
}
