{
    "m_Version": 1,
    "m_ClassName": "SCWS_APC9",
    "m_SkinName": "",
    "m_HealthLevel": 1,
    "m_Quantity": 0.0,
    "m_QuantityType": 0,
    "m_LiquidType": -1,
    "m_IsBloodContainer": 0,
    "m_FoodStageType": -1,
    "m_Rarity": 0,
    "m_ContainerItemsCount": 1,
    "m_ContainerItems": [
        {
            "m_Version": 0,
            "m_ClassName": "ACOGOptic",
            "m_SkinName": "",
            "m_HealthLevel": 1,
            "m_Quantity": 0.0,
            "m_QuantityType": 0,
            "m_LiquidType": -1,
            "m_IsBloodContainer": 0,
            "m_FoodStageType": -1,
            "m_Rarity": 0,
            "m_ContainerItemsCount": 0,
            "m_ContainerItems": [],
            "m_IsWeapon": 0,
            "m_IsMagazine": 0,
            "m_IsAttached": 1
        }
    ],
    "m_GlobalID": [
        -2147483648,
        -2147483648,
        -2147483648,
        -2147315104
    ],
    "m_OwnerUID": "TErek-kYRTxYtkEE_KaIj-7eyRqbjoxD-88NulRfn0o=",
    "m_Price": 2000,
    "m_ListingTime": 1742296019,
    "m_ListingState": 1,
    "m_OwnerName": "Butch"
}