{
    "m_Version": 2,
    "m_OwnerUID": "Xr9hwI_ozmlszSmRagMXtMNM9ePuU4cX6EAenEN8u70=",
    "m_ClassName": "FOG_Pouch_Mag_AVS_MC",
    "m_SkinName": "",
    "m_HealthLevel": 3,
    "m_Quantity": 0.0,
    "m_QuantityType": 0,
    "m_LiquidType": -1,
    "m_IsBloodContainer": 0,
    "m_FoodStageType": -1,
    "m_ContainerItemsCount": 3,
    "m_ContainerItems": [
        {
            "m_Version": 0,
            "m_OwnerUID": "Xr9hwI_ozmlszSmRagMXtMNM9ePuU4cX6EAenEN8u70=",
            "m_ClassName": "Ammo_762x39Tracer",
            "m_SkinName": "",
            "m_HealthLevel": 3,
            "m_Quantity": 5.0,
            "m_QuantityType": 16,
            "m_LiquidType": -1,
            "m_IsBloodContainer": 0,
            "m_FoodStageType": -1,
            "m_ContainerItemsCount": 0,
            "m_ContainerItems": [],
            "m_IsWeapon": 0,
            "m_IsMagazine": 0,
            "m_IsAttached": 1
        },
        {
            "m_Version": 0,
            "m_OwnerUID": "Xr9hwI_ozmlszSmRagMXtMNM9ePuU4cX6EAenEN8u70=",
            "m_ClassName": "Mag_AKM_Palm30Rnd",
            "m_SkinName": "",
            "m_HealthLevel": 3,
            "m_Quantity": 2.0,
            "m_QuantityType": 16,
            "m_LiquidType": -1,
            "m_IsBloodContainer": 0,
            "m_FoodStageType": -1,
            "m_ContainerItemsCount": 1,
            "m_ContainerItems": [
                {
                    "m_Version": 0,
                    "m_OwnerUID": "Xr9hwI_ozmlszSmRagMXtMNM9ePuU4cX6EAenEN8u70=",
                    "m_ClassName": "Ammo_762x39",
                    "m_SkinName": "",
                    "m_HealthLevel": 0,
                    "m_Quantity": 2.0,
                    "m_QuantityType": 16,
                    "m_LiquidType": -1,
                    "m_IsBloodContainer": 0,
                    "m_FoodStageType": -1,
                    "m_ContainerItemsCount": 0,
                    "m_ContainerItems": [],
                    "m_IsWeapon": 0,
                    "m_IsMagazine": 0,
                    "m_IsAttached": 0
                }
            ],
            "m_IsWeapon": 0,
            "m_IsMagazine": 1,
            "m_IsAttached": 1
        },
        {
            "m_Version": 0,
            "m_OwnerUID": "Xr9hwI_ozmlszSmRagMXtMNM9ePuU4cX6EAenEN8u70=",
            "m_ClassName": "SCWS_CZ_Magazine",
            "m_SkinName": "",
            "m_HealthLevel": 0,
            "m_Quantity": 12.0,
            "m_QuantityType": 16,
            "m_LiquidType": -1,
            "m_IsBloodContainer": 0,
            "m_FoodStageType": -1,
            "m_ContainerItemsCount": 1,
            "m_ContainerItems": [
                {
                    "m_Version": 0,
                    "m_OwnerUID": "Xr9hwI_ozmlszSmRagMXtMNM9ePuU4cX6EAenEN8u70=",
                    "m_ClassName": "Ammo_9x19",
                    "m_SkinName": "",
                    "m_HealthLevel": 0,
                    "m_Quantity": 12.0,
                    "m_QuantityType": 16,
                    "m_LiquidType": -1,
                    "m_IsBloodContainer": 0,
                    "m_FoodStageType": -1,
                    "m_ContainerItemsCount": 0,
                    "m_ContainerItems": [],
                    "m_IsWeapon": 0,
                    "m_IsMagazine": 0,
                    "m_IsAttached": 0
                }
            ],
            "m_IsWeapon": 0,
            "m_IsMagazine": 1,
            "m_IsAttached": 1
        }
    ],
    "m_StorageID": 1,
    "m_GlobalID": [
        -2147483648,
        -2147483648,
        -2147483648,
        -2147482020
    ],
    "m_ItemSlotName": "",
    "m_StoreTime": 1737312069
}