{
    "m_Version": 6,
    "m_DisplayName": "Krasnostav Trading Zone",
    "Position": [
        11924.7001953125,
        140.6999969482422,
        12527.0
    ],
    "Radius": 1000.0,
    "BuyPricePercent": 100.0,
    "SellPricePercent": -1.0,
    "Stock": {
        "": 0,
        "dodgeram_driver_door": 75,
        "chevrolet_napalmnova_driverdoor_yellow": 75,
        "civsedandoors_driver_black": 75,
        "aug": 75,
        "joggingshoes_black": 75,
        "sparkplug": 75,
        "dodge_challenger_trunk_green": 75,
        "kukriknife": 75,
        "mag_saiga_8rnd": 75,
        "hatchbackhood_whiterust": 75,
        "ammobox_545x39tracer_20rnd": 187,
        "truck_01_door_1_1_greenrust": 75,
        "vss": 75,
        "hatchbackdoors_driver_white": 75,
        "jumpsuitjacket_gray": 75,
        "chevrolet_napalmnova_codriver_purple": 75,
        "dodgeram_codriver_door_green": 75,
        "runner_hood_camoblack": 75,
        "bomberjacket_blue": 75,
        "m4_mpbttstck": 75,
        "puscopeoptic": 75,
        "runner_hood_white": 75,
        "dodgeram_boss_camonuke": 0,
        "civsedandoors_driver": 75,
        "runner_cargo1_camopurple": 75,
        "mansuit_khaki": 75,
        "mag_cmag_20rnd": 75,
        "ak_plastichndgrd": 75,
        "jeep_gladiatorf9_trunk_darkred": 75,
        "runner_driverdoor_camowhite": 75,
        "woolcoat_blackcheck": 75,
        "minidress_greenchecker": 75,
        "m4_cqbbttstck": 75,
        "runner_trunk_boss": 75,
        "derringer_pink": 75,
        "civsedantrunk_winerust": 75,
        "hatchbackdoors_codriver_bluerust": 75,
        "gmc_boss_blue": 0,
        "labcoat": 75,
        "ammo_308wintracer": 375,
        "sedan_02_door_2_1_redrust": 75,
        "ammo_556x45": 375,
        "woolcoat_green": 75,
        "slackspants_lightgrey": 75,
        "slackspants_khaki": 75,
        "chevrolet_napalmnova_white": 0,
        "hatchback_02_door_2_1_bluerust": 75,
        "civsedanwheel": 75,
        "mag_mp5_15rnd": 75,
        "mag_ak101_30rnd": 75,
        "breeches_pink": 75,
        "ghillieatt_woodland": 75,
        "p1": 75,
        "civsedantrunk_wine": 75,
        "hatchback_02_trunk_blackrust": 75,
        "huntingoptic": 75,
        "jeep_gladiatorf9_cargo_door2_darkred": 75,
        "woolcoat_browncheck": 75,
        "runner_hood": 75,
        "navyuniformjacket": 75,
        "slackspants_beige": 75,
        "sword": 75,
        "shortjeans_brown": 75,
        "nbcpantswhite": 75,
        "jeep_gladiatorf9_trunk_camo_green": 75,
        "sedan_02_door_2_1_greyrust": 75,
        "bdupants": 75,
        "dodge_challenger_hood_red": 75,
        "runner_codriver_door_boss": 75,
        "ammo_12gaslug": 375,
        "downjacket_blue": 75,
        "tahoe_codriver_green": 75,
        "hatchback_02_door_1_1_redrust": 75,
        "tahoe_hood_black": 75,
        "gorkaejacket_winter": 75,
        "mag_ruger1022_30rnd": 75,
        "tahoe_trunk_pink": 75,
        "medievalboots": 75,
        "offroad_02_door_2_2": 75,
        "usmcpants_desert": 75,
        "jeep_gladiatorf9_driver_door_brown": 75,
        "gmc_trunk_2_white": 75,
        "mansuit_black": 75,
        "chevrolet_napalmnova_trunk_orange": 75,
        "ammo_40mm_smoke_green": 375,
        "bronco_driverdoor_black": 75,
        "kitchenknife": 75,
        "jeep_gladiatorf9_cargo_door1_darkred": 75,
        "mag_saiga_drum20rnd": 75,
        "hatchbackdoors_codriver_whiterust": 75,
        "cargopants_grey": 75,
        "hatchback_02_door_2_2_redrust": 75,
        "ammo_545x39tracer": 375,
        "runner_trunk_camowhite": 75,
        "dodgecharger_cargo1_lightblue": 75,
        "gmc_boss_black": 0,
        "civsedandoors_backleft": 75,
        "toyotarunner_yellow": 0,
        "sedan_02_trunk_grey": 75,
        "tahoe_driverdoor_pink": 75,
        "runner_codriver_door_blue": 75,
        "dodgecharger_cargo1": 75,
        "hatchback_02_hood_bluerust": 75,
        "sneakers_white": 75,
        "tahoe_cargo1_darkblue": 75,
        "dodge_challenger_trunk_orange": 75,
        "dodgeram_cargo1_blue": 75,
        "runner_cargo2_blue": 75,
        "civsedanhood_whiterust": 75,
        "dodgeram_codriver_door_camoblue": 75,
        "mosin_bayonet": 75,
        "chevrolet_napalmnova_codriver_yellow": 75,
        "chevrolet_napalmnova_wheel": 75,
        "cargopants_beige": 75,
        "athleticshoes_green": 75,
        "runner_codriver_door_camopurple": 75,
        "mag_ruger1022_15rnd": 75,
        "tahoe_darkblue": 0,
        "dressshoes_sunburst": 75,
        "skirt_white": 75,
        "tahoe_blue": 0,
        "starlightoptic": 75,
        "ammo_flare": 375,
        "chevrolet_napalmnova_driverdoor_orange": 75,
        "tahoe_hood_darkblue": 75,
        "quiltedjacket_grey": 75,
        "athleticshoes_grey": 75,
        "sedan_02_hood_yellowrust": 75,
        "jeep_gladiatorf9_codriver_door_black": 75,
        "chevrolet_napalmnova_red": 0,
        "quiltedjacket_red": 75,
        "tahoe_cargo2_green": 75,
        "truck_01_wheel": 75,
        "hatchback_02_door_2_2_bluerust": 75,
        "woolcoat_bluecheck": 75,
        "shirt_redcheck": 75,
        "dodgeram_cargo1_black": 75,
        "jeep_gladiatorf9_codriver_door_camo_red": 75,
        "mag_pp19_64rnd": 75,
        "sedan_02_wheel": 75,
        "runner_trunk_camored": 75,
        "cz75": 75,
        "nissangtr_pink": 0,
        "hikingboots_black": 75,
        "tahoe_trunk_red": 75,
        "tracksuitpants_red": 75,
        "dodgechargerhellcat_blue": 0,
        "medicalscrubsshirt_green": 75,
        "ammo_flaregreen": 375,
        "dodgecharger_trunk_lightblue": 75,
        "nbcjacketwhite": 75,
        "canvaspantsmidi_beige": 75,
        "ammobox_762x39_20rnd": 187,
        "sedan_02_door_1_1_grey": 75,
        "tahoe_trunk_lightblue": 75,
        "breeches_red": 75,
        "dodgeram_boss_camowhite": 0,
        "jeep_gladiatorf9_driver_door": 75,
        "chevrolet_napalmnova_driverdoor_red": 75,
        "gmc_codrvier_black": 75,
        "runner_cargo2_yellow": 75,
        "dodgeram_boss_camored": 0,
        "dodgecharger_hood_white": 75,
        "nissangtr_orange": 0,
        "ammobox_9x39_20rnd": 187,
        "womansuit_white": 75,
        "mag_fnx45_15rnd": 75,
        "ammo_40mm_explosive": 375,
        "joggingshoes_violet": 75,
        "dodgecharger_wheel": 75,
        "ammo_22": 375,
        "sedan_02_door_1_1_redrust": 75,
        "gmc_cargo2": 75,
        "dodgeram_cargo2_blue": 75,
        "hatchback_02_hood_redrust": 75,
        "civiliansedan": 3,
        "svd": 75,
        "joggingshoes_red": 75,
        "medicalscrubsshirt_blue": 75,
        "hunterpants_summer": 75,
        "civsedandoors_backleft_black": 75,
        "tahoe_driverdoor_blue": 75,
        "dodgeram_hood_camoblue": 75,
        "hikingbootslow_blue": 75,
        "jeep_gladiatorf9_boss_darkblue": 0,
        "runner_hood_boss": 75,
        "nissangtr_red": 0,
        "mag_cz75_15rnd": 75,
        "ammo_545x39": 375,
        "tacticalshirt_olive": 75,
        "runner_cargo1_camopink": 75,
        "mp133shotgun": 75,
        "jeans_bluedark": 75,
        "engraved1911": 75,
        "runner_trunk_camopurple": 75,
        "jeep_gladiatorf9_cargo_door1_camo_blue": 75,
        "dodgecharger_hood_pink": 75,
        "bronco_hood_rust": 75,
        "medicalscrubspants_green": 75,
        "mosin9130": 75,
        "dodgeram_codriver_door_camonuke": 75,
        "combatboots_beige": 75,
        "jeep_gladiatorf9_cargo_door2_camo_red": 75,
        "tahoe_hood_brown": 75,
        "militaryboots_black": 75,
        "bronco_trunk_hunter": 75,
        "quiltedjacket_black": 75,
        "jeep_gladiatorf9_cargo_door1_camo_black": 75,
        "magnum": 75,
        "runner_driverdoor_pink": 75,
        "mansuit_brown": 75,
        "offroadhatchback": 3,
        "canvaspants_red": 75,
        "runner_trunk_camopink": 75,
        "chevrolet_napalmnova_codriver_red": 75,
        "chevrolet_napalmnova_hood_pink": 75,
        "mag_ak74_45rnd": 75,
        "jeep_gladiatorf9_hood_darkblue": 75,
        "jeep_gladiatorf9_cargo_door2_camo_green": 75,
        "joggingshoes_white": 75,
        "toyotarunner_red": 0,
        "jeep_gladiatorf9_trunk_gold": 75,
        "shirt_planeblack": 75,
        "tracksuitpants_lightblue": 75,
        "jeep_gladiatorf9_boss_camo_black": 0,
        "offroad_02_door_2_1": 75,
        "izh18": 75,
        "m9a1_bayonet": 75,
        "colt1911": 75,
        "jeep_gladiatorf9_driver_door_darkred": 75,
        "blouse_blue": 75,
        "nbcbootsyellow": 75,
        "dodge_challenger_driver_green": 75,
        "m65jacket_olive": 75,
        "civsedandoors_codriver_winerust": 75,
        "runner_hood_camowhite": 75,
        "paramedicjacket_green": 75,
        "athleticshoes_blue": 75,
        "womansuit_darkgrey": 75,
        "jeep_gladiatorf9_boss_gold": 0,
        "tshirt_beige": 75,
        "dodge_challenger_codriver_red": 75,
        "dodgeram_hood_blue": 75,
        "m4_t3nrdsoptic": 75,
        "dodge_challenger_hood": 75,
        "runner_codriver_door_pink": 75,
        "tahoe_cargo2_darkblue": 75,
        "hatchbackdoors_driver_whiterust": 75,
        "sneakers_black": 75,
        "sv98": 75,
        "civsedanhood_black": 75,
        "chevrolet_napalmnova_orange": 0,
        "ammo_huntingbolt": 375,
        "dodgeram_cargo2_black": 75,
        "huntingjacket_brown": 75,
        "dodgeram_codriver_door_camoblack": 75,
        "hatchbacktrunk_greenrust": 75,
        "runner_cargo2_pink": 75,
        "ammobox_45acp_25rnd": 187,
        "tahoe_red": 0,
        "dodge_challenger_driver_darkblue": 75,
        "nissangtr_white": 0,
        "deagle": 75,
        "mag_stanag_30rnd": 75,
        "crossbow_wood": 75,
        "tahoe_driverdoor_lightblue": 75,
        "gmc_codrvier": 75,
        "jeans_grey": 75,
        "hatchback_02_door_2_2_blackrust": 75,
        "jeep_gladiatorf9_codriver_door_brown": 75,
        "hatchback_02_door_1_2_blue": 75,
        "hatchback_02_hood_blue": 75,
        "gmc_cargo1_black": 75,
        "jeep_gladiatorf9_driver_door_camo_red": 75,
        "tracksuitpants_black": 75,
        "offroad_02_hood": 75,
        "tahoe_pink": 0,
        "dodgecharger_cargo2_white": 75,
        "jeep_gladiatorf9_codriver_door_camo_green": 75,
        "nursedress_blue": 75,
        "tahoe_trunk_black": 75,
        "tahoe_cargo1_black": 75,
        "runner_cargo1_white": 75,
        "tahoe_codriver_blue": 75,
        "tahoe_cargo2_blue": 75,
        "winchester70": 75,
        "deagle_gold": 75,
        "chevrolet_napalmnova_trunk_green": 75,
        "hikingboots_brown": 75,
        "gorkaejacket_summer": 75,
        "raincoat_black": 75,
        "mag_scout_5rnd": 75,
        "mag_cmag_10rnd": 75,
        "joggingshoes_blue": 75,
        "hikingjacket_green": 75,
        "dodgeram_boss_red": 0,
        "chevrolet_napalmnova_hood_yellow": 75,
        "gorkaejacket_pautrev": 75,
        "acogoptic_6x": 75,
        "sedan_02_door_2_1_yellowrust": 75,
        "dodgeram_driver_door_yellow": 75,
        "runner_cargo1_camogreen": 75,
        "bomberjacket_skyblue": 75,
        "tahoe_cargo1_lightblue": 75,
        "canvaspantsmidi_violet": 75,
        "dodgeram_cargo1_camored": 75,
        "mansuit_white": 75,
        "crossbow_black": 75,
        "dodgechargerhellcat_pink": 0,
        "truck_01_hood_greenrust": 75,
        "m4a1": 75,
        "ammobox_00buck_10rnd": 187,
        "gmc_boss_white": 0,
        "toyotarunner_camoblack": 0,
        "hatchbackwheel": 75,
        "runner_cargo2_camopink": 75,
        "dodgeram_hood_green": 75,
        "dodge_challenger_driver": 75,
        "breeches_green": 75,
        "tshirt_blue": 75,
        "dodgeram_trunk": 75,
        "offroad_02_door_2_2_rust": 75,
        "augshort": 75,
        "fal_foldingbttstck": 75,
        "gmc_hood": 75,
        "ammo_556x45tracer": 375,
        "sedan_02_door_1_2": 75,
        "dodgeram_driver_door_white": 75,
        "minidress_bluechecker": 75,
        "tahoe_hood_green": 75,
        "ammo_357": 375,
        "chevrolet_napalmnova_hood_white": 75,
        "ruger1022": 75,
        "runner_trunk": 75,
        "sedan_02_hood_grey": 75,
        "dodgecharger_trunk_green": 75,
        "prisonuniformjacket": 75,
        "runner_hood_yellow": 75,
        "izh43shotgun": 75,
        "firefighterjacket_black": 75,
        "offroad_02_door_1_1_rust": 75,
        "usmcjacket_desert": 75,
        "derringer_grey": 75,
        "dodgecharger_cargo1_red": 75,
        "jeep_gladiatorf9_driver_door_gold": 75,
        "jeep_gladiatorf9_codriver_door": 75,
        "firefighterspants_black": 75,
        "jumpsuitpants_red": 75,
        "runner_trunk_camoblue": 75,
        "gmc_trunk_1_black": 75,
        "headlighth7": 75,
        "chevrolet_napalmnova_hood_blue": 75,
        "universallight": 75,
        "hatchback_02_door_2_2_black": 75,
        "dodge_challenger_driver_red": 75,
        "fal_oebttstck": 75,
        "dodge_challenger_trunk_black": 75,
        "sks": 75,
        "blouse_violet": 75,
        "hatchback_02_door_1_1_black": 75,
        "dodgecharger_cargo1_blue": 75,
        "dodgechargerhellcat_green": 0,
        "toyotarunner_camopurple": 0,
        "nissangtrcustom_lb": 0,
        "chevrolet_napalmnova_codriver_white": 75,
        "dodgeram_codriver_door_blue": 75,
        "hatchbackdoors_codriver_white": 75,
        "carbattery": 75,
        "nbcbootswhite": 75,
        "dodgeram_wheel_teal": 75,
        "carlock": 75,
        "dodgecharger_driverdoor_red": 75,
        "truck_01_door_1_1_orange": 75,
        "usmcjacket_woodland": 75,
        "hatchbackdoors_codriver": 75,
        "hatchbacktrunk": 75,
        "hunterpants_brown": 75,
        "chevrolet_napalmnova_trunk_purple": 75,
        "cz61": 75,
        "tirerepairkit": 75,
        "toyotarunner_white": 0,
        "dodge_challenger_hood_green": 75,
        "tahoe_trunk": 75,
        "dodge_challenger_trunk": 75,
        "gmc_driverdoor_blue": 75,
        "mag_cz550_10rnd": 75,
        "gmc_cargo2_black": 75,
        "canvaspants_blue": 75,
        "civsedandoors_codriver_wine": 75,
        "jungleboots_green": 75,
        "chevrolet_napalmnova_driverdoor_white": 75,
        "ammo_380": 375,
        "runner_driverdoor_camoblue": 75,
        "broom": 75,
        "jeep_gladiatorf9_cargo_door2_camo_black": 75,
        "tahoe_cargo2_black": 75,
        "runner_cargo2_white": 75,
        "dodgeram_trunk_blue": 75,
        "aks74u_bttstck": 75,
        "truck_01_door_2_1_orangerust": 75,
        "jeep_gladiatorf9_hood_brown": 75,
        "jeans_green": 75,
        "pipe": 75,
        "dodgecharger_driverdoor_white": 75,
        "sedan_02": 3,
        "ghillieatt_mossy": 75,
        "bronco_driverdoor": 75,
        "paramedicjacket_crimson": 75,
        "dodgeram_trunk_camowhite": 75,
        "dodgeram_driver_door_teal": 75,
        "runner_driverdoor": 75,
        "dodgecharger_trunk_white": 75,
        "buisoptic": 75,
        "dodgeram_codriver_door_teal": 75,
        "runner_hood_camoblue": 75,
        "dodgeram_driver_door_camoblue": 75,
        "combatboots_green": 75,
        "hatchbackdoors_codriver_blue": 75,
        "tahoe_trunk_darkblue": 75,
        "mag_aug_30rnd": 75,
        "mkii": 75,
        "jeep_gladiatorf9_trunk_camo_black": 75,
        "tahoe_trunk_brown": 75,
        "tahoe_cargo1_brown": 75,
        "dodgeram_wheel_white": 75,
        "battery9v": 75,
        "prisonuniformpants": 75,
        "chevrolet_napalmnova_hood_orange": 75,
        "dodgeram_hood_camonuke": 75,
        "runner_trunk_yellow": 75,
        "glowplug": 75,
        "bronco_codriverdoor_black": 75,
        "gmc_driverdoor_black": 75,
        "sedan_02_door_2_2_greyrust": 75,
        "militaryboots_redpunk": 75,
        "canvaspantsmidi_grey": 75,
        "pp19_bttstck": 75,
        "ammo_40mm_smoke_black": 375,
        "m4_plastichndgrd": 75,
        "dodgecharger_driverdoor": 75,
        "dodgeram_trunk_green": 75,
        "sedan_02_door_2_2_grey": 75,
        "canvaspants_beige": 75,
        "asval": 75,
        "sedan_02_hood_greyrust": 75,
        "gmc_cargo1": 75,
        "mag_stanagcoupled_30rnd": 75,
        "dodgecharger_trunk": 75,
        "ammobox_380_35rnd": 187,
        "civsedantrunk_blackrust": 75,
        "sneakers_red": 75,
        "huntingjacket_summer": 75,
        "dodgeram_codriver_door_camored": 75,
        "chainmail_leggings": 75,
        "nbcpantsgray": 75,
        "navyuniformpants": 75,
        "dodgecharger_hood_lightblue": 75,
        "bronco_trunk_black": 75,
        "nissangtrcustom_black": 0,
        "jeep_gladiatorf9_trunk_darkblue": 75,
        "woolcoat_black": 75,
        "tahoe_cargo1_blue": 75,
        "breeches_black": 75,
        "sedan_02_door_2_2_redrust": 75,
        "workingboots_grey": 75,
        "gorkapants_autumn": 75,
        "workingboots_green": 75,
        "offroad_02_door_1_1": 75,
        "glock19": 75,
        "tahoe_codriver_darkblue": 75,
        "acogoptic": 75,
        "civsedanhood_wine": 75,
        "chevrolet_napalmnova_codriver": 75,
        "tahoe_hood": 75,
        "truck_01_door_1_1": 75,
        "dodgeram_trunk_white": 75,
        "civsedandoors_driver_winerust": 75,
        "tahoe_driverdoor_green": 75,
        "sedan_02_door_2_1_red": 75,
        "tahoe_cargo1_red": 75,
        "civsedantrunk_whiterust": 75,
        "hatchback_02_door_1_2_black": 75,
        "civsedandoors_codriver": 75,
        "bronco_trunk_rust": 75,
        "hunterpants_autumn": 75,
        "ghillieatt_winter": 75,
        "jeep_gladiatorf9_hood_camo_blue": 75,
        "dodgecharger_cargo2_red": 75,
        "dodgeram_codriver_door_camowhite": 75,
        "dodgeram_hood_camored": 75,
        "gmc_trunk_2_blue": 75,
        "steakknife": 75,
        "chevrolet_napalmnova_driverdoor_blue": 75,
        "toyotarunner_black": 0,
        "jeep_gladiatorf9_boss_camo_blue": 0,
        "ford_bronco_white": 0,
        "jeep_gladiatorf9_cargo_door1_camo_green": 75,
        "cz527": 75,
        "dodgeram_hood_yellow": 75,
        "hatchback_02_door_1_2_redrust": 75,
        "downjacket_red": 75,
        "truck_01_hood_orange": 75,
        "sedan_02_door_1_2_red": 75,
        "hatchback_02_hood_black": 75,
        "ammobox_308win_20rnd": 187,
        "quiltedjacket_yellow": 75,
        "jeep_gladiatorf9_trunk_brown": 75,
        "gmc_cargo1_white": 75,
        "dodgecharger_cargo2": 75,
        "dodge_challenger_hood_darkblue": 75,
        "ak_woodhndgrd": 75,
        "hatchbackhood_blue": 75,
        "sedan_02_trunk_redrust": 75,
        "runner_codriver_door_camoblue": 75,
        "runner_trunk_camoblack": 75,
        "skirt_yellow": 75,
        "runner_hood_pink": 75,
        "jeep_gladiatorf9_codriver_door_gold": 75,
        "dodgeram_trunk_yellow": 75,
        "dodgecharger_driverdoor_green": 75,
        "hatchback_02_trunk_bluerust": 75,
        "dodgecharger_cargo1_pink": 75,
        "truck_01_door_1_1_orangerust": 75,
        "blouse_white": 75,
        "chevrolet_napalmnova_codriver_blue": 75,
        "carradiator": 75,
        "shirt_bluecheck": 75,
        "civsedandoors_backleft_blackrust": 75,
        "m4_oebttstck": 75,
        "jeep_gladiatorf9_hood_darkred": 75,
        "hikingbootslow_grey": 75,
        "ak_railhndgrd": 75,
        "reflexoptic": 75,
        "jeep_gladiatorf9_trunk": 75,
        "civsedanhood_winerust": 75,
        "dressshoes_black": 75,
        "civsedandoors_codriver_blackrust": 75,
        "canvaspants_violet": 75,
        "runner_wheel": 75,
        "mag_akm_palm30rnd": 75,
        "hatchbacktrunk_bluerust": 75,
        "tahoe_cargo2_brown": 75,
        "runner_codriver_door_camored": 75,
        "toyotarunner_camowhite": 0,
        "shirt_whitecheck": 75,
        "m4_rishndgrd": 75,
        "hatchbackhood": 75,
        "dodgeram_hood_white": 75,
        "gmc_hood_blue": 75,
        "dodgeram_cargo2_camowhite": 75,
        "ammobox_545x39_20rnd": 187,
        "runner_cargo2_camopurple": 75,
        "workingboots_yellow": 75,
        "civsedandoors_backright_blackrust": 75,
        "militaryboots_beige": 75,
        "cz550": 75,
        "dodgecharger_trunk_blue": 75,
        "jeep_gladiatorf9_driver_door_camo_black": 75,
        "truck_01_door_1_1_blue": 75,
        "runner_codriver_door_camogreen": 75,
        "dodgeram_trunk_camoblack": 75,
        "hatchback_02_door_1_1_blue": 75,
        "ak101": 75,
        "dodgeram_driver_door_black": 75,
        "dodgecharger_driverdoor_blue": 75,
        "jeep_gladiatorf9_cargo_door1_camo_red": 75,
        "paramedicpants_crimson": 75,
        "sks_bayonet": 75,
        "hatchback_02_trunk_blue": 75,
        "tshirt_orangewhitestripes": 75,
        "mag_cmag_30rnd": 75,
        "ump45": 75,
        "bomberjacket_brown": 75,
        "woolcoat_blue": 75,
        "civsedandoors_backright": 75,
        "dodgeram_driver_door_camogreen": 75,
        "hatchbackdoors_driver_blue": 75,
        "gmc_hood_white": 75,
        "gmc_driverdoor": 75,
        "runner_cargo1_camored": 75,
        "dodgeram_cargo1_camonuke": 75,
        "sedan_02_door_1_2_grey": 75,
        "saiga_bttstck": 75,
        "minidress_redchecker": 75,
        "runner_cargo2_boss": 75,
        "runner_codriver_door": 75,
        "womansuit_lightgrey": 75,
        "jeep_gladiatorf9_trunk_black": 75,
        "dodge_challenger_trunk_blue": 75,
        "mag_m14_10rnd": 75,
        "jeep_gladiatorf9_cargo_door1_gold": 75,
        "hatchback_02_door_1_2_blackrust": 75,
        "wellies_black": 75,
        "dodgechargerhellcat_red": 0,
        "dodgeram_codriver_door_white": 75,
        "cargopants_green": 75,
        "chevrolet_napalmnova_driverdoor": 75,
        "hatchback_02_door_2_1_blue": 75,
        "mp5_plastichndgrd": 75,
        "jeep_gladiatorf9_driver_door_camo_green": 75,
        "dodgeram_cargo1_teal": 75,
        "dodgeram_boss_green": 0,
        "ammo_762x54tracer": 375,
        "bushlatpolicejacket_blue": 75,
        "runner_cargo1_red": 75,
        "tahoe_hood_red": 75,
        "athleticshoes_brown": 75,
        "ammobox_556x45tracer_20rnd": 187,
        "ammo_308win": 375,
        "paramedicpants_blue": 75,
        "tahoe_cargo2_red": 75,
        "nbcbootsgray": 75,
        "tahoe_cargo1_pink": 75,
        "pso11optic": 75,
        "gmc_cargo2_white": 75,
        "jumpsuitpants_blue": 75,
        "dodgeram_wheel": 75,
        "ammo_40mm_chemgas": 375,
        "jeep_gladiatorf9_codriver_door_darkblue": 75,
        "sneakers_green": 75,
        "runner_driverdoor_camogreen": 75,
        "chevrolet_napalmnova_driverdoor_green": 75,
        "civsedandoors_codriver_black": 75,
        "dodgeram_cargo2_camoblue": 75,
        "quiltedjacket_orange": 75,
        "dodge_challenger_hood_blue": 75,
        "runner_codriver_door_yellow": 75,
        "runner_cargo1_yellow": 75,
        "gorkaejacket_flat": 75,
        "gmc_boss_red": 0,
        "jeep_gladiatorf9_codriver_door_camo_black": 75,
        "dodge_challenger_driver_blue": 75,
        "omkjacket_navy": 75,
        "hatchbackdoors_driver": 75,
        "chevrolet_napalmnova_green": 0,
        "fnp45_mrdsoptic": 75,
        "runner_driverdoor_red": 75,
        "ammobox_9x19_25rnd": 187,
        "chevrolet_napalmnova_driverdoor_pink": 75,
        "dodge_challenger_codriver_darkblue": 75,
        "ammo_flarered": 375,
        "mag_p1_8rnd": 75,
        "tahoe_codriver": 75,
        "mag_vss_10rnd": 75,
        "hikingjacket_black": 75,
        "mp5_railhndgrd": 75,
        "scout_chernarus": 75,
        "runner_cargo1_camoblack": 75,
        "combatknife": 75,
        "hikingjacket_red": 75,
        "paramedicjacket_blue": 75,
        "dodge_challenger_codriver_green": 75,
        "tahoe_lightblue": 0,
        "gorkapants_winter": 75,
        "ammo_40mm_smoke_white": 375,
        "pistoloptic": 75,
        "machete": 75,
        "gmc_trunk_1": 75,
        "gmc_trunk_2": 75,
        "tracksuitjacket_green": 75,
        "mansuit_darkgrey": 75,
        "hatchback_02_trunk_redrust": 75,
        "dressshoes_brown": 75,
        "dodgeram_codriver_door": 75,
        "ak_foldingbttstck": 75,
        "sedan_02_door_2_2_red": 75,
        "dodgechargerhellcat_lightblue": 0,
        "tahoe_driverdoor_red": 75,
        "civsedandoors_backleft_whiterust": 75,
        "chevrolet_napalmnova_codriver_pink": 75,
        "dodgeram_hood_black": 75,
        "ammo_12gapellets": 375,
        "tracksuitjacket_red": 75,
        "hunterpants_winter": 75,
        "gmc_cargo2_blue": 75,
        "firefighterjacket_beige": 75,
        "toyotarunner_camopink": 0,
        "mag_stanag_60rnd": 75,
        "toyotarunner_boss": 0,
        "runner_trunk_camogreen": 75,
        "civsedandoors_codriver_whiterust": 75,
        "kashtanoptic": 75,
        "breeches_white": 75,
        "bomberjacket_olive": 75,
        "orientalmachete": 75,
        "dodgeram_hood_teal": 75,
        "firefighterspants_beige": 75,
        "ak_suppressor": 75,
        "tshirt_white": 75,
        "runner_cargo1_camoblue": 75,
        "dodgeram_cargo1_camoblue": 75,
        "tshirt_red": 75,
        "telnyashkashirt": 75,
        "hatchbacktrunk_blue": 75,
        "ammobox_12gaslug_10rnd": 187,
        "tacticalshirt_tan": 75,
        "chainmail": 75,
        "civsedandoors_backright_whiterust": 75,
        "mag_cz61_20rnd": 75,
        "gmc_codrvier_blue": 75,
        "dodgeram_trunk_teal": 75,
        "mag_cmag_40rnd": 75,
        "toyotarunner_blue": 0,
        "ak_woodbttstck": 75,
        "dodgecharger_trunk_red": 75,
        "dodge_challenger_wheel": 75,
        "m16a2": 75,
        "mag_mp5_30rnd": 75,
        "bronco_trunk": 75,
        "dodgechargerhellcat_black": 0,
        "ford_bronco_black": 0,
        "breeches_blackcheck": 75,
        "wellies_green": 75,
        "medicalscrubsshirt_white": 75,
        "jeep_gladiatorf9_cargo_door2_darkblue": 75,
        "nbcjacketyellow": 75,
        "ammobox_9x39ap_20rnd": 187,
        "dodge_challenger_codriver_orange": 75,
        "mag_m14_20rnd": 75,
        "dodge_challenger_hood_orange": 75,
        "tshirt_green": 75,
        "dodgeram_cargo1_camoblack": 75,
        "gmc_trunk_1_white": 75,
        "truck_01_hood_orangerust": 75,
        "wellies_brown": 75,
        "chevrolet_napalmnova_codriver_orange": 75,
        "militaryboots_bluerock": 75,
        "woolcoat_beige": 75,
        "jeep_gladiatorf9_cargo_door1_black": 75,
        "truck_01_door_1_1_bluerust": 75,
        "hatchback_02_trunk_black": 75,
        "ak_plasticbttstck": 75,
        "ttskopants": 75,
        "fangeknife": 75,
        "mag_akm_30rnd": 75,
        "dodge_challenger_hood_black": 75,
        "shortjeans_green": 75,
        "ak74": 75,
        "huntingjacket_autumn": 75,
        "dodgecharger_hood_blue": 75,
        "jeep_gladiatorf9_boss_darkred": 0,
        "womansuit_black": 75,
        "shirt_greencheck": 75,
        "breeches_browncheck": 75,
        "jungleboots_black": 75,
        "dodgeram_trunk_black": 75,
        "dodgeram_hood_camogreen": 75,
        "runner_cargo2_camoblack": 75,
        "dodge_challenger_driver_black": 75,
        "nissangtrnismo_red": 0,
        "offroad_02": 3,
        "dressshoes_white": 75,
        "gmc_trunk_1_blue": 75,
        "mag_vikhr_30rnd": 75,
        "jeans_black": 75,
        "dodgeram_driver_door_camored": 75,
        "ridersjacket_black": 75,
        "quiltedjacket_green": 75,
        "dodgecharger_hood_green": 75,
        "hatchback_02_door_1_1_bluerust": 75,
        "runner_cargo2_camowhite": 75,
        "nissangtrnismo_darkpurple": 0,
        "runner_driverdoor_yellow": 75,
        "tahoe_hood_lightblue": 75,
        "policepants": 75,
        "runner_hood_red": 75,
        "hatchback_02_door_2_2": 75,
        "dodgecharger_cargo2_lightblue": 75,
        "mag_val_20rnd": 75,
        "bronco_hood_hunter": 75,
        "mag_sv98_10rnd": 75,
        "chevrolet_napalmnova_yellow": 0,
        "truckbattery": 75,
        "jeep_gladiatorf9_hood_camo_green": 75,
        "hatchback_02_door_2_1": 75,
        "dodgecharger_cargo2_blue": 75,
        "dodge_challenger_codriver": 75,
        "ammobox_308wintracer_20rnd": 187,
        "dodge_challenger_codriver_blue": 75,
        "chevrolet_napalmnova_purple": 0,
        "jeep_gladiatorf9_hood_gold": 75,
        "woolcoat_redcheck": 75,
        "hatchback_02_door_2_1_black": 75,
        "mosin_compensator": 75,
        "medicalscrubspants_white": 75,
        "tshirt_grey": 75,
        "civsedandoors_driver_wine": 75,
        "downjacket_green": 75,
        "longhorn": 75,
        "ammobox_556x45_20rnd": 187,
        "kobraoptic": 75,
        "dodgeram_cargo1": 75,
        "dodgeram_cargo2": 75,
        "combatboots_brown": 75,
        "truck_01_hood_bluerust": 75,
        "gorkapants_flat": 75,
        "cargopants_blue": 75,
        "m4_carryhandleoptic": 75,
        "dodgeram_wheel_black": 75,
        "breeches_beige": 75,
        "skirt_red": 75,
        "kazuaroptic": 75,
        "cleaver": 75,
        "dodgeram_boss_black": 0,
        "raincoat_yellow": 75,
        "dodgeram_hood": 75,
        "chevrolet_napalmnova_hood_green": 75,
        "jumpsuitjacket_blue": 75,
        "shortjeans_black": 75,
        "sedan_02_door_1_1_yellowrust": 75,
        "dodgecharger_driverdoor_lightblue": 75,
        "dodgecharger_hood_red": 75,
        "tahoe_black": 0,
        "tahoe_codriver_lightblue": 75,
        "mace": 75,
        "dodgecharger_trunk_pink": 75,
        "medicalscrubspants_blue": 75,
        "runner_driverdoor_camopink": 75,
        "runner_trunk_blue": 75,
        "chevrolet_napalmnova_hood_red": 75,
        "runner_codriver_door_camopink": 75,
        "ssg82": 75,
        "sedan_02_hood": 75,
        "chevrolet_napalmnova_driverdoor_purple": 75,
        "hikingbootslow_black": 75,
        "huntingknife": 75,
        "crossbow_summer": 75,
        "mag_famas_25rnd": 75,
        "dodgeram_boss_camoblue": 0,
        "ammo_12garubberslug": 375,
        "toyotarunner_camored": 0,
        "raincoat_red": 75,
        "dodgeram_driver_door_blue": 75,
        "m4_mphndgrd": 75,
        "runner_hood_camogreen": 75,
        "runner_cargo1_boss": 75,
        "quiltedjacket_blue": 75,
        "hatchback_02_door_2_1_redrust": 75,
        "shirt_bluecheckbright": 75,
        "civsedandoors_driver_blackrust": 75,
        "jeep_gladiatorf9_hood": 75,
        "saiga": 75,
        "runner_driverdoor_boss": 75,
        "hunterpants_spring": 75,
        "ammo_flareblue": 375,
        "shortjeans_red": 75,
        "jeep_gladiatorf9_driver_door_camo_blue": 75,
        "m68optic": 75,
        "dodge_challenger_driver_orange": 75,
        "jeep_gladiatorf9_cargo_door2_black": 75,
        "dodgeram_cargo2_white": 75,
        "womansuit_blue": 75,
        "nbcpantsyellow": 75,
        "dodgeram_boss_yellow": 0,
        "bronco_driverdoor_hunter": 75,
        "canvaspants_grey": 75,
        "raincoat_green": 75,
        "nissangtrcustom_pink": 0,
        "nissangtr_green": 0,
        "runner_cargo2_camogreen": 75,
        "tracksuitjacket_blue": 75,
        "truck_01_door_2_1_greenrust": 75,
        "gorkapants_pautrev": 75,
        "civsedandoors_backleft_wine": 75,
        "truck_01_hood": 75,
        "toyotarunner_pink": 0,
        "raincoat_blue": 75,
        "runner_cargo1_blue": 75,
        "dressshoes_beige": 75,
        "bomberjacket_grey": 75,
        "ttskoboots": 75,
        "chevrolet_napalmnova_trunk_white": 75,
        "sedan_02_door_1_2_redrust": 75,
        "sedan_02_hood_red": 75,
        "headlighth7_box": 75,
        "sedan_02_door_2_2_yellowrust": 75,
        "jeep_gladiatorf9_cargo_door1_brown": 75,
        "dodgeram_trunk_camored": 75,
        "ammo_762x39tracer": 375,
        "jeep_gladiatorf9_trunk_camo_blue": 75,
        "runner_hood_camopink": 75,
        "brassknuckles_dull": 75,
        "runner_driverdoor_camored": 75,
        "minidress_pinkchecker": 75,
        "runner_cargo1_camowhite": 75,
        "truck_01_door_2_1_blue": 75,
        "toyotarunner_camoblue": 0,
        "hatchback_02_trunk": 75,
        "runner_driverdoor_camopurple": 75,
        "womansuit_brown": 75,
        "civsedanhood": 75,
        "dodgeram_boss_blue": 0,
        "tahoe_driverdoor": 75,
        "jungleboots_brown": 75,
        "jeep_gladiatorf9_boss_camo_red": 0,
        "ammobox_762x39tracer_20rnd": 187,
        "ammo_45acp": 375,
        "mansuit_lightgrey": 75,
        "mp5k": 75,
        "broom_birch": 75,
        "dodgeram_cargo2_yellow": 75,
        "paramedicpants_green": 75,
        "runner_hood_blue": 75,
        "camonetjeep": 0,
        "jeans_brown": 75,
        "tahoe_hood_blue": 75,
        "slackspants_black": 75,
        "bronco_codriverdoor": 75,
        "jeep_gladiatorf9_boss_black": 0,
        "tahoe_driverdoor_black": 75,
        "m14": 75,
        "mag_ssg82_5rnd": 75,
        "combatboots_black": 75,
        "tahoe_codriver_brown": 75,
        "ak74_woodbttstck": 75,
        "woolcoat_greycheck": 75,
        "civsedandoors_backright_black": 75,
        "runner_codriver_door_camoblack": 75,
        "tahoe_codriver_pink": 75,
        "runner_trunk_white": 75,
        "offroad_02_door_2_1_rust": 75,
        "sedan_02_trunk_greyrust": 75,
        "sedan_02_door_1_1_red": 75,
        "truck_01_door_2_1_bluerust": 75,
        "mag_mkii_10rnd": 75,
        "m65jacket_khaki": 75,
        "bdujacket": 75,
        "mansuit_beige": 75,
        "dodge_challenger_trunk_red": 75,
        "ammobox_22_50rnd": 187,
        "tahoe_codriver_red": 75,
        "dodgeram_driver_door_green": 75,
        "tahoe_driverdoor_brown": 75,
        "tracksuitjacket_lightblue": 75,
        "gmc_trunk_2_black": 75,
        "dodgecharger_cargo2_pink": 75,
        "woolcoat_red": 75,
        "ammo_9x19": 375,
        "dodgeram_driver_door_camoblack": 75,
        "chevrolet_napalmnova_trunk": 75,
        "dodgecharger_hood": 75,
        "m4_suppressor": 75,
        "truck_01_wheeldouble": 75,
        "fnx45": 75,
        "ford_bronco_hunter": 0,
        "huntingjacket_winter": 75,
        "dodgechargerhellcat_white": 0,
        "downjacket_orange": 75,
        "hatchback_02_hood": 75,
        "hatchbacktrunk_whiterust": 75,
        "mag_saiga_5rnd": 75,
        "dodgeram_cargo2_camonuke": 75,
        "runner_hood_camored": 75,
        "tahoe_brown": 0,
        "chevrolet_napalmnova_pink": 0,
        "cargopants_black": 75,
        "mag_svd_10rnd": 75,
        "baseballbat": 75,
        "slackspants_blue": 75,
        "dodgeram_cargo1_camowhite": 75,
        "dodgeram_wheel_blue": 75,
        "jeep_gladiatorf9_codriver_door_darkred": 75,
        "nursedress_white": 75,
        "crossbow_autumn": 75,
        "offroad_02_trunk_rust": 75,
        "workingboots_brown": 75,
        "runner_codriver_door_white": 75,
        "chevrolet_napalmnova_codriver_green": 75,
        "dodgeram_cargo1_green": 75,
        "mansuit_blue": 75,
        "shortjeans_darkblue": 75,
        "dodgecharger_cargo1_white": 75,
        "policepantsorel": 75,
        "akm": 75,
        "breeches_beetcheck": 75,
        "bronco_hood_black": 75,
        "offroad_02_trunk": 75,
        "famas": 75,
        "jeep_gladiatorf9_cargo_door2_camo_blue": 75,
        "ttskojacket_camo": 75,
        "athleticshoes_black": 75,
        "hatchbackdoors_driver_bluerust": 75,
        "bronco_driverdoor_rust": 75,
        "jeep_gladiatorf9_cargo_door1": 75,
        "jeep_gladiatorf9_cargo_door2": 75,
        "ammo_9x39": 375,
        "dodgeram_hood_camoblack": 75,
        "jeep_gladiatorf9_hood_camo_black": 75,
        "jeans_blue": 75,
        "runner_driverdoor_camoblack": 75,
        "mp5k_stockbttstck": 75,
        "nissangtrnismo_white": 0,
        "dodge_challenger_trunk_darkblue": 75,
        "izh18shotgun": 75,
        "dodgecharger_cargo2_green": 75,
        "jeepgladiator_wheel": 75,
        "jeep_gladiatorf9_cargo_door2_brown": 75,
        "sedan_02_door_1_2_yellowrust": 75,
        "gmc_wheel": 75,
        "mag_ak74_30rnd": 75,
        "civsedandoors_driver_whiterust": 75,
        "truck_01_covered": 5,
        "bomberjacket_black": 75,
        "chevrolet_napalmnova_black": 0,
        "denimjacket": 75,
        "blouse_green": 75,
        "dodgeram_trunk_camonuke": 75,
        "quiltedjacket_violet": 75,
        "runner_cargo2_camored": 75,
        "sedan_02_door_1_1": 75,
        "hatchback_02_door_1_1_blackrust": 75,
        "runner_driverdoor_white": 75,
        "dodgeram_trunk_camogreen": 75,
        "civsedandoors_backright_wine": 75,
        "chevrolet_napalmnova_blue": 0,
        "jungleboots_olive": 75,
        "combatboots_grey": 75,
        "jeep_gladiatorf9_cargo_door2_gold": 75,
        "bronco_codriverdoor_hunter": 75,
        "hatchback_02_hood_blackrust": 75,
        "chevrolet_napalmnova_trunk_blue": 75,
        "sedan_02_trunk_red": 75,
        "sedan_02_door_2_1_grey": 75,
        "tacticalshirt_grey": 75,
        "minidress_whitechecker": 75,
        "dodgeram_codriver_door_yellow": 75,
        "pp19": 75,
        "mag_cz527_5rnd": 75,
        "dodge_challenger_codriver_black": 75,
        "hatchback_02_door_2_2_blue": 75,
        "ammo_9x39ap": 375,
        "chernarussportshirt": 75,
        "runner_trunk_red": 75,
        "dodgecharger_cargo1_green": 75,
        "raincoat_pink": 75,
        "runner_cargo1_pink": 75,
        "tracksuitjacket_black": 75,
        "dodgeram_cargo2_teal": 75,
        "runner_cargo2_red": 75,
        "civsedantrunk": 75,
        "dodgeram_boss_white": 0,
        "dodgecharger_driverdoor_pink": 75,
        "civsedandoors_backright_winerust": 75,
        "jeep_gladiatorf9_driver_door_darkblue": 75,
        "hatchbacktrunk_white": 75,
        "tahoe_cargo2_pink": 75,
        "m65jacket_tan": 75,
        "hatchbackhood_bluerust": 75,
        "slackspants_white": 75,
        "bomberjacket_maroon": 75,
        "dodgeram_trunk_camoblue": 75,
        "minidress_brownchecker": 75,
        "minidress_pink": 75,
        "tahoe_white": 0,
        "gmc_cargo1_blue": 75,
        "skirt_blue": 75,
        "slackspants_brown": 75,
        "jeep_gladiatorf9_boss_brown": 0,
        "jumpsuitjacket_green": 75,
        "jeep_gladiatorf9_cargo_door1_darkblue": 75,
        "jumpsuitpants_green": 75,
        "mag_akm_drum75rnd": 75,
        "dodgeram_wheel_green": 75,
        "bronco_codriverdoor_rust": 75,
        "dodgecharger_codriver": 75,
        "slackspants_darkgrey": 75,
        "ammo_40mm_smoke_red": 375,
        "gorkaejacket_autumn": 75,
        "jeep_gladiatorf9_boss_camo_green": 0,
        "tahoe_hood_pink": 75,
        "policejacketorel": 75,
        "tahoe_driverdoor_darkblue": 75,
        "ammobox_12garubberslug_10rnd": 187,
        "dodgeram_cargo2_camored": 75,
        "vikhr": 75,
        "sedan_02_door_1_1_greyrust": 75,
        "mag_fal_20rnd": 75,
        "bronco_wheel": 75,
        "tshirt_redblackstripes": 75,
        "wellies_grey": 75,
        "gmc_codrvier_white": 75,
        "mag_glock_15rnd": 75,
        "runner_cargo2_camoblue": 75,
        "tshirt_10thanniversary": 75,
        "womansuit_khaki": 75,
        "militaryboots_brown": 75,
        "truck_01_door_2_1_orange": 75,
        "hatchback_02_door_2_1_blackrust": 75,
        "ammobox_762x54_20rnd": 187,
        "breeches_blue": 75,
        "tahoe_cargo2_lightblue": 75,
        "dodgeram_boss_teal": 0,
        "chevrolet_napalmnova_trunk_red": 75,
        "sedan_02_trunk_yellowrust": 75,
        "crudemachete": 75,
        "ammo_762x39": 375,
        "brassknuckles_shiny": 75,
        "hatchbackhood_white": 75,
        "policejacket": 75,
        "dodgeram_cargo2_green": 75,
        "hatchbackhood_greenrust": 75,
        "hatchback_02_wheel": 75,
        "dodgeram_codriver_door_camogreen": 75,
        "pso1optic": 75,
        "ford_bronco_rust": 0,
        "jumpsuitpants_grey": 75,
        "womansuit_beige": 75,
        "jeep_gladiatorf9_trunk_camo_red": 75,
        "tshirt_black": 75,
        "jungleboots_beige": 75,
        "ammobox_762x54tracer_20rnd": 187,
        "runner_codriver_door_red": 75,
        "mag_1911_7rnd": 75,
        "minidress_bluewithdots": 75,
        "tracksuitpants_blue": 75,
        "tlrlight": 75,
        "sedan_02_hood_redrust": 75,
        "repeater": 75,
        "jeep_gladiatorf9_hood_camo_red": 75,
        "tahoe_trunk_blue": 75,
        "mag_ump_25rnd": 75,
        "ghillieatt_tan": 75,
        "runner_hood_camopurple": 75,
        "canvaspantsmidi_red": 75,
        "tracksuitpants_green": 75,
        "dodgeram_cargo1_yellow": 75,
        "jumpsuitjacket_red": 75,
        "civsedandoors_backleft_winerust": 75,
        "bronco_hood": 75,
        "workingboots_beige": 75,
        "tahoe_trunk_green": 75,
        "tahoe_cargo1_green": 75,
        "dodgeram_cargo2_camoblack": 75,
        "tahoe_wheel": 75,
        "nissangtrnismo_black": 0,
        "gorkapants_summer": 75,
        "gmc_driverdoor_white": 75,
        "dodgeram_boss_camogreen": 0,
        "huntingjacket_spring": 75,
        "dodgeram_cargo1_white": 75,
        "truck_01_door_2_1": 75,
        "ammo_762x54": 375,
        "offroad_02_door_1_2_rust": 75,
        "jeep_gladiatorf9_driver_door_black": 75,
        "dodgeram_boss_camoblack": 0,
        "b95": 75,
        "sedan_02_door_2_1": 75,
        "sedan_02_door_2_2": 75,
        "dodgeram_codriver_door_black": 75,
        "tacticalshirt_black": 75,
        "mag_ij70_8rnd": 75,
        "makarovij70": 75,
        "tahoe_green": 0,
        "raincoat_orange": 75,
        "runner_cargo2": 75,
        "dodgeram_hood_camowhite": 75,
        "chevrolet_napalmnova_trunk_yellow": 75,
        "sedan_02_trunk": 75,
        "chevrolet_napalmnova_hood_purple": 75,
        "tahoe_cargo1": 75,
        "tahoe_cargo2": 75,
        "jeep_gladiatorf9_boss_white": 0,
        "hatchbackdoors_codriver_greenrust": 75,
        "nissangtrcustom_blood": 0,
        "usmcpants_woodland": 75,
        "dodgeram_cargo1_camogreen": 75,
        "civsedanhood_blackrust": 75,
        "hatchback_02_door_1_2_bluerust": 75,
        "truck_01_hood_blue": 75,
        "toyotarunner_camogreen": 0,
        "jeep_gladiatorf9_codriver_door_camo_blue": 75,
        "sedan_02_door_1_2_greyrust": 75,
        "civsedantrunk_black": 75,
        "runner_codriver_door_camowhite": 75,
        "tahoe_codriver_black": 75,
        "gmc_hood_black": 75,
        "dodgeram_cargo2_camogreen": 75,
        "chevrolet_napalmnova_hood": 75,
        "aks74u": 75,
        "sneakers_gray": 75,
        "canvaspantsmidi_blue": 75,
        "derringer_black": 75,
        "nbcjacketgray": 75,
        "ak74_hndgrd": 75,
        "omkpants_navy": 75,
        "hatchbackdoors_driver_greenrust": 75,
        "runner_cargo1": 75,
        "dodgeram_driver_door_camonuke": 75,
        "mp5_compensator": 75,
        "pistolsuppressor": 75,
        "fal": 75,
        "ammobox_357_20rnd": 187,
        "runner_driverdoor_blue": 75,
        "jeep_gladiatorf9_hood_black": 75,
        "mag_deagle_9rnd": 75,
        "dodgeram_driver_door_camowhite": 75,
        "m65jacket_black": 75,
        "hatchback_02_door_1_2": 75,
        "ak_bayonet": 75,
        "hikingbootslow_beige": 75,
        "chevrolet_napalmnova_trunk_pink": 75,
        "offroad_02_wheel": 75,
        "hatchback_02": 3,
        "hatchback_02_door_1_1": 75,
        "shortjeans_blue": 75,
        "hikingjacket_blue": 75,
        "offroad_02_door_1_2": 75
    }
}