<?xml version="1.0" encoding="UTF-8" standalone="yes"?>
<types>
    <!-- THIS ITEMS WORKING ONLY WITH TerjeRadiation MOD -->
    <type name="TerjePillsB190">
        <nominal>15</nominal>
        <lifetime>28800</lifetime>
        <restock>0</restock>
        <min>5</min>
        <quantmin>10</quantmin>
        <quantmax>80</quantmax>
        <cost>100</cost>
        <flags count_in_cargo="0" count_in_hoarder="0" count_in_map="1" count_in_player="0" crafted="0" deloot="0"/>
        <category name="MedicalTools" />
        <tag name="shelves"/>
        <usage name="Medic"/>
    </type>
    <type name="TerjePillsPotassiumIodide">
        <nominal>10</nominal>
        <lifetime>28800</lifetime>
        <restock>0</restock>
        <min>5</min>
        <quantmin>10</quantmin>
        <quantmax>80</quantmax>
        <cost>100</cost>
        <flags count_in_cargo="0" count_in_hoarder="0" count_in_map="1" count_in_player="0" crafted="0" deloot="0"/>
        <category name="MedicalTools" />
        <tag name="shelves"/>
        <usage name="Medic"/>
    </type>
    <type name="TerjePillsHexacyanoferrate">
        <nominal>10</nominal>
        <lifetime>28800</lifetime>
        <restock>0</restock>
        <min>5</min>
        <quantmin>10</quantmin>
        <quantmax>80</quantmax>
        <cost>100</cost>
        <flags count_in_cargo="0" count_in_hoarder="0" count_in_map="1" count_in_player="0" crafted="0" deloot="0"/>
        <category name="MedicalTools" />
        <tag name="shelves"/>
        <usage name="Medic"/>
    </type>
    <type name="TerjePillsMexamine">
        <nominal>10</nominal>
        <lifetime>28800</lifetime>
        <restock>0</restock>
        <min>5</min>
        <quantmin>10</quantmin>
        <quantmax>80</quantmax>
        <cost>100</cost>
        <flags count_in_cargo="0" count_in_hoarder="0" count_in_map="1" count_in_player="0" crafted="0" deloot="0"/>
        <category name="MedicalTools" />
        <tag name="shelves"/>
        <usage name="Medic"/>
    </type>
    <type name="TerjeAmpoulePentacin">
        <nominal>5</nominal>
        <lifetime>28800</lifetime>
        <restock>0</restock>
        <min>3</min>
        <quantmin>20</quantmin>
        <quantmax>100</quantmax>
        <cost>100</cost>
        <flags count_in_cargo="0" count_in_hoarder="0" count_in_map="1" count_in_player="0" crafted="0" deloot="0"/>
        <category name="MedicalTools" />
        <tag name="shelves"/>
        <usage name="Medic"/>
    </type>
    <type name="TerjeAmpouleCarboxyme">
        <nominal>5</nominal>
        <lifetime>28800</lifetime>
        <restock>0</restock>
        <min>3</min>
        <quantmin>20</quantmin>
        <quantmax>100</quantmax>
        <cost>100</cost>
        <flags count_in_cargo="0" count_in_hoarder="0" count_in_map="1" count_in_player="0" crafted="0" deloot="0"/>
        <category name="MedicalTools" />
        <tag name="shelves"/>
        <usage name="Medic"/>
    </type>

    <!-- TERJE RAD TENT -->
    <type name="TerjeRadTent">
        <nominal>5</nominal>
        <lifetime>3888000</lifetime>
        <restock>0</restock>
        <min>3</min>
        <quantmin>-1</quantmin>
        <quantmax>-1</quantmax>
        <cost>100</cost>
        <flags count_in_cargo="0" count_in_hoarder="0" count_in_map="1" count_in_player="0" crafted="0" deloot="0"/>
        <category name="containers" />
        <usage name="Industrial" />
        <value name="Tier3"/>
        <value name="Tier4"/>
    </type>
    <type name="TerjeShower">
        <nominal>15</nominal>
        <lifetime>28800</lifetime>
        <restock>0</restock>
        <min>5</min>
        <quantmin>-1</quantmin>
        <quantmax>-1</quantmax>
        <cost>100</cost>
        <flags count_in_cargo="0" count_in_hoarder="0" count_in_map="1" count_in_player="0" crafted="0" deloot="0"/>
        <category name="containers" />
        <usage name="Industrial" />
        <value name="Tier1"/>
        <value name="Tier2"/>

    </type>
    <type name="TerjePump">
        <nominal>15</nominal>
        <lifetime>28800</lifetime>
        <restock>0</restock>
        <min>5</min>
        <quantmin>-1</quantmin>
        <quantmax>-1</quantmax>
        <cost>100</cost>
        <flags count_in_cargo="0" count_in_hoarder="0" count_in_map="1" count_in_player="0" crafted="0" deloot="0"/>
        <category name="containers" />
        <usage name="Industrial" />
        <value name="Tier3"/>
        <value name="Tier4"/>

    </type>
    <!-- TERJE INJECTORS -->
    <type name="TerjeAntiradInjector">
        <nominal>3</nominal>
        <lifetime>28800</lifetime>
        <restock>0</restock>
        <min>1</min>
        <quantmin>-1</quantmin>
        <quantmax>-1</quantmax>
        <cost>100</cost>
        <flags count_in_cargo="0" count_in_hoarder="0" count_in_map="1" count_in_player="0" crafted="0" deloot="0"/>
        <category name="MedicalTools" />
        <tag name="shelves"/>
        <usage name="Medic"/>
    </type>

    <!-- TERJE CONTAINERS -->
    <type name="TerjeCaseRadMilitary">
        <nominal>1</nominal>
        <lifetime>28800</lifetime>
        <restock>0</restock>
        <min>0</min>
        <quantmin>-1</quantmin>
        <quantmax>-1</quantmax>
        <cost>100</cost>
        <flags count_in_cargo="0" count_in_hoarder="0" count_in_map="1" count_in_player="0" crafted="0" deloot="1"/>
        <category name="containers"/>
        <usage name="Military"/>
        <value name="Tier4"/>
    </type>
    <type name="TerjeCaseRadSpecial">
        <nominal>1</nominal>
        <lifetime>28800</lifetime>
        <restock>0</restock>
        <min>0</min>
        <quantmin>-1</quantmin>
        <quantmax>-1</quantmax>
        <cost>100</cost>
        <flags count_in_cargo="0" count_in_hoarder="0" count_in_map="1" count_in_player="0" crafted="0" deloot="1"/>
        <category name="containers"/>
        <usage name="Military"/>
        <value name="Tier4"/>
    </type>

    <!-- TERJE DECONTAMINATION ITEMS -->
    <type name="TerjeSoap">
        <nominal>40</nominal>
        <lifetime>14400</lifetime>
        <restock>0</restock>
        <min>25</min>
        <quantmin>-1</quantmin>
        <quantmax>-1</quantmax>
        <cost>100</cost>
        <flags count_in_cargo="0" count_in_hoarder="0" count_in_map="1" count_in_player="0" crafted="0" deloot="0"/>
        <category name="tools" />
        <tag name="shelves"/>
    </type>
    <type name="TerjeCanisterChemical">
        <nominal>10</nominal>
        <lifetime>14400</lifetime>
        <restock>0</restock>
        <min>5</min>
        <quantmin>-1</quantmin>
        <quantmax>-1</quantmax>
        <cost>100</cost>
        <flags count_in_cargo="0" count_in_hoarder="0" count_in_map="1" count_in_player="0" crafted="0" deloot="0"/>
        <category name="tools" />
        <tag name="shelves"/>
        <usage name="Medic"/>
        <usage name="Military"/>
    </type>

    <!-- TERJE DETECTORS -->
    <type name="TerjeDosimetrPripyat">
        <nominal>10</nominal>
        <lifetime>7200</lifetime>
        <restock>0</restock>
        <min>5</min>
        <quantmin>-1</quantmin>
        <quantmax>-1</quantmax>
        <cost>100</cost>
        <flags count_in_cargo="0" count_in_hoarder="0" count_in_map="1" count_in_player="0" crafted="0" deloot="0"/>
        <category name="tools" />
        <tag name="shelves"/>
        <value name="Tier4"/>
    </type>
    <type name="TerjeDosimetrMkc01A">
        <nominal>10</nominal>
        <lifetime>7200</lifetime>
        <restock>0</restock>
        <min>3</min>
        <quantmin>-1</quantmin>
        <quantmax>-1</quantmax>
        <cost>100</cost>
        <flags count_in_cargo="0" count_in_hoarder="0" count_in_map="1" count_in_player="0" crafted="0" deloot="0"/>
        <category name="tools" />
        <usage name="Military"/>
        <value name="Tier3"/>
        <value name="Tier4"/>
    </type>
    <type name="TerjeDosimetrCdv700">
        <nominal>1</nominal>
        <lifetime>7200</lifetime>
        <restock>0</restock>
        <min>1</min>
        <quantmin>-1</quantmin>
        <quantmax>-1</quantmax>
        <cost>100</cost>
        <flags count_in_cargo="0" count_in_hoarder="0" count_in_map="1" count_in_player="0" crafted="0" deloot="0"/>
        <category name="RadiationZone" />
    </type>
    <type name="TerjeDosimetrDpg05">
        <nominal>15</nominal>
        <lifetime>7200</lifetime>
        <restock>0</restock>
        <min>7</min>
        <quantmin>-1</quantmin>
        <quantmax>-1</quantmax>
        <cost>100</cost>
        <flags count_in_cargo="0" count_in_hoarder="0" count_in_map="1" count_in_player="0" crafted="0" deloot="0"/>
        <category name="tools" />
        <tag name="shelves"/>
    </type>
</types>