<?xml version="1.0" ?>
<types>
<!-- НОМЕР / NUMBER -->
    <type name="FC_Number_Base">
        <nominal>0</nominal>
        <restock>1800</restock>
        <lifetime>28800</lifetime>
        <min>0</min>
        <quantmin>-1</quantmin>
        <quantmax>-1</quantmax>
        <cost>100</cost>
        <flags count_in_hoarder="0" count_in_player="0" count_in_map="1" count_in_cargo="0" crafted="0" deloot="0"/>
        <category name="tools"/>
        <usage name="Coast"/>
		<value name="Tier1"/>
        <value name="Tier2"/>
        <value name="Tier3"/>
        <value name="Tier4"/>
    </type>

<!-- КОЛЕСА / WHEEL -->	
	<type name="FC_Uaz_Pickup_Wheel">
        <nominal>0</nominal>
        <restock>1800</restock>
        <lifetime>28800</lifetime>
        <min>0</min>
        <quantmin>-1</quantmin>
        <quantmax>-1</quantmax>
        <cost>100</cost>
        <flags count_in_hoarder="0" count_in_player="0" count_in_map="1" count_in_cargo="0" crafted="0" deloot="0"/>
        <category name="tools"/>
        <usage name="Coast"/>
		<value name="Tier1"/>
        <value name="Tier2"/>
        <value name="Tier3"/>
        <value name="Tier4"/>
    </type>	
	
<!-- UAZ Красный / Red -->
    <type name="FC_Uaz_Pickup_Red">
        <lifetime>3880000</lifetime>
        <flags count_in_hoarder="0" count_in_player="0" count_in_map="1" count_in_cargo="0" crafted="0" deloot="0"/>
    </type>
    <type name="FC_Uaz_Pickup_Door_Driver_Red">
        <lifetime>28800</lifetime>
        <flags count_in_hoarder="0" count_in_player="0" count_in_map="1" count_in_cargo="0" crafted="0" deloot="0"/>
    </type>
    <type name="FC_Uaz_Pickup_Door_CoDriver_Red">
        <lifetime>28800</lifetime>
        <flags count_in_hoarder="0" count_in_player="0" count_in_map="1" count_in_cargo="0" crafted="0" deloot="0"/>
    </type>
    <type name="FC_Uaz_Pickup_Door_Cargo1_Red">
        <lifetime>28800</lifetime>
        <flags count_in_hoarder="0" count_in_player="0" count_in_map="1" count_in_cargo="0" crafted="0" deloot="0"/>
    </type>
    <type name="FC_Uaz_Pickup_Door_Cargo2_Red">
        <lifetime>28800</lifetime>
        <flags count_in_hoarder="0" count_in_player="0" count_in_map="1" count_in_cargo="0" crafted="0" deloot="0"/>
    </type>
    <type name="FC_Uaz_Pickup_Door_Hood_Red">
        <lifetime>28800</lifetime>
        <flags count_in_hoarder="0" count_in_player="0" count_in_map="1" count_in_cargo="0" crafted="0" deloot="0"/>
    </type>
    <type name="FC_Uaz_Pickup_Door_Trunk_Red">
        <lifetime>28800</lifetime>
        <flags count_in_hoarder="0" count_in_player="0" count_in_map="1" count_in_cargo="0" crafted="0" deloot="0"/>
    </type>
	
<!-- UAZ Чёрный / Black -->
    <type name="FC_Uaz_Pickup_Black">
        <lifetime>3880000</lifetime>
        <flags count_in_hoarder="0" count_in_player="0" count_in_map="1" count_in_cargo="0" crafted="0" deloot="0"/>
    </type>
    <type name="FC_Uaz_Pickup_Door_Driver_Black">
        <lifetime>28800</lifetime>
        <flags count_in_hoarder="0" count_in_player="0" count_in_map="1" count_in_cargo="0" crafted="0" deloot="0"/>
    </type>
    <type name="FC_Uaz_Pickup_Door_CoDriver_Black">
        <lifetime>28800</lifetime>
        <flags count_in_hoarder="0" count_in_player="0" count_in_map="1" count_in_cargo="0" crafted="0" deloot="0"/>
    </type>
    <type name="FC_Uaz_Pickup_Door_Cargo1_Black">
        <lifetime>28800</lifetime>
        <flags count_in_hoarder="0" count_in_player="0" count_in_map="1" count_in_cargo="0" crafted="0" deloot="0"/>
    </type>
    <type name="FC_Uaz_Pickup_Door_Cargo2_Black">
        <lifetime>28800</lifetime>
        <flags count_in_hoarder="0" count_in_player="0" count_in_map="1" count_in_cargo="0" crafted="0" deloot="0"/>
    </type>
    <type name="FC_Uaz_Pickup_Door_Hood_Black">
        <lifetime>28800</lifetime>
        <flags count_in_hoarder="0" count_in_player="0" count_in_map="1" count_in_cargo="0" crafted="0" deloot="0"/>
    </type>
    <type name="FC_Uaz_Pickup_Door_Trunk_Black">
        <lifetime>28800</lifetime>
        <flags count_in_hoarder="0" count_in_player="0" count_in_map="1" count_in_cargo="0" crafted="0" deloot="0"/>
    </type>
	
<!-- UAZ Розовый / Pink -->
    <type name="FC_Uaz_Pickup_Pink">
        <lifetime>3880000</lifetime>
        <flags count_in_hoarder="0" count_in_player="0" count_in_map="1" count_in_cargo="0" crafted="0" deloot="0"/>
    </type>
    <type name="FC_Uaz_Pickup_Door_Driver_Pink">
        <lifetime>28800</lifetime>
        <flags count_in_hoarder="0" count_in_player="0" count_in_map="1" count_in_cargo="0" crafted="0" deloot="0"/>
    </type>
    <type name="FC_Uaz_Pickup_Door_CoDriver_Pink">
        <lifetime>28800</lifetime>
        <flags count_in_hoarder="0" count_in_player="0" count_in_map="1" count_in_cargo="0" crafted="0" deloot="0"/>
    </type>
    <type name="FC_Uaz_Pickup_Door_Cargo1_Pink">
        <lifetime>28800</lifetime>
        <flags count_in_hoarder="0" count_in_player="0" count_in_map="1" count_in_cargo="0" crafted="0" deloot="0"/>
    </type>
    <type name="FC_Uaz_Pickup_Door_Cargo2_Pink">
        <lifetime>28800</lifetime>
        <flags count_in_hoarder="0" count_in_player="0" count_in_map="1" count_in_cargo="0" crafted="0" deloot="0"/>
    </type>
    <type name="FC_Uaz_Pickup_Door_Hood_Pink">
        <lifetime>28800</lifetime>
        <flags count_in_hoarder="0" count_in_player="0" count_in_map="1" count_in_cargo="0" crafted="0" deloot="0"/>
    </type>
    <type name="FC_Uaz_Pickup_Door_Trunk_Pink">
        <lifetime>28800</lifetime>
        <flags count_in_hoarder="0" count_in_player="0" count_in_map="1" count_in_cargo="0" crafted="0" deloot="0"/>
    </type>
	
<!-- UAZ Зелёный / Green -->
    <type name="FC_Uaz_Pickup_Green">
        <lifetime>3880000</lifetime>
        <flags count_in_hoarder="0" count_in_player="0" count_in_map="1" count_in_cargo="0" crafted="0" deloot="0"/>
    </type>
    <type name="FC_Uaz_Pickup_Door_Driver_Green">
        <lifetime>28800</lifetime>
        <flags count_in_hoarder="0" count_in_player="0" count_in_map="1" count_in_cargo="0" crafted="0" deloot="0"/>
    </type>
    <type name="FC_Uaz_Pickup_Door_CoDriver_Green">
        <lifetime>28800</lifetime>
        <flags count_in_hoarder="0" count_in_player="0" count_in_map="1" count_in_cargo="0" crafted="0" deloot="0"/>
    </type>
    <type name="FC_Uaz_Pickup_Door_Cargo1_Green">
        <lifetime>28800</lifetime>
        <flags count_in_hoarder="0" count_in_player="0" count_in_map="1" count_in_cargo="0" crafted="0" deloot="0"/>
    </type>
    <type name="FC_Uaz_Pickup_Door_Cargo2_Green">
        <lifetime>28800</lifetime>
        <flags count_in_hoarder="0" count_in_player="0" count_in_map="1" count_in_cargo="0" crafted="0" deloot="0"/>
    </type>
    <type name="FC_Uaz_Pickup_Door_Hood_Green">
        <lifetime>28800</lifetime>
        <flags count_in_hoarder="0" count_in_player="0" count_in_map="1" count_in_cargo="0" crafted="0" deloot="0"/>
    </type>
    <type name="FC_Uaz_Pickup_Door_Trunk_Green">
        <lifetime>28800</lifetime>
        <flags count_in_hoarder="0" count_in_player="0" count_in_map="1" count_in_cargo="0" crafted="0" deloot="0"/>
    </type>
		
</types>
