{
    "m_Version": 1,
    "m_ClassName": "M16A2",
    "m_SkinName": "",
    "m_HealthLevel": 0,
    "m_Quantity": 0.0,
    "m_QuantityType": 0,
    "m_LiquidType": -1,
    "m_IsBloodContainer": 0,
    "m_FoodStageType": -1,
    "m_Rarity": 0,
    "m_ContainerItemsCount": 1,
    "m_ContainerItems": [
        {
            "m_Version": 0,
            "m_ClassName": "Mag_CMAG_10Rnd",
            "m_SkinName": "",
            "m_HealthLevel": 2,
            "m_Quantity": 0.0,
            "m_QuantityType": 16,
            "m_LiquidType": -1,
            "m_IsBloodContainer": 0,
            "m_FoodStageType": -1,
            "m_Rarity": 0,
            "m_ContainerItemsCount": 0,
            "m_ContainerItems": [],
            "m_IsWeapon": 0,
            "m_IsMagazine": 1,
            "m_IsAttached": 1
        }
    ],
    "m_GlobalID": [
        -2147483648,
        -2147483648,
        -2147483648,
        -2147314676
    ],
    "m_OwnerUID": "UxEDrQNDLDQ0fOGSEaJ8dNv5BxVKatE9_wcum1wfZBw=",
    "m_Price": 1000,
    "m_ListingTime": 1742306224,
    "m_ListingState": 1,
    "m_OwnerName": "maks1998"
}