{
    "m_Version": 6,
    "m_DisplayName": "Altar Trading Zone",
    "Position": [
        8227.7333984375,
        471.4178771972656,
        9035.998046875
    ],
    "Radius": 500.0,
    "BuyPricePercent": 100.0,
    "SellPricePercent": -1.0,
    "Stock": {
        "dodgeram_driver_door": 75,
        "civsedandoors_driver_black": 75,
        "rag_landrover_110_cargo2_grey": 75,
        "rag_landrover_110_cargo1": 75,
        "rag_landrover_110_cargo2": 75,
        "sparkplug": 68,
        "dodge_challenger_trunk_green": 75,
        "runner_cargo1_camopurple": 75,
        "rag_hummer_door_gold_1": 75,
        "rag_hummer_door_gold_2": 75,
        "rag_hummer_door_gold_3": 75,
        "truck_01_door_1_1_greenrust": 75,
        "gmc_boss_blue": 0,
        "hatchbackdoors_driver_white": 75,
        "chevrolet_napalmnova_codriver_purple": 75,
        "audi_rs6_abt_codriver_midnightblue": 75,
        "runner_hood_camoblack": 75,
        "rag_landrover_110_cargo3": 75,
        "runner_hood_white": 75,
        "hatchbackhood_whiterust": 75,
        "fc_uaz_pickup_black": 0,
        "jeep_gladiatorf9_trunk_darkred": 75,
        "audi_rs6_abt_green": 0,
        "civsedantrunk_winerust": 75,
        "audi_rs6_abt_teal": 0,
        "jeep_gladiatorf9_trunk_gold": 75,
        "tahoe_cargo2_green": 75,
        "chevrolet_napalmnova_white": 0,
        "civsedanwheel": 70,
        "runner_hood_blue": 75,
        "tahoe_trunk_red": 75,
        "rag_landrover_110_black": 0,
        "hatchback_02_trunk_blackrust": 75,
        "rag_hummer_door_gold_4": 75,
        "sedan_02_door_2_1_greyrust": 75,
        "dodgecharger_hood_pink": 75,
        "runner_codriver_door_boss": 75,
        "honda_civic_trunk_yellow": 75,
        "hatchback_02_door_1_1_redrust": 75,
        "tahoe_hood_black": 75,
        "audi_rs6_abt_red": 0,
        "runner_cargo1_camopink": 75,
        "chevrolet_napalmnova_trunk_orange": 75,
        "tahoe_hood_lightblue": 75,
        "chevrolet_napalmnova_orange": 0,
        "nissangtr_driverdoor_orange": 75,
        "civsedantrunk_whiterust": 75,
        "sedan_02_trunk_grey": 75,
        "runner_codriver_door_blue": 75,
        "audi_rs6_abt_hood_midnightblue": 75,
        "tahoe_codriver_lightblue": 75,
        "nissangtrcustom_trunk_lb": 75,
        "tahoe_cargo1_darkblue": 75,
        "dodge_challenger_trunk_orange": 75,
        "dodgeram_trunk": 75,
        "rag_landrover_110_cargo3_pink": 75,
        "dodgeram_driver_door_black": 75,
        "chevrolet_napalmnova_codriver_yellow": 75,
        "jeep_gladiatorf9_codriver_door": 75,
        "crsk_pitbull_vx_khaki": 0,
        "kiwi_barrel_01": 0,
        "kiwi_barrel_02": 0,
        "hatchbacktrunk": 75,
        "honda_civic_hood_blue": 75,
        "tahoe_hood_darkblue": 75,
        "runner_driverdoor_camoblue": 75,
        "jeep_gladiatorf9_codriver_door_black": 75,
        "pitbullvx_kapot": 75,
        "hatchback_02_door_2_2_bluerust": 75,
        "dodge_challenger_hood_orange": 75,
        "jeep_gladiatorf9_codriver_door_camo_red": 76,
        "sedan_02_door_2_2_grey": 75,
        "runner_trunk_camored": 75,
        "gmc_trunk_1_blue": 75,
        "dodgechargerhellcat_blue": 0,
        "dodgecharger_trunk_lightblue": 75,
        "toyotarunner_black": 0,
        "nissangtr_trunk_orange": 75,
        "tahoe_trunk_lightblue": 75,
        "dodgeram_boss_camowhite": 0,
        "jeep_gladiatorf9_driver_door": 75,
        "runner_cargo2_yellow": 75,
        "dodgecharger_hood_white": 75,
        "carradiator": 68,
        "audi_rs6_abt_hood": 75,
        "audi_rs6_abt_trunk_yellow": 75,
        "hatchback_02_door_2_1_redrust": 75,
        "pitbullvx_kapot_tan": 75,
        "civiliansedan": 3,
        "dodgecharger_driverdoor_blue": 75,
        "rag_hummer_trunk_olive": 75,
        "dodgeram_wheel_blue": 75,
        "tahoe_driverdoor_blue": 75,
        "truck_01_door_2_1_greenrust": 75,
        "rag_hummer_gold_armored": 0,
        "jeep_gladiatorf9_boss_darkblue": 0,
        "civic_black": 0,
        "rag_hummer_trunk_purple": 75,
        "jeep_gladiatorf9_driver_door_camo_green": 75,
        "runner_cargo1_red": 75,
        "nissangtr_codriverdoor_orange": 75,
        "nissangtr_hood_darkpurple": 75,
        "bronco_hood_rust": 74,
        "gmc_boss_red": 0,
        "runner_trunk_camoblue": 75,
        "chevrolet_napalmnova_hood_white": 75,
        "bronco_trunk_hunter": 71,
        "jeep_gladiatorf9_cargo_door1_camo_black": 75,
        "audi_rs6_abt_codriver_green": 75,
        "offroadhatchback": 0,
        "runner_trunk_camopink": 75,
        "jeep_gladiatorf9_hood_darkblue": 75,
        "jeep_gladiatorf9_boss_camo_black": 0,
        "dodgecharger_trunk_red": 75,
        "fc_uaz_pickup_door_driver_red": 75,
        "jeep_gladiatorf9_cargo_door2_darkblue": 75,
        "chevrolet_napalmnova_codriver_orange": 75,
        "runner_hood_camowhite": 75,
        "nissangtrnismo_hood": 75,
        "dodgeram_trunk_black": 75,
        "runner_cargo2_camoblack": 75,
        "runner_codriver_door_pink": 75,
        "hatchbackdoors_driver_whiterust": 75,
        "fc_uaz_pickup_door_codriver_pink": 75,
        "dodge_challenger_codriver_blue": 75,
        "audi_rs6_abt_hood_black": 75,
        "runner_hood": 75,
        "nissangtr_white": 0,
        "chevrolet_napalmnova_trunk_white": 75,
        "tahoe_driverdoor_lightblue": 75,
        "sedan_02_door_1_2_redrust": 75,
        "rag_landrover_110_cargo3_red": 75,
        "jeep_gladiatorf9_codriver_door_brown": 75,
        "hatchback_02_door_1_2_blue": 75,
        "hatchback_02_hood_blue": 75,
        "jeep_gladiatorf9_codriver_door_camo_green": 75,
        "jeep_gladiatorf9_hood_camo_blue": 75,
        "rag_landrover_110_grey": 0,
        "runner_driverdoor_camopink": 75,
        "audi_rs6_abt_driver_green": 75,
        "dodgeram_codriver_door_camowhite": 75,
        "offroad_02_door_1_2_rust": 75,
        "dodgeram_hood_camored": 75,
        "dodgecharger_codriver_white": 75,
        "dodgeram_boss_red": 0,
        "runner_cargo1_camogreen": 75,
        "rag_landrover_110_olive": 0,
        "dodgechargerhellcat_pink": 0,
        "honda_civic_driverdoor": 75,
        "nissangtrcustom_driverdoor_black": 75,
        "dodgeram_cargo2_camoblack": 75,
        "honda_civic_driverdoor_redcustom": 75,
        "fc_uaz_pickup_door_cargo1_black": 75,
        "sedan_02_door_1_1": 75,
        "sedan_02_door_1_2": 75,
        "nissangtr_trunk_pink": 75,
        "dodgeram_driver_door_white": 75,
        "runner_trunk": 75,
        "sedan_02_hood_grey": 75,
        "offroad_02_door_1_1_rust": 75,
        "hatchback_02_trunk_blue": 75,
        "dodgecharger_cargo1_red": 75,
        "dodgecharger_codriver": 74,
        "headlighth7": 61,
        "chevrolet_napalmnova_hood_blue": 75,
        "chevrolet_napalmnova_codriver": 75,
        "nissangtrnismo_driverdoor": 75,
        "nissangtrnismo_driverdoor_red": 75,
        "dodgecharger_cargo1_blue": 75,
        "dodgechargerhellcat_green": 0,
        "chevrolet_napalmnova_codriver_white": 75,
        "dodgeram_codriver_door_blue": 75,
        "audi_rs6_abt_cargo1_yellow": 75,
        "carbattery": 68,
        "dodgeram_codriver_door_black": 75,
        "dodgeram_wheel_teal": 75,
        "dodgeram_cargo1_camogreen": 75,
        "hatchbackdoors_codriver": 75,
        "kiwi_barrel_03": 0,
        "rag_hummer_hood_red": 75,
        "tirerepairkit": 75,
        "pitbullvx_dver_1_2_grey": 75,
        "toyotarunner_white": 0,
        "dodge_challenger_hood_green": 75,
        "chevrolet_napalmnova_codriver_blue": 75,
        "nissangtr_trunk_black": 75,
        "chevrolet_napalmnova_driverdoor_white": 75,
        "dodgeram_boss_camonuke": 0,
        "jeep_gladiatorf9_cargo_door2_camo_black": 75,
        "tahoe_codriver_pink": 75,
        "truck_01_door_2_1_orangerust": 75,
        "sedan_02": 0,
        "nissangtr_trunk_darkpurple": 75,
        "jeep_gladiatorf9_driver_door_camo_red": 76,
        "rag_atv_blue": 0,
        "dodgeram_driver_door_camoblue": 75,
        "audi_rs6_abt_cargo1_blue": 75,
        "jeep_gladiatorf9_trunk_black": 75,
        "civic_white": 0,
        "jeep_gladiatorf9_trunk_camo_black": 75,
        "battery9v": 75,
        "dodgecharger_cargo1_white": 75,
        "dodgeram_hood_camonuke": 75,
        "glowplug": 1,
        "civsedandoors_driver_wine": 75,
        "rag_landrover_110_hood_grey": 75,
        "fc_uaz_pickup_door_cargo2_black": 75,
        "gmc_cargo1": 75,
        "gmc_cargo2": 75,
        "honda_civic_trunk_red": 75,
        "civsedandoors_backleft_black": 75,
        "audi_rs6_abt_midnightblue": 0,
        "tahoe_green": 0,
        "rag_hummer_door_winter_1": 75,
        "rag_hummer_door_winter_2": 75,
        "nissangtrcustom_black": 0,
        "rag_hummer_door_winter_4": 75,
        "tahoe_cargo1_blue": 75,
        "pitbullvx_dver_1_1_khaki": 75,
        "offroad_02_door_1_2": 75,
        "tahoe_codriver_darkblue": 75,
        "truck_01_door_1_1": 75,
        "dodgeram_trunk_white": 75,
        "runner_cargo2_camowhite": 75,
        "tahoe_cargo1_red": 75,
        "nissangtr_codriverdoor_pink": 75,
        "bronco_trunk_rust": 74,
        "chevrolet_napalmnova_driverdoor_blue": 75,
        "jeep_gladiatorf9_boss_camo_blue": 0,
        "dodge_challengersrt_red": 0,
        "audi_rs6_abt_driver_yellow": 75,
        "dodgeram_hood_yellow": 75,
        "hatchback_02_door_1_2_redrust": 75,
        "honda_civic_driverdoor_red": 75,
        "truck_01_hood_orange": 75,
        "sedan_02_door_1_2_red": 75,
        "jeep_gladiatorf9_driver_door_camo_black": 75,
        "honda_civic_trunk_redcustom": 75,
        "rag_landrover_110_codriverdoor_grey": 75,
        "dodgecharger_hood_lightblue": 75,
        "runner_codriver_door_camoblue": 75,
        "nissangtr_driverdoor_green": 75,
        "chevrolet_napalmnova_hood_pink": 75,
        "dodgecharger_cargo1_pink": 75,
        "truck_01_door_1_1_orangerust": 75,
        "dodge_challenger_trunk": 75,
        "civsedandoors_backleft_blackrust": 75,
        "nissangtrcustom_hood_lb": 75,
        "jeep_gladiatorf9_hood_darkred": 75,
        "jeep_gladiatorf9_trunk": 75,
        "honda_civic_hood_red": 75,
        "hatchbacktrunk_bluerust": 75,
        "fc_uaz_pickup_door_trunk_black": 75,
        "runner_codriver_door_camored": 75,
        "bronco_trunk_black": 75,
        "rag_landrover_110_cargo2_un": 75,
        "dodgeram_cargo2_camowhite": 75,
        "dodgeram_codriver_door_teal": 75,
        "rag_landrover_110_codriverdoor": 75,
        "jeep_gladiatorf9_trunk_brown": 75,
        "rag_atv_green": 0,
        "jeep_gladiatorf9_cargo_door1_camo_red": 76,
        "dodgecharger_trunk": 74,
        "rag_atv_pink": 0,
        "audi_rs6_abt_cargo1_pink": 75,
        "runner_cargo2_camopurple": 75,
        "gmc_driverdoor": 75,
        "runner_cargo1_camored": 75,
        "dodgeram_cargo1_camonuke": 75,
        "sedan_02_door_1_2_grey": 75,
        "dodgeram_driver_door_camogreen": 75,
        "pitbullvx_dver_1_2_khaki": 75,
        "fc_uaz_pickup_door_codriver_green": 75,
        "nissangtrcustom_driverdoor_pink": 75,
        "honda_civic_trunk_black": 75,
        "jeep_gladiatorf9_cargo_door2": 75,
        "dodge_challenger_trunk_blue": 75,
        "jeep_gladiatorf9_cargo_door1_gold": 75,
        "pitbullvx_bagazhnik_grey": 75,
        "dodgechargerhellcat_red": 0,
        "dodgeram_codriver_door_white": 75,
        "tahoe_codriver": 75,
        "audi_rs6_abt_cargo1_teal": 75,
        "dodge_challenger_hood_blue": 75,
        "pitbullvx_bagazhnik": 75,
        "runner_cargo1_yellow": 75,
        "runner_driverdoor_camoblack": 75,
        "pitbullvx_bagazhnik_khaki": 75,
        "sedan_02_door_2_2_red": 75,
        "tahoe_cargo1_pink": 75,
        "nissangtr_trunk_white": 75,
        "dodgeram_wheel": 75,
        "audi_rs6_abt_cargo1_green": 75,
        "civsedandoors_backright_winerust": 75,
        "hatchbackdoors_driver": 75,
        "chevrolet_napalmnova_green": 0,
        "dodge_challenger_driver_black": 75,
        "runner_driverdoor_red": 75,
        "chevrolet_napalmnova_driverdoor_pink": 75,
        "tahoe_hood_brown": 75,
        "audi_rs6_abt_codriver": 75,
        "runner_codriver_door_camopink": 75,
        "audi_rs6_abt_cargo1_red": 75,
        "audi_rs6_abt_trunk_midnightblue": 75,
        "rag_atv_red": 0,
        "civsedandoors_backleft": 74,
        "hatchback_02_trunk_redrust": 75,
        "civsedandoors_backleft_whiterust": 75,
        "dodgeram_hood_black": 75,
        "dodgeram_cargo1_white": 75,
        "hatchback_02_door_2_1_blackrust": 75,
        "chevrolet_napalmnova_trunk_red": 75,
        "audi_rs6_abt_wheel": 75,
        "hatchback_02_hood_blackrust": 75,
        "sedan_02_hood_redrust": 75,
        "hatchbackhood_white": 75,
        "rag_hummer_hood": 75,
        "civsedandoors_backright_whiterust": 75,
        "fc_uaz_pickup_pink": 0,
        "rag_hummer_door_purple_1": 75,
        "pitbullvx_dver_2_1_grey": 75,
        "jeep_gladiatorf9_driver_door_darkred": 75,
        "dodge_challenger_codriver_orange": 75,
        "hatchbackhood_bluerust": 75,
        "truck_01_door_1_1_bluerust": 75,
        "audi_rs6_abt_cargo2_green": 75,
        "pitbullvx_dver_2_1": 75,
        "pitbullvx_dver_2_2": 75,
        "dodge_challenger_driver_blue": 75,
        "rag_landrover_110_wheel_grey": 75,
        "audi_rs6_abt_codriver_pink": 75,
        "dodgeram_hood_blue": 75,
        "nissangtrcustom_trunk_pink": 75,
        "offroad_02_hood": 75,
        "tahoe_codriver_blue": 75,
        "rag_landrover_110_cargo1_grey": 75,
        "dodgecharger_hood_green": 75,
        "hatchback_02_door_1_1_bluerust": 75,
        "rag_hummer_hood_camo": 75,
        "runner_driverdoor_yellow": 75,
        "runner_hood_boss": 75,
        "tahoe_codriver_black": 75,
        "bronco_hood_hunter": 71,
        "audi_rs6_abt_codriver_teal": 75,
        "chevrolet_napalmnova_trunk_purple": 75,
        "audi_rs6_abt_codriver_yellow": 75,
        "chevrolet_napalmnova_purple": 0,
        "jeep_gladiatorf9_hood_gold": 75,
        "jeep_gladiatorf9_codriver_door_darkblue": 75,
        "jeep_gladiatorf9_cargo_door1_darkblue": 75,
        "honda_civic_driverdoor_green": 75,
        "runner_trunk_boss": 75,
        "civsedanhood_wine": 75,
        "rag_landrover_110_hood_un": 75,
        "dodgeram_wheel_black": 75,
        "dodge_challenger_driver_darkblue": 75,
        "dodgeram_boss_black": 0,
        "dodgeram_hood": 75,
        "chevrolet_napalmnova_hood_green": 75,
        "jeep_gladiatorf9_cargo_door1_darkred": 75,
        "dodgecharger_driverdoor_lightblue": 75,
        "toyotarunner_yellow": 0,
        "honda_civic_driverdoor_yellow": 75,
        "crsk_pitbull_vx": 0,
        "runner_trunk_blue": 75,
        "sedan_02_hood": 75,
        "nissangtr_pink": 0,
        "runner_hood_camogreen": 75,
        "audi_rs6_abt_driver_black": 75,
        "dodgeram_cargo2_blue": 75,
        "runner_driverdoor_boss": 75,
        "fc_uaz_pickup_green": 0,
        "nissangtrcustom_codriverdoor_black": 75,
        "nissangtrnismo_darkpurple": 0,
        "bronco_driverdoor_hunter": 71,
        "nissangtr_green": 0,
        "pitbullvx_dver_1_1_tan": 75,
        "rag_landrover_110_cargo2_pink": 75,
        "honda_civic_codriver_yellow": 75,
        "nissangtr_hood_pink": 75,
        "rag_landrover_110_driverdoor_olive": 75,
        "sedan_02_hood_red": 75,
        "honda_civic_hood_black": 75,
        "jeep_gladiatorf9_trunk_camo_blue": 75,
        "honda_civic_hood": 75,
        "crsk_pitbull_vx_grey": 0,
        "rag_hummer_wheel": 75,
        "toyotarunner_camoblue": 0,
        "hatchback_02_trunk": 75,
        "dodgeram_boss_blue": 0,
        "pitbullvx_dver_2_1_khaki": 75,
        "dodgecharger_codriver_green": 75,
        "tahoe_hood_green": 75,
        "dodgeram_cargo2_yellow": 75,
        "camonetjeep": 0,
        "pitbullvx_bagazhnik_tan": 75,
        "dodgeram_hood_white": 75,
        "honda_civic_wheel": 75,
        "tahoe_driverdoor_black": 75,
        "sedan_02_door_2_1_grey": 75,
        "canistergasoline": 75,
        "tahoe_codriver_brown": 75,
        "fc_uaz_pickup_door_hood_pink": 75,
        "runner_codriver_door_camoblack": 75,
        "bronco_wheel": 50,
        "runner_trunk_white": 75,
        "dodgecharger_driverdoor_white": 75,
        "sedan_02_trunk_greyrust": 75,
        "truck_01_door_2_1_bluerust": 75,
        "nissangtr_codriverdoor_black": 75,
        "kiwi_carradiator": 0,
        "dodge_challenger_trunk_red": 75,
        "rag_landrover_110_wheel_olive": 75,
        "tahoe_codriver_red": 75,
        "dodgeram_driver_door_green": 75,
        "nissangtrcustom_driverdoor_lb": 75,
        "truck_01_wheeldouble": 75,
        "ford_bronco_hunter": 0,
        "hatchback_02_door_2_1_bluerust": 75,
        "runner_hood_pink": 75,
        "chevrolet_napalmnova_pink": 0,
        "rag_willy_wheel": 75,
        "nissangtr_driverdoor_darkpurple": 75,
        "civsedanhood_winerust": 75,
        "offroad_02_trunk_rust": 75,
        "chevrolet_napalmnova_codriver_green": 75,
        "dodgecharger_trunk_blue": 75,
        "nissangtr_codriverdoor_red": 75,
        "jeep_gladiatorf9_cargo_door1": 75,
        "pitbullvx_dver_2_1_tan": 75,
        "crsk_pitbull_vx_tan": 0,
        "rag_landrover_110_codriverdoor_red": 75,
        "chevrolet_napalmnova_driverdoor_green": 75,
        "truck_01_hood_greenrust": 75,
        "runner_cargo2_camored": 75,
        "hatchback_02_door_1_1_blackrust": 75,
        "pitbullvx_dver_2_2_khaki": 75,
        "civsedandoors_backright_wine": 75,
        "bronco_codriverdoor_hunter": 71,
        "rag_landrover_110_hood_pink": 75,
        "chevrolet_napalmnova_trunk_blue": 75,
        "civic_green": 0,
        "dodge_challenger_codriver_black": 75,
        "sedan_02_door_2_2_greyrust": 75,
        "dodgecharger_trunk_pink": 75,
        "dodgecharger_cargo1_green": 75,
        "dodgeram_wheel_white": 75,
        "fc_uaz_pickup_door_cargo1_red": 75,
        "dodgeram_cargo2_teal": 75,
        "civsedantrunk": 74,
        "dodgeram_boss_white": 0,
        "dodgecharger_driverdoor_pink": 75,
        "jeep_gladiatorf9_driver_door_darkblue": 75,
        "nissangtrnismo_red": 0,
        "dodge_challengersrt_blue": 0,
        "hatchback_02_door_1_1_blue": 75,
        "jeep_gladiatorf9_cargo_door1_camo_green": 75,
        "runner_trunk_camoblack": 75,
        "nissangtr_trunk_red": 75,
        "tahoe_driverdoor_brown": 75,
        "nissangtrcustom_codriverdoor_blood": 75,
        "tahoe_driverdoor_pink": 75,
        "nissangtrnismo_wheel": 75,
        "jeep_gladiatorf9_boss_camo_green": 0,
        "jeep_gladiatorf9_hood_camo_black": 75,
        "rag_landrover_110_driverdoor_grey": 75,
        "runner_cargo2_camoblue": 75,
        "dodgeram_boss_yellow": 0,
        "dodgeram_trunk_green": 75,
        "runner_cargo2_camogreen": 75,
        "dodgeram_boss_teal": 0,
        "sedan_02_trunk_yellowrust": 75,
        "dodgeram_boss_green": 0,
        "rag_hummer_hood_gold": 75,
        "fc_uaz_pickup_door_trunk_red": 75,
        "audi_rs6_abt_hood_green": 75,
        "runner_codriver_door_red": 75,
        "tahoe_trunk_blue": 75,
        "runner_hood_camopurple": 75,
        "audi_rs6_abt_yellow": 0,
        "tahoe_wheel": 75,
        "dodgeram_hood_camoblack": 75,
        "dodgeram_driver_door_camored": 75,
        "jeep_gladiatorf9_driver_door_black": 75,
        "sedan_02_door_2_1": 75,
        "sedan_02_door_2_2": 75,
        "runner_codriver_door": 75,
        "runner_trunk_red": 75,
        "rag_hummer_trunk_tan": 75,
        "tahoe_cargo1": 75,
        "tahoe_cargo2": 75,
        "truck_01_door_1_1_orange": 75,
        "civsedanhood_blackrust": 75,
        "dodgecharger_cargo2_green": 75,
        "runner_codriver_door_camowhite": 75,
        "gmc_hood_black": 75,
        "dodgeram_cargo2_camogreen": 75,
        "chevrolet_napalmnova_hood": 75,
        "pitbullvx_dver_1_1_grey": 75,
        "rag_landrover_110_pink": 0,
        "fc_uaz_pickup_door_cargo1_green": 75,
        "nissangtrnismo_trunk_red": 75,
        "bronco_codriverdoor_rust": 74,
        "dodgeram_driver_door_camonuke": 75,
        "dodgeram_trunk_camoblue": 75,
        "hatchbackdoors_codriver_greenrust": 75,
        "chevrolet_napalmnova_trunk_pink": 75,
        "offroad_02_wheel": 75,
        "chevrolet_napalmnova_driverdoor_yellow": 75,
        "rag_landrover_110_codriverdoor_black": 75,
        "fc_uaz_pickup_door_driver_pink": 75,
        "dodgecharger_codriver_blue": 75,
        "pitbullvx_koleso_zad": 75,
        "dodgeram_codriver_door_green": 75,
        "civic_red": 0,
        "civsedandoors_driver": 74,
        "nissangtr_orange": 0,
        "runner_driverdoor_camowhite": 75,
        "rag_atv_wheel": 71,
        "rag_hummer_door_camo_1": 75,
        "rag_hummer_door_camo_2": 75,
        "nissangtrnismo_hood_red": 75,
        "rag_hummer_door_camo_4": 75,
        "hatchbackdoors_codriver_bluerust": 75,
        "nissangtr_trunk_green": 75,
        "sedan_02_door_2_1_redrust": 75,
        "jeep_gladiatorf9_cargo_door2_camo_green": 75,
        "rag_hummer_hood_winter": 75,
        "dodge_challenger_hood": 75,
        "jeep_gladiatorf9_cargo_door2_darkred": 75,
        "jeep_gladiatorf9_trunk_camo_green": 75,
        "runner_trunk_camopurple": 75,
        "rag_hummer_trunk_camo": 75,
        "dodge_challenger_hood_red": 75,
        "honda_civic_codriver": 75,
        "hatchbackdoors_codriver_white": 75,
        "rag_landrover_110_hood_red": 75,
        "tahoe_trunk_pink": 75,
        "offroad_02_door_2_1": 75,
        "offroad_02_door_2_2": 75,
        "jeep_gladiatorf9_driver_door_brown": 75,
        "audi_rs6_abt_cargo2_yellow": 75,
        "runner_cargo2_boss": 75,
        "truck_01_door_2_1": 75,
        "bronco_driverdoor_black": 75,
        "tahoe_red": 0,
        "rag_landrover_110_un": 0,
        "jeep_gladiatorf9_driver_door_camo_blue": 75,
        "hatchback_02_door_2_2_redrust": 75,
        "runner_trunk_camowhite": 75,
        "dodgecharger_cargo1_lightblue": 75,
        "fc_uaz_pickup_door_cargo2_green": 75,
        "gmc_boss_black": 0,
        "dodgecharger_cargo1": 74,
        "hatchback_02_hood_bluerust": 75,
        "hydraulicjack": 0,
        "nissangtr_codriverdoor_darkpurple": 75,
        "runner_cargo2_blue": 75,
        "civsedanhood_whiterust": 75,
        "dodgeram_codriver_door_camoblue": 75,
        "fc_uaz_pickup_door_cargo2_pink": 75,
        "rag_hummer_door_camo_3": 75,
        "chevrolet_napalmnova_wheel": 75,
        "runner_codriver_door_camopurple": 75,
        "tahoe_darkblue": 0,
        "truck_01_door_2_1_blue": 75,
        "runner_codriver_door_yellow": 75,
        "tahoe_blue": 0,
        "chevrolet_napalmnova_driverdoor_orange": 75,
        "sedan_02_hood_yellowrust": 75,
        "runner_cargo2_camopink": 75,
        "chevrolet_napalmnova_red": 0,
        "gmc_driverdoor_black": 75,
        "dodgeram_cargo1_black": 75,
        "sedan_02_wheel": 75,
        "rag_landrover_110_codriverdoor_un": 75,
        "dodgeram_codriver_door_camored": 75,
        "rag_hummer_door_tan_4": 75,
        "rag_landrover_110_wheel_red": 75,
        "dodgeram_cargo1_yellow": 75,
        "dodgeram_hood_camowhite": 75,
        "sedan_02_door_1_1_grey": 75,
        "toyotarunner_camored": 0,
        "dodgecharger_codriver_pink": 75,
        "gmc_codrvier_black": 75,
        "dodgeram_boss_camored": 0,
        "sedan_02_door_2_1_yellowrust": 75,
        "nissangtr_hood_orange": 75,
        "sedan_02_door_1_1_redrust": 75,
        "hatchback_02_hood_redrust": 75,
        "fc_uaz_pickup_door_trunk_green": 75,
        "dodgeram_trunk_camoblack": 75,
        "civsedandoors_backright": 74,
        "gmc_hood_white": 75,
        "dodgecharger_codriver_red": 75,
        "fc_uaz_pickup_door_driver_black": 75,
        "rag_hummer_hood_olive": 75,
        "honda_civic_codriver_black": 75,
        "rag_landrover_110_codriverdoor_pink": 75,
        "nissangtr_red": 0,
        "sedan_02_trunk_red": 75,
        "rag_willy_hood": 75,
        "honda_civic_codriver_redcustom": 75,
        "rag_landrover_110_cargo2_black": 75,
        "civic_blue": 0,
        "jeep_gladiatorf9_cargo_door1_camo_blue": 75,
        "rag_hummer_door_winter_3": 75,
        "dodgeram_cargo2_camoblue": 75,
        "jeep_gladiatorf9_trunk_darkblue": 75,
        "dodgeram_codriver_door_camonuke": 75,
        "honda_civic_driverdoor_blue": 75,
        "chevrolet_napalmnova_codriver_red": 75,
        "offroad_02_door_1_1": 75,
        "honda_civic_trunk_green": 75,
        "rag_landrover_110_cargo3_un": 75,
        "honda_civic_hood_yellow": 75,
        "audi_rs6_abt_trunk_black": 75,
        "civsedandoors_codriver_winerust": 75,
        "jeep_gladiatorf9_boss_darkred": 0,
        "jeep_gladiatorf9_boss_gold": 0,
        "dodge_challenger_codriver_red": 75,
        "nissangtrcustom_hood_blood": 75,
        "civsedandoors_driver_winerust": 75,
        "sedan_02_door_1_2_greyrust": 75,
        "rag_landrover_110_codriverdoor_olive": 75,
        "civsedanhood_black": 75,
        "dodgeram_cargo2_black": 75,
        "audi_rs6_abt_driver_midnightblue": 75,
        "dodgeram_codriver_door_camoblack": 75,
        "runner_cargo2_pink": 75,
        "hatchbackdoors_codriver_whiterust": 75,
        "fc_uaz_pickup_door_hood_green": 75,
        "gmc_codrvier": 75,
        "rag_landrover_110_cargo1_black": 75,
        "hatchback_02_door_2_2_blackrust": 75,
        "rag_hummer_tan_armored": 0,
        "gmc_cargo1_black": 75,
        "nissangtrcustom_pink": 0,
        "tahoe_pink": 0,
        "tahoe_trunk_black": 75,
        "tahoe_cargo1_black": 75,
        "runner_cargo1_white": 75,
        "dodge_challengersrt_darkblue": 0,
        "nissangtrnismo_wheel2": 75,
        "chevrolet_napalmnova_trunk_green": 75,
        "runner_hood_camopink": 75,
        "audi_rs6_abt_trunk_teal": 75,
        "runner_driverdoor_camopurple": 75,
        "chevrolet_napalmnova_hood_yellow": 75,
        "honda_civic_codriver_blue": 75,
        "dodgeram_driver_door_yellow": 75,
        "tahoe_cargo1_lightblue": 75,
        "nissangtrcustom_trunk_blood": 75,
        "gmc_boss_white": 0,
        "toyotarunner_camoblack": 0,
        "rag_landrover_110_cargo3_black": 75,
        "hatchbackwheel": 75,
        "dodgeram_hood_green": 75,
        "dodge_challenger_driver": 75,
        "fc_uaz_pickup_wheel": 75,
        "hatchbackdoors_driver_bluerust": 75,
        "audi_rs6_abt_cargo2_midnightblue": 75,
        "kiwi_carbattery": 60,
        "offroad_02_door_2_2_rust": 75,
        "dodgeram_trunk_camogreen": 75,
        "nissangtr_hood_black": 75,
        "dodgeram_codriver_door_yellow": 75,
        "audi_rs6_abt_trunk_blue": 75,
        "runner_cargo2_red": 75,
        "dodge_challengersrt_black": 0,
        "nissangtrcustom_hood_pink": 75,
        "rag_landrover_110_cargo1_olive": 75,
        "honda_civic_codriver_red": 75,
        "rag_landrover_110_wheel": 75,
        "jeep_gladiatorf9_driver_door_gold": 75,
        "rag_landrover_110_driverdoor_red": 75,
        "hatchbackhood_blue": 75,
        "ford_bronco_rust": 0,
        "dodge_challenger_driver_red": 75,
        "sedan_02_door_1_1_red": 75,
        "dodge_challenger_trunk_black": 75,
        "hatchback_02_door_1_1_black": 75,
        "toyotarunner_camopurple": 0,
        "gmc_driverdoor_white": 75,
        "gmc_cargo2_blue": 75,
        "dodgecharger_driverdoor_red": 75,
        "truck_01_hood_blue": 75,
        "rag_hummer_trunk_gold": 75,
        "hatchback_02_door_2_1": 75,
        "audi_rs6_abt_black": 0,
        "gmc_cargo2_black": 75,
        "audi_rs6_abt_driver": 75,
        "civsedandoors_codriver_wine": 75,
        "tahoe_cargo2_black": 75,
        "runner_cargo2_white": 75,
        "rag_jeep_willys": 0,
        "runner_hood_camored": 75,
        "bronco_driverdoor": 75,
        "civsedantrunk_wine": 75,
        "dodgeram_trunk_camowhite": 75,
        "runner_driverdoor": 75,
        "dodgecharger_trunk_white": 75,
        "rag_hummer_hood_purple": 75,
        "tahoe_codriver_green": 75,
        "runner_hood_camoblue": 75,
        "hatchbackdoors_codriver_blue": 75,
        "tahoe_trunk_darkblue": 75,
        "rag_landrover_110_cargo3_grey": 75,
        "tahoe_trunk_brown": 75,
        "tahoe_cargo1_brown": 75,
        "dodgeram_cargo1_blue": 75,
        "dodgecharger_codriver_lightblue": 75,
        "chevrolet_napalmnova_hood_orange": 75,
        "runner_trunk_yellow": 75,
        "rag_landrover_110_wheel_pink": 75,
        "truck_01_wheel": 75,
        "audi_rs6_abt_cargo1_midnightblue": 75,
        "dodgeram_wheel_green": 75,
        "dodgecharger_driverdoor": 74,
        "chevrolet_napalmnova_driverdoor_red": 75,
        "sedan_02_hood_greyrust": 75,
        "audi_rs6_abt_codriver_red": 75,
        "rag_landrover_110_cargo1_pink": 75,
        "dodgecharger_cargo2_white": 75,
        "rag_landrover_110_cargo2_olive": 75,
        "audi_rs6_abt_hood_blue": 75,
        "sedan_02_door_2_2_redrust": 75,
        "tahoe_hood": 75,
        "tahoe_cargo2_darkblue": 75,
        "chevrolet_napalmnova_blue": 0,
        "sedan_02_door_2_1_red": 75,
        "hatchback_02_door_1_2_black": 75,
        "civsedandoors_codriver": 74,
        "civsedandoors_backright_blackrust": 75,
        "dodgeram_cargo2_white": 75,
        "dodgecharger_cargo2_red": 75,
        "rag_hummer_door_anarchy_1": 75,
        "rag_hummer_door_anarchy_2": 75,
        "rag_hummer_door_anarchy_3": 75,
        "rag_hummer_door_anarchy_4": 75,
        "gmc_trunk_2_blue": 75,
        "audi_rs6_abt_trunk": 75,
        "dodgeram_cargo1_camored": 75,
        "hatchback_02_hood_black": 75,
        "gmc_hood": 75,
        "rag_landrover_110_hood": 75,
        "gmc_cargo1_white": 75,
        "dodgecharger_cargo2": 74,
        "gmc_trunk_1_black": 75,
        "sedan_02_trunk_redrust": 75,
        "jeep_gladiatorf9_codriver_door_gold": 75,
        "dodgeram_trunk_yellow": 75,
        "hatchback_02_trunk_bluerust": 75,
        "honda_civic_hood_green": 75,
        "dodgeram_trunk_blue": 75,
        "civsedandoors_codriver_blackrust": 75,
        "runner_wheel": 75,
        "tahoe_cargo2_brown": 75,
        "toyotarunner_camowhite": 0,
        "hatchbackhood": 75,
        "gmc_hood_blue": 75,
        "tahoe_driverdoor_green": 75,
        "nissangtr_hood_white": 75,
        "truck_01_door_1_1_blue": 75,
        "runner_codriver_door_camogreen": 75,
        "dodge_challengersrt_orange": 0,
        "nissangtr_codriverdoor_green": 75,
        "dodge_challengersrt_white": 0,
        "hatchbacktrunk_whiterust": 75,
        "audi_rs6_abt_codriver_black": 75,
        "hatchbackdoors_driver_blue": 75,
        "rag_landrover_110_cargo3_olive": 75,
        "hatchback_02_door_1_2_blackrust": 75,
        "chevrolet_napalmnova_driverdoor": 75,
        "dodgeram_cargo1_teal": 75,
        "tahoe_lightblue": 0,
        "tahoe_cargo2_red": 75,
        "audi_rs6_abt_hood_pink": 75,
        "audi_rs6_abt_white": 0,
        "gmc_cargo2_white": 75,
        "audi_rs6_abt_codriver_blue": 75,
        "rag_landrover_110_driverdoor": 75,
        "fc_uaz_pickup_door_trunk_pink": 75,
        "gmc_trunk_2_black": 75,
        "runner_driverdoor_camogreen": 75,
        "rag_hummer_door_purple_2": 75,
        "rag_hummer_door_purple_3": 75,
        "rag_hummer_door_purple_4": 75,
        "civsedandoors_codriver_black": 75,
        "hatchback_02_door_2_1_blue": 75,
        "rag_hummer_olive_armored": 0,
        "jeep_gladiatorf9_codriver_door_camo_black": 75,
        "rag_landrover_110_wheel_un": 75,
        "audi_rs6_abt_hood_teal": 75,
        "pitbullvx_kapot_grey": 75,
        "dodge_challenger_codriver_darkblue": 75,
        "runner_cargo1_camoblack": 75,
        "rag_hummer_door_4": 75,
        "dodge_challenger_codriver_green": 75,
        "rag_hummer_armored": 0,
        "dodge_challenger_trunk_darkblue": 75,
        "gmc_trunk_1": 75,
        "gmc_trunk_2": 75,
        "rag_hummer_purple_armored": 0,
        "dodgeram_codriver_door": 75,
        "dodgechargerhellcat_lightblue": 0,
        "chevrolet_napalmnova_codriver_pink": 75,
        "rag_landrover_110_driverdoor_black": 75,
        "jeep_gladiatorf9_cargo_door2_gold": 75,
        "rag_landrover_110_cargo2_red": 75,
        "toyotarunner_boss": 0,
        "runner_trunk_camogreen": 75,
        "civsedandoors_codriver_whiterust": 75,
        "tahoe_driverdoor": 75,
        "rag_hummer_red_armored": 0,
        "runner_cargo1_camoblue": 75,
        "fc_uaz_pickup_door_hood_black": 75,
        "hatchbacktrunk_blue": 75,
        "rag_hummer_hood_tan": 75,
        "runner_driverdoor_blue": 75,
        "dodgeram_trunk_teal": 75,
        "honda_civic_trunk": 75,
        "toyotarunner_blue": 0,
        "pitbullvx_kapot_khaki": 75,
        "dodge_challenger_wheel": 75,
        "bronco_trunk": 75,
        "dodgechargerhellcat_black": 0,
        "ford_bronco_black": 0,
        "dodgeram_trunk_camonuke": 75,
        "honda_civic_trunk_blue": 75,
        "rag_hummer_winter_armored": 0,
        "audi_rs6_abt_driver_blue": 75,
        "dodgeram_cargo1_camoblack": 75,
        "gmc_trunk_1_white": 75,
        "truck_01_hood_orangerust": 75,
        "jeep_gladiatorf9_cargo_door1_black": 75,
        "hatchback_02_trunk_black": 75,
        "nissangtr_driverdoor_red": 75,
        "dodge_challenger_hood_black": 75,
        "truck_01_door_2_1_orange": 75,
        "hatchbacktrunk_white": 75,
        "rag_landrover_110_driverdoor_pink": 75,
        "dodgeram_hood_camogreen": 75,
        "pitbullvx_koleso": 75,
        "nissangtrcustom_hood_black": 75,
        "nissangtrcustom_codriverdoor_pink": 75,
        "nissangtrnismo_black": 0,
        "dodgecharger_wheel": 71,
        "rag_landrover_110_hood_black": 75,
        "runner_hood_red": 75,
        "nissangtrcustom_lb": 0,
        "jeep_gladiatorf9_hood_black": 75,
        "carlock": 65,
        "truckbattery": 75,
        "jeep_gladiatorf9_hood_camo_green": 75,
        "hatchback_02": 3,
        "dodgecharger_cargo2_blue": 75,
        "dodge_challenger_codriver": 75,
        "audi_rs6_abt_trunk_red": 75,
        "hatchback_02_door_2_1_black": 75,
        "rag_landrover_110": 0,
        "bronco_codriverdoor_black": 75,
        "rag_hummer_hood_anarchy": 75,
        "dodgeram_cargo1": 75,
        "dodgeram_cargo2": 75,
        "truck_01_hood_bluerust": 75,
        "rag_hummer_camo_armored": 0,
        "audi_rs6_abt_trunk_pink": 75,
        "dodge_challenger_hood_darkblue": 75,
        "audi_rs6_abt_cargo2_red": 75,
        "nissangtrcustom_trunk_black": 75,
        "rag_hummer_trunk_red": 75,
        "sedan_02_door_1_1_yellowrust": 75,
        "dodgecharger_hood_red": 75,
        "tahoe_black": 0,
        "audi_rs6_abt_cargo1": 75,
        "audi_rs6_abt_cargo2": 75,
        "chevrolet_napalmnova_hood_red": 75,
        "chevrolet_napalmnova_driverdoor_purple": 75,
        "rag_hummer_door_tan_1": 75,
        "rag_hummer_door_tan_2": 75,
        "rag_hummer_door_tan_3": 75,
        "audi_rs6_abt_cargo2_blue": 75,
        "dodgeram_boss_camoblue": 0,
        "dodgeram_driver_door_blue": 75,
        "rag_landrover_110_wheel_black": 75,
        "toyotarunner_camopink": 0,
        "runner_cargo1_boss": 75,
        "rag_landrover_110_red": 0,
        "civsedandoors_driver_blackrust": 75,
        "jeep_gladiatorf9_hood": 75,
        "rag_hummer_door_red_1": 75,
        "rag_hummer_door_red_2": 75,
        "rag_hummer_door_red_3": 75,
        "rag_hummer_door_red_4": 75,
        "gmc_trunk_2_white": 75,
        "jeep_gladiatorf9_cargo_door2_black": 75,
        "runner_driverdoor_pink": 75,
        "fc_uaz_pickup_door_hood_red": 75,
        "nissangtrnismo_trunk": 75,
        "dodgecharger_cargo2_lightblue": 75,
        "rag_landrover_110_cargo1_un": 75,
        "dodge_challenger_driver_green": 75,
        "dodgeram_hood_camoblue": 75,
        "civsedandoors_backleft_wine": 75,
        "truck_01_hood": 75,
        "toyotarunner_pink": 0,
        "nissangtr_driverdoor_black": 75,
        "runner_cargo1_blue": 75,
        "dodgeram_trunk_camored": 75,
        "hatchbacktrunk_greenrust": 75,
        "fc_uaz_pickup_door_cargo1_pink": 75,
        "headlighth7_box": 75,
        "sedan_02_door_2_2_yellowrust": 75,
        "jeep_gladiatorf9_cargo_door1_brown": 75,
        "tahoe_cargo2_blue": 75,
        "rag_hummer_trunk": 75,
        "runner_driverdoor_camored": 75,
        "runner_cargo1_camowhite": 75,
        "audi_rs6_abt_driver_pink": 75,
        "civsedanhood": 74,
        "jeep_gladiatorf9_boss_camo_red": 1,
        "tahoe_hood_blue": 75,
        "hatchback_02_door_2_2_black": 75,
        "bronco_codriverdoor": 75,
        "jeep_gladiatorf9_boss_black": 0,
        "rag_hummer_door_olive_1": 75,
        "rag_hummer_door_olive_2": 75,
        "rag_hummer_door_olive_3": 75,
        "rag_hummer_door_olive_4": 75,
        "tahoe_trunk": 75,
        "civic_yellow": 0,
        "civsedandoors_backright_black": 75,
        "audi_rs6_abt_driver_teal": 75,
        "dodgeram_cargo2_camored": 75,
        "rag_atv_black": 0,
        "jeep_gladiatorf9_hood_brown": 75,
        "offroad_02_door_2_1_rust": 75,
        "jeep_gladiatorf9_hood_camo_red": 76,
        "dodgecharger_cargo2_pink": 75,
        "jeep_gladiatorf9_cargo_door2_camo_red": 76,
        "dodgeram_driver_door_camoblack": 75,
        "dodgecharger_hood": 74,
        "fc_uaz_pickup_door_codriver_black": 75,
        "kiwi_woodencrate_01": 0,
        "dodgechargerhellcat_white": 0,
        "ford_bronco_white": 0,
        "hatchback_02_hood": 75,
        "dodgeram_cargo2_camonuke": 75,
        "tahoe_brown": 0,
        "dodgeram_cargo1_camowhite": 75,
        "jeep_gladiatorf9_codriver_door_darkred": 75,
        "nissangtrcustom_codriverdoor_lb": 75,
        "dodgeram_cargo1_green": 75,
        "bronco_hood_black": 75,
        "offroad_02_trunk": 75,
        "jeep_gladiatorf9_cargo_door2_camo_blue": 75,
        "fc_uaz_pickup_door_codriver_red": 75,
        "bronco_driverdoor_rust": 74,
        "audi_rs6_abt_cargo1_black": 75,
        "nissangtrnismo_white": 0,
        "nissangtrcustom_driverdoor_blood": 75,
        "audi_rs6_abt_cargo2_pink": 75,
        "jeepgladiator_wheel": 79,
        "jeep_gladiatorf9_cargo_door2_brown": 75,
        "sedan_02_door_1_2_yellowrust": 75,
        "gmc_wheel": 75,
        "civsedandoors_driver_whiterust": 75,
        "truck_01_covered": 5,
        "dodgeram_hood_teal": 75,
        "chevrolet_napalmnova_black": 0,
        "rag_hummer_door_1": 75,
        "rag_hummer_door_2": 75,
        "rag_hummer_door_3": 75,
        "pitbullvx_dver_1_2_tan": 75,
        "dodgeram_boss_camoblack": 0,
        "audi_rs6_abt_blue": 0,
        "dodgecharger_trunk_green": 75,
        "rag_hummer_trunk_winter": 75,
        "fc_uaz_pickup_door_driver_green": 75,
        "dodgeram_cargo1_camoblue": 75,
        "dodgecharger_driverdoor_green": 75,
        "honda_civic_codriver_green": 75,
        "audi_rs6_abt_cargo2_teal": 75,
        "gmc_codrvier_blue": 75,
        "hatchback_02_door_2_2_blue": 75,
        "dodgeram_driver_door_teal": 75,
        "runner_cargo1_pink": 75,
        "nissangtr_hood_red": 75,
        "rag_landrover_110_hood_olive": 75,
        "nissangtrnismo_codriverdoor": 75,
        "tahoe_cargo2_pink": 75,
        "runner_hood_yellow": 75,
        "tahoe_white": 0,
        "gmc_cargo1_blue": 75,
        "chevrolet_napalmnova_yellow": 0,
        "jeep_gladiatorf9_boss_brown": 0,
        "nissangtr_driverdoor_pink": 75,
        "tahoe_hood_pink": 75,
        "audi_rs6_abt_driver_red": 75,
        "tahoe_driverdoor_darkblue": 75,
        "audi_rs6_abt_trunk_green": 75,
        "sedan_02_door_1_1_greyrust": 75,
        "tahoe_hood_red": 75,
        "gmc_driverdoor_blue": 75,
        "gmc_codrvier_white": 75,
        "dodge_challenger_driver_orange": 75,
        "audi_rs6_abt_hood_yellow": 75,
        "tahoe_cargo2_lightblue": 75,
        "tahoe_driverdoor_red": 75,
        "dodgeram_cargo2_green": 75,
        "hatchbackhood_greenrust": 75,
        "hatchback_02_wheel": 75,
        "dodgeram_codriver_door_camogreen": 75,
        "dodgecharger_hood_blue": 75,
        "nissangtrnismo_codriverdoor_red": 75,
        "nissangtr_driverdoor_white": 75,
        "chevrolet_napalmnova_trunk": 75,
        "audi_rs6_abt_cargo2_black": 75,
        "civsedandoors_backleft_winerust": 75,
        "bronco_hood": 75,
        "tahoe_trunk_green": 75,
        "tahoe_cargo1_green": 75,
        "dodgeram_boss_camogreen": 0,
        "audi_rs6_abt_hood_red": 75,
        "runner_driverdoor_white": 75,
        "pitbullvx_dver_2_2_tan": 75,
        "civsedantrunk_blackrust": 75,
        "dodgeram_driver_door_camowhite": 75,
        "jeep_gladiatorf9_trunk_camo_red": 76,
        "chevrolet_napalmnova_trunk_yellow": 75,
        "sedan_02_trunk": 75,
        "chevrolet_napalmnova_hood_purple": 75,
        "pitbullvx_dver_2_2_grey": 75,
        "jeep_gladiatorf9_boss_white": 0,
        "runner_codriver_door_white": 75,
        "nissangtrcustom_blood": 0,
        "pitbullvx_dver_1_1": 75,
        "pitbullvx_dver_1_2": 75,
        "hatchback_02_door_1_2_bluerust": 75,
        "toyotarunner_camogreen": 0,
        "jeep_gladiatorf9_codriver_door_camo_blue": 75,
        "civsedantrunk_black": 75,
        "rag_atv_white": 0,
        "honda_civic_hood_redcustom": 75,
        "honda_civic_driverdoor_black": 75,
        "nissangtr_hood_green": 75,
        "rag_landrover_110_driverdoor_un": 75,
        "hatchbackdoors_driver_greenrust": 75,
        "runner_cargo1": 75,
        "runner_cargo2": 75,
        "toyotarunner_red": 0,
        "audi_rs6_abt_pink": 0,
        "rag_hummer_trunk_anarchy": 75,
        "dodge_challengersrt_green": 0,
        "fc_uaz_pickup_door_cargo2_red": 75,
        "hatchback_02_door_1_2": 75,
        "rag_hummer_anarchy_armored": 0,
        "hatchback_02_door_1_1": 75,
        "hatchback_02_door_2_2": 75,
        "rag_landrover_110_cargo1_red": 75
    }
}