{
    "m_Version": 1,
    "m_ClassName": "FOG_Vest_LV119_RG",
    "m_SkinName": "",
    "m_HealthLevel": 0,
    "m_Quantity": 0.5,
    "m_QuantityType": 64,
    "m_LiquidType": -1,
    "m_IsBloodContainer": 0,
    "m_FoodStageType": -1,
    "m_Rarity": 0,
    "m_ContainerItemsCount": 0,
    "m_ContainerItems": [],
    "m_GlobalID": [
        -2147483648,
        -2147483648,
        -2147483648,
        -2147321639
    ],
    "m_OwnerUID": "gf_QM82jTTmtFbXKbx0CT4Nx6DqmHkAYCr3Cl7fEDL0=",
    "m_Price": 1000,
    "m_ListingTime": 1742160753,
    "m_ListingState": 2,
    "m_OwnerName": "Hankeey"
}