{
    "m_Version": 2,
    "m_OwnerUID": "KciW77iSvzuIT69f2kOmY00szU2hFxcWobtAgjHg9f8=",
    "m_ClassName": "MountainBag_Orange",
    "m_SkinName": "",
    "m_HealthLevel": 1,
    "m_Quantity": 0.8999999761581421,
    "m_QuantityType": 64,
    "m_LiquidType": -1,
    "m_IsBloodContainer": 0,
    "m_FoodStageType": -1,
    "m_ContainerItemsCount": 13,
    "m_ContainerItems": [
        {
            "m_Version": 0,
            "m_OwnerUID": "KciW77iSvzuIT69f2kOmY00szU2hFxcWobtAgjHg9f8=",
            "m_ClassName": "CarpFilletMeat",
            "m_SkinName": "",
            "m_HealthLevel": 0,
            "m_Quantity": 100.0,
            "m_QuantityType": 4,
            "m_LiquidType": -1,
            "m_IsBloodContainer": 0,
            "m_FoodStageType": 3,
            "m_ContainerItemsCount": 0,
            "m_ContainerItems": [],
            "m_IsWeapon": 0,
            "m_IsMagazine": 0,
            "m_IsAttached": 0
        },
        {
            "m_Version": 0,
            "m_OwnerUID": "KciW77iSvzuIT69f2kOmY00szU2hFxcWobtAgjHg9f8=",
            "m_ClassName": "CarpFilletMeat",
            "m_SkinName": "",
            "m_HealthLevel": 0,
            "m_Quantity": 100.0,
            "m_QuantityType": 4,
            "m_LiquidType": -1,
            "m_IsBloodContainer": 0,
            "m_FoodStageType": 3,
            "m_ContainerItemsCount": 0,
            "m_ContainerItems": [],
            "m_IsWeapon": 0,
            "m_IsMagazine": 0,
            "m_IsAttached": 0
        },
        {
            "m_Version": 0,
            "m_OwnerUID": "KciW77iSvzuIT69f2kOmY00szU2hFxcWobtAgjHg9f8=",
            "m_ClassName": "CarpFilletMeat",
            "m_SkinName": "",
            "m_HealthLevel": 0,
            "m_Quantity": 100.0,
            "m_QuantityType": 4,
            "m_LiquidType": -1,
            "m_IsBloodContainer": 0,
            "m_FoodStageType": 3,
            "m_ContainerItemsCount": 0,
            "m_ContainerItems": [],
            "m_IsWeapon": 0,
            "m_IsMagazine": 0,
            "m_IsAttached": 0
        },
        {
            "m_Version": 0,
            "m_OwnerUID": "KciW77iSvzuIT69f2kOmY00szU2hFxcWobtAgjHg9f8=",
            "m_ClassName": "Lard",
            "m_SkinName": "",
            "m_HealthLevel": 0,
            "m_Quantity": 27.0,
            "m_QuantityType": 4,
            "m_LiquidType": -1,
            "m_IsBloodContainer": 0,
            "m_FoodStageType": 1,
            "m_ContainerItemsCount": 0,
            "m_ContainerItems": [],
            "m_IsWeapon": 0,
            "m_IsMagazine": 0,
            "m_IsAttached": 0
        },
        {
            "m_Version": 0,
            "m_OwnerUID": "KciW77iSvzuIT69f2kOmY00szU2hFxcWobtAgjHg9f8=",
            "m_ClassName": "Bone",
            "m_SkinName": "",
            "m_HealthLevel": 3,
            "m_Quantity": 5.0,
            "m_QuantityType": 1,
            "m_LiquidType": -1,
            "m_IsBloodContainer": 0,
            "m_FoodStageType": -1,
            "m_ContainerItemsCount": 0,
            "m_ContainerItems": [],
            "m_IsWeapon": 0,
            "m_IsMagazine": 0,
            "m_IsAttached": 0
        },
        {
            "m_Version": 0,
            "m_OwnerUID": "KciW77iSvzuIT69f2kOmY00szU2hFxcWobtAgjHg9f8=",
            "m_ClassName": "RabbitLegMeat",
            "m_SkinName": "",
            "m_HealthLevel": 0,
            "m_Quantity": 18.0,
            "m_QuantityType": 4,
            "m_LiquidType": -1,
            "m_IsBloodContainer": 0,
            "m_FoodStageType": 1,
            "m_ContainerItemsCount": 0,
            "m_ContainerItems": [],
            "m_IsWeapon": 0,
            "m_IsMagazine": 0,
            "m_IsAttached": 0
        },
        {
            "m_Version": 0,
            "m_OwnerUID": "KciW77iSvzuIT69f2kOmY00szU2hFxcWobtAgjHg9f8=",
            "m_ClassName": "Bone",
            "m_SkinName": "",
            "m_HealthLevel": 3,
            "m_Quantity": 10.0,
            "m_QuantityType": 1,
            "m_LiquidType": -1,
            "m_IsBloodContainer": 0,
            "m_FoodStageType": -1,
            "m_ContainerItemsCount": 0,
            "m_ContainerItems": [],
            "m_IsWeapon": 0,
            "m_IsMagazine": 0,
            "m_IsAttached": 0
        },
        {
            "m_Version": 0,
            "m_OwnerUID": "KciW77iSvzuIT69f2kOmY00szU2hFxcWobtAgjHg9f8=",
            "m_ClassName": "TerjeFirstAidKitIndividual_Brown",
            "m_SkinName": "",
            "m_HealthLevel": 1,
            "m_Quantity": 100.0,
            "m_QuantityType": 2,
            "m_LiquidType": -1,
            "m_IsBloodContainer": 0,
            "m_FoodStageType": -1,
            "m_ContainerItemsCount": 0,
            "m_ContainerItems": [],
            "m_IsWeapon": 0,
            "m_IsMagazine": 0,
            "m_IsAttached": 0
        },
        {
            "m_Version": 0,
            "m_OwnerUID": "KciW77iSvzuIT69f2kOmY00szU2hFxcWobtAgjHg9f8=",
            "m_ClassName": "CowSteakMeat",
            "m_SkinName": "",
            "m_HealthLevel": 0,
            "m_Quantity": 95.0,
            "m_QuantityType": 4,
            "m_LiquidType": -1,
            "m_IsBloodContainer": 0,
            "m_FoodStageType": 2,
            "m_ContainerItemsCount": 0,
            "m_ContainerItems": [],
            "m_IsWeapon": 0,
            "m_IsMagazine": 0,
            "m_IsAttached": 0
        },
        {
            "m_Version": 0,
            "m_OwnerUID": "KciW77iSvzuIT69f2kOmY00szU2hFxcWobtAgjHg9f8=",
            "m_ClassName": "FOG_FieldShorts_MC",
            "m_SkinName": "",
            "m_HealthLevel": 2,
            "m_Quantity": 0.1600000113248825,
            "m_QuantityType": 64,
            "m_LiquidType": -1,
            "m_IsBloodContainer": 0,
            "m_FoodStageType": -1,
            "m_ContainerItemsCount": 0,
            "m_ContainerItems": [],
            "m_IsWeapon": 0,
            "m_IsMagazine": 0,
            "m_IsAttached": 0
        },
        {
            "m_Version": 0,
            "m_OwnerUID": "KciW77iSvzuIT69f2kOmY00szU2hFxcWobtAgjHg9f8=",
            "m_ClassName": "M68Optic",
            "m_SkinName": "",
            "m_HealthLevel": 3,
            "m_Quantity": 0.0,
            "m_QuantityType": 0,
            "m_LiquidType": -1,
            "m_IsBloodContainer": 0,
            "m_FoodStageType": -1,
            "m_ContainerItemsCount": 0,
            "m_ContainerItems": [],
            "m_IsWeapon": 0,
            "m_IsMagazine": 0,
            "m_IsAttached": 0
        },
        {
            "m_Version": 0,
            "m_OwnerUID": "KciW77iSvzuIT69f2kOmY00szU2hFxcWobtAgjHg9f8=",
            "m_ClassName": "TerjeFirstAidKitIndividual_Black",
            "m_SkinName": "",
            "m_HealthLevel": 1,
            "m_Quantity": 100.0,
            "m_QuantityType": 2,
            "m_LiquidType": -1,
            "m_IsBloodContainer": 0,
            "m_FoodStageType": -1,
            "m_ContainerItemsCount": 0,
            "m_ContainerItems": [],
            "m_IsWeapon": 0,
            "m_IsMagazine": 0,
            "m_IsAttached": 0
        },
        {
            "m_Version": 0,
            "m_OwnerUID": "KciW77iSvzuIT69f2kOmY00szU2hFxcWobtAgjHg9f8=",
            "m_ClassName": "EpoxyPutty",
            "m_SkinName": "",
            "m_HealthLevel": 3,
            "m_Quantity": 100.0,
            "m_QuantityType": 2,
            "m_LiquidType": -1,
            "m_IsBloodContainer": 0,
            "m_FoodStageType": -1,
            "m_ContainerItemsCount": 0,
            "m_ContainerItems": [],
            "m_IsWeapon": 0,
            "m_IsMagazine": 0,
            "m_IsAttached": 0
        }
    ],
    "m_StorageID": 1,
    "m_GlobalID": [
        -2147483648,
        -2147483648,
        -2147483648,
        -2147481902
    ],
    "m_ItemSlotName": "",
    "m_StoreTime": 1737299033
}