{
    "m_Version": 1,
    "m_ClassName": "HP_Vise",
    "m_SkinName": "",
    "m_HealthLevel": 0,
    "m_Quantity": 0.0,
    "m_QuantityType": 0,
    "m_LiquidType": -1,
    "m_IsBloodContainer": 0,
    "m_FoodStageType": -1,
    "m_Rarity": 0,
    "m_ContainerItemsCount": 0,
    "m_ContainerItems": [],
    "m_GlobalID": [
        -2147483648,
        -2147483648,
        -2147483648,
        -2147357955
    ],
    "m_OwnerUID": "bd91QUU8MiWn-rhJ1vQnzH4q3f8G0TrWc8bIm-qVKf8=",
    "m_Price": 2000,
    "m_ListingTime": 1741692280,
    "m_ListingState": 2,
    "m_OwnerName": "Ka7per_UA"
}