{
    "m_Version": 1,
    "m_ClassName": "SCWS_MP7A1",
    "m_SkinName": "",
    "m_HealthLevel": 0,
    "m_Quantity": 0.0,
    "m_QuantityType": 0,
    "m_LiquidType": -1,
    "m_IsBloodContainer": 0,
    "m_FoodStageType": -1,
    "m_Rarity": 0,
    "m_ContainerItemsCount": 0,
    "m_ContainerItems": [],
    "m_GlobalID": [
        -2147483648,
        -2147483648,
        -2147483648,
        -2147319367
    ],
    "m_OwnerUID": "xANMH9JBYmWrXSxJxCh06oBAsdlWjcOGc3M1fZD35Oo=",
    "m_Price": 3500,
    "m_ListingTime": 1742196712,
    "m_ListingState": 1,
    "m_OwnerName": "Bioking"
}