<?xml version="1.0" encoding="UTF-8" standalone="yes"?>
<types>
    <type name="DNA_KeyCard_Orange">
        <nominal>0</nominal>
        <lifetime>3600</lifetime>
        <restock>0</restock>
        <min>0</min>
        <quantmin>0</quantmin>
        <quantmax>80</quantmax>
        <cost>100</cost>
        <flags count_in_cargo="0" count_in_hoarder="0" count_in_map="1" count_in_player="0" crafted="0" deloot="0" />
        <category name="tools" />
        <usage name="Tier1" />
        <value name="Tier2" />
        <value name="Tier3" />
    </type>
    <type name="DNA_KeyCard_Red">
        <nominal>0</nominal>
        <lifetime>3600</lifetime>
        <restock>0</restock>
        <min>0</min>
        <quantmin>10</quantmin>
        <quantmax>80</quantmax>
        <cost>100</cost>
        <flags count_in_cargo="0" count_in_hoarder="0" count_in_map="1" count_in_player="0" crafted="0" deloot="0" />
        <category name="tools" />
        <usage name="Tier1" />
        <value name="Tier2" />
        <value name="Tier3" />
        <value name="Tier4" />
    </type>
    <type name="DNA_KeyCard_Yellow">
        <nominal>0</nominal>
        <lifetime>3600</lifetime>
        <restock>0</restock>
        <min>0</min>
        <quantmin>10</quantmin>
        <quantmax>40</quantmax>
        <cost>100</cost>
        <flags count_in_cargo="0" count_in_hoarder="0" count_in_map="1" count_in_player="0" crafted="0" deloot="0" />
        <category name="tools" />
        <usage name="Military" />
        <usage name="Police" />
        <usage name="Tier1" />
        <value name="Tier2" />
        <value name="Tier3" />
    </type>
    <type name="DNA_KeyCard_Blank">
        <nominal>0</nominal>
        <lifetime>1800</lifetime>
        <restock>0</restock>
        <min>0</min>
        <quantmin>-1</quantmin>
        <quantmax>-1</quantmax>
        <cost>100</cost>
        <flags count_in_cargo="0" count_in_hoarder="0" count_in_map="1" count_in_player="0" crafted="0" deloot="0" />
        <category name="tools" />
    </type>
        <type name="DNA_Flux">
        <nominal>5</nominal>
        <lifetime>28800</lifetime>
        <restock>0</restock>
        <min>2</min>
        <quantmin>20</quantmin>
        <quantmax>100</quantmax>
        <cost>100</cost>
        <flags count_in_cargo="0" count_in_hoarder="0" count_in_map="1" count_in_player="0" crafted="0" deloot="0" />
        <category name="RadiationZone" />
		<tag name="floor" />
    </type>
    <type name="DNA_Solder">
        <nominal>5</nominal>
        <lifetime>28800</lifetime>
        <restock>0</restock>
        <min>2</min>
        <quantmin>20</quantmin>
        <quantmax>100</quantmax>
        <cost>100</cost>
        <flags count_in_cargo="0" count_in_hoarder="0" count_in_map="1" count_in_player="0" crafted="0" deloot="0" />
        <category name="RadiationZone" />
    </type>
    <type name="DNA_Laptop">
        <nominal>1</nominal>
        <lifetime>28800</lifetime>
        <restock>0</restock>
        <min>1</min>
        <quantmin>-1</quantmin>
        <quantmax>-1</quantmax>
        <cost>100</cost>
        <flags count_in_cargo="0" count_in_hoarder="0" count_in_map="1" count_in_player="0" crafted="0" deloot="0" />
        <category name="RadiationZone" />
    </type>
    <type name="DNA_Battery_40v">
        <nominal>3</nominal>
        <lifetime>28800</lifetime>
        <restock>0</restock>
        <min>1</min>
        <quantmin>-1</quantmin>
        <quantmax>-1</quantmax>
        <cost>100</cost>
        <flags count_in_cargo="0" count_in_hoarder="0" count_in_map="1" count_in_player="0" crafted="0" deloot="0" />
        <category name="RadiationZone" />
    </type>
    <type name="DNA_Solder_Kit">
        <nominal>1</nominal>
        <lifetime>28800</lifetime>
        <restock>0</restock>
        <min>1</min>
        <quantmin>-1</quantmin>
        <quantmax>-1</quantmax>
        <cost>100</cost>
        <flags count_in_cargo="0" count_in_hoarder="0" count_in_map="1" count_in_player="0" crafted="0" deloot="0" />
        <category name="RadiationZone" />
    </type>
    <type name="DNA_HelpingHands_Kit">
        <nominal>1</nominal>
        <lifetime>28800</lifetime>
        <restock>0</restock>
        <min>1</min>
        <quantmin>-1</quantmin>
        <quantmax>-1</quantmax>
        <cost>100</cost>
        <flags count_in_cargo="0" count_in_hoarder="0" count_in_map="1" count_in_player="0" crafted="0" deloot="0" />
        <category name="RadiationZone" />
    </type>
</types>