{
    "m_Version": 1,
    "m_ClassName": "Fabric",
    "m_SkinName": "",
    "m_HealthLevel": 2,
    "m_Quantity": 3.0,
    "m_QuantityType": 1,
    "m_LiquidType": -1,
    "m_IsBloodContainer": 0,
    "m_FoodStageType": -1,
    "m_Rarity": 0,
    "m_ContainerItemsCount": 0,
    "m_ContainerItems": [],
    "m_GlobalID": [
        -2147483648,
        -2147483648,
        -2147483648,
        -2147315409
    ],
    "m_OwnerUID": "62ZZcFkdhgJlWMxNaR2LnfPpWcFwUWS15DqnFX5Iyuo=",
    "m_Price": 1000,
    "m_ListingTime": 1742291064,
    "m_ListingState": 1,
    "m_OwnerName": "Smirnoff1984[UA]"
}