<?xml version="1.0" encoding="UTF-8" standalone="yes"?>
<types>
    <type name="FOG_FieldPants_White">
        <nominal>0</nominal>
        <lifetime>2700</lifetime>
        <restock>0</restock>
        <min>0</min>
        <quantmin>-1</quantmin>
        <quantmax>-1</quantmax>
        <cost>100</cost>
        <flags count_in_cargo="0" count_in_hoarder="0" count_in_map="1" count_in_player="0" crafted="0" deloot="0" />
        <category name="weapons" />
        <usage name="Military" />
        <value name="Tier3" />
        <value name="Tier4" />
    </type>
    <type name="FOG_Pants_Crye_G3_White">
        <nominal>1</nominal>
        <lifetime>2700</lifetime>
        <restock>0</restock>
        <min>1</min>
        <quantmin>-1</quantmin>
        <quantmax>-1</quantmax>
        <cost>100</cost>
        <flags count_in_cargo="0" count_in_hoarder="0" count_in_map="1" count_in_player="0" crafted="0" deloot="0" />
        <usage name="Military" />
        <category name="RadiationZone" />
        <value name="Tier3" />
        <value name="Tier4" />
    </type>
    <type name="FOG_G99_Pants_White">
        <nominal>1</nominal>
        <lifetime>2700</lifetime>
        <restock>0</restock>
        <min>1</min>
        <quantmin>-1</quantmin>
        <quantmax>-1</quantmax>
        <cost>100</cost>
        <flags count_in_cargo="0" count_in_hoarder="0" count_in_map="1" count_in_player="0" crafted="0" deloot="0" />
        <usage name="Military" />
        <value name="Tier4" />
    </type>
    <type name="FOG_Gorka_Pants_White">
        <nominal>0</nominal>
        <lifetime>2700</lifetime>
        <restock>0</restock>
        <min>0</min>
        <quantmin>-1</quantmin>
        <quantmax>-1</quantmax>
        <cost>100</cost>
        <flags count_in_cargo="0" count_in_hoarder="0" count_in_map="1" count_in_player="0" crafted="0" deloot="0" />
        <usage name="Military" />
        <value name="Tier3" />
        <value name="Tier4" />
    </type>
    <type name="FOG_MTF_Pants_White">
        <nominal>0</nominal>
        <lifetime>2700</lifetime>
        <restock>0</restock>
        <min>0</min>
        <quantmin>-1</quantmin>
        <quantmax>-1</quantmax>
        <cost>100</cost>
        <flags count_in_cargo="0" count_in_hoarder="0" count_in_map="1" count_in_player="0" crafted="0" deloot="0" />
        <usage name="Military" />
        <value name="Tier3" />
        <value name="Tier4" />
    </type>
    <type name="FOG_FieldPants_Grey">
        <nominal>0</nominal>
        <lifetime>3200</lifetime>
        <restock>0</restock>
        <min>0</min>
        <quantmin>-1</quantmin>
        <quantmax>-1</quantmax>
        <cost>100</cost>
        <flags count_in_cargo="0" count_in_hoarder="0" count_in_map="1" count_in_player="0" crafted="0" deloot="0" />
        <category name="clothes" />
        <usage name="Military" />
        <value name="Tier3" />
        <value name="Tier4" />
    </type>
    <type name="FOG_FieldPants_RG">
        <nominal>0</nominal>
        <lifetime>3200</lifetime>
        <restock>0</restock>
        <min>0</min>
        <quantmin>-1</quantmin>
        <quantmax>-1</quantmax>
        <cost>100</cost>
        <flags count_in_cargo="0" count_in_hoarder="0" count_in_map="1" count_in_player="0" crafted="0" deloot="0" />
        <category name="clothes" />
        <usage name="Military" />
        <value name="Tier3" />
        <value name="Tier4" />
    </type>
    <type name="FOG_FieldPants_CB">
        <nominal>0</nominal>
        <lifetime>3200</lifetime>
        <restock>0</restock>
        <min>0</min>
        <quantmin>-1</quantmin>
        <quantmax>-1</quantmax>
        <cost>100</cost>
        <flags count_in_cargo="0" count_in_hoarder="0" count_in_map="1" count_in_player="0" crafted="0" deloot="0" />
        <category name="clothes" />
        <usage name="Military" />
        <value name="Tier3" />
        <value name="Tier4" />
    </type>
    <type name="FOG_FieldPants_KHK">
        <nominal>0</nominal>
        <lifetime>3200</lifetime>
        <restock>0</restock>
        <min>0</min>
        <quantmin>-1</quantmin>
        <quantmax>-1</quantmax>
        <cost>100</cost>
        <flags count_in_cargo="0" count_in_hoarder="0" count_in_map="1" count_in_player="0" crafted="0" deloot="0" />
        <category name="clothes" />
        <usage name="Military" />
        <value name="Tier3" />
        <value name="Tier4" />
    </type>
    <type name="FOG_FieldPants_Black">
        <nominal>0</nominal>
        <lifetime>3200</lifetime>
        <restock>0</restock>
        <min>0</min>
        <quantmin>-1</quantmin>
        <quantmax>-1</quantmax>
        <cost>100</cost>
        <flags count_in_cargo="0" count_in_hoarder="0" count_in_map="1" count_in_player="0" crafted="0" deloot="0" />
        <category name="clothes" />
        <usage name="Military" />
        <value name="Tier3" />
        <value name="Tier4" />
    </type>
    <type name="FOG_FieldPants_M81">
        <nominal>0</nominal>
        <lifetime>3200</lifetime>
        <restock>0</restock>
        <min>0</min>
        <quantmin>-1</quantmin>
        <quantmax>-1</quantmax>
        <cost>100</cost>
        <flags count_in_cargo="0" count_in_hoarder="0" count_in_map="1" count_in_player="0" crafted="0" deloot="0" />
        <category name="clothes" />
        <usage name="Military" />
        <value name="Tier3" />
        <value name="Tier4" />
    </type>
    <type name="FOG_FieldPants_MC">
        <nominal>0</nominal>
        <lifetime>3200</lifetime>
        <restock>0</restock>
        <min>0</min>
        <quantmin>-1</quantmin>
        <quantmax>-1</quantmax>
        <cost>100</cost>
        <flags count_in_cargo="0" count_in_hoarder="0" count_in_map="1" count_in_player="0" crafted="0" deloot="0" />
        <category name="clothes" />
        <usage name="Military" />
        <value name="Tier3" />
        <value name="Tier4" />
    </type>
    <type name="FOG_FieldPants_MC_Ranger">
        <nominal>0</nominal>
        <lifetime>3200</lifetime>
        <restock>0</restock>
        <min>0</min>
        <quantmin>-1</quantmin>
        <quantmax>-1</quantmax>
        <cost>100</cost>
        <flags count_in_cargo="0" count_in_hoarder="0" count_in_map="1" count_in_player="0" crafted="0" deloot="0" />
        <category name="clothes" />
        <usage name="Military" />
        <value name="Tier3" />
        <value name="Tier4" />
    </type>
    <type name="FOG_FieldPants_MCB">
        <nominal>0</nominal>
        <lifetime>3200</lifetime>
        <restock>0</restock>
        <min>0</min>
        <quantmin>-1</quantmin>
        <quantmax>-1</quantmax>
        <cost>100</cost>
        <flags count_in_cargo="0" count_in_hoarder="0" count_in_map="1" count_in_player="0" crafted="0" deloot="0" />
        <category name="clothes" />
        <usage name="Military" />
        <value name="Tier3" />
        <value name="Tier4" />
    </type>
    <type name="FOG_FieldPants_UCP">
        <nominal>0</nominal>
        <lifetime>3200</lifetime>
        <restock>0</restock>
        <min>0</min>
        <quantmin>-1</quantmin>
        <quantmax>-1</quantmax>
        <cost>100</cost>
        <flags count_in_cargo="0" count_in_hoarder="0" count_in_map="1" count_in_player="0" crafted="0" deloot="0" />
        <category name="clothes" />
        <usage name="Military" />
        <value name="Tier3" />
        <value name="Tier4" />
    </type>
    <type name="FOG_FieldPants_AOR1">
        <nominal>0</nominal>
        <lifetime>3200</lifetime>
        <restock>0</restock>
        <min>0</min>
        <quantmin>-1</quantmin>
        <quantmax>-1</quantmax>
        <cost>100</cost>
        <flags count_in_cargo="0" count_in_hoarder="0" count_in_map="1" count_in_player="0" crafted="0" deloot="0" />
        <category name="clothes" />
        <usage name="Military" />
        <value name="Tier3" />
        <value name="Tier4" />
    </type>
    <type name="FOG_FieldPants_AOR2">
        <nominal>0</nominal>
        <lifetime>3200</lifetime>
        <restock>0</restock>
        <min>0</min>
        <quantmin>-1</quantmin>
        <quantmax>-1</quantmax>
        <cost>100</cost>
        <flags count_in_cargo="0" count_in_hoarder="0" count_in_map="1" count_in_player="0" crafted="0" deloot="0" />
        <category name="clothes" />
        <usage name="Military" />
        <value name="Tier3" />
        <value name="Tier4" />
    </type>
    <type name="FOG_MTF_Pants_Black">
        <nominal>0</nominal>
        <lifetime>3200</lifetime>
        <restock>0</restock>
        <min>0</min>
        <quantmin>-1</quantmin>
        <quantmax>-1</quantmax>
        <cost>100</cost>
        <flags count_in_cargo="0" count_in_hoarder="0" count_in_map="1" count_in_player="0" crafted="0" deloot="0" />
        <category name="clothes" />
        <usage name="Military" />
        <value name="Tier3" />
        <value name="Tier4" />
    </type>
    <type name="FOG_MTF_Pants_Blue">
        <nominal>0</nominal>
        <lifetime>3200</lifetime>
        <restock>0</restock>
        <min>0</min>
        <quantmin>-1</quantmin>
        <quantmax>-1</quantmax>
        <cost>100</cost>
        <flags count_in_cargo="0" count_in_hoarder="0" count_in_map="1" count_in_player="0" crafted="0" deloot="0" />
        <category name="clothes" />
        <usage name="Military" />
        <value name="Tier3" />
        <value name="Tier4" />
    </type>
    <type name="FOG_MTF_Pants_OD">
        <nominal>0</nominal>
        <lifetime>3200</lifetime>
        <restock>0</restock>
        <min>0</min>
        <quantmin>-1</quantmin>
        <quantmax>-1</quantmax>
        <cost>100</cost>
        <flags count_in_cargo="0" count_in_hoarder="0" count_in_map="1" count_in_player="0" crafted="0" deloot="0" />
        <category name="clothes" />
        <usage name="Military" />
        <value name="Tier3" />
        <value name="Tier4" />
    </type>
    <type name="FOG_MTF_Pants_KHK">
        <nominal>0</nominal>
        <lifetime>3200</lifetime>
        <restock>0</restock>
        <min>0</min>
        <quantmin>-1</quantmin>
        <quantmax>-1</quantmax>
        <cost>100</cost>
        <flags count_in_cargo="0" count_in_hoarder="0" count_in_map="1" count_in_player="0" crafted="0" deloot="0" />
        <category name="clothes" />
        <usage name="Military" />
        <value name="Tier3" />
        <value name="Tier4" />
    </type>
    <type name="FOG_UFP_Pants_MCB">
        <nominal>0</nominal>
        <lifetime>3200</lifetime>
        <restock>0</restock>
        <min>0</min>
        <quantmin>-1</quantmin>
        <quantmax>-1</quantmax>
        <cost>100</cost>
        <flags count_in_cargo="0" count_in_hoarder="0" count_in_map="1" count_in_player="0" crafted="0" deloot="0" />
        <category name="clothes" />
        <usage name="Military" />
        <value name="Tier3" />
        <value name="Tier4" />
    </type>
    <type name="FOG_UFP_Pants_Cum">
        <nominal>0</nominal>
        <lifetime>3200</lifetime>
        <restock>0</restock>
        <min>0</min>
        <quantmin>-1</quantmin>
        <quantmax>-1</quantmax>
        <cost>100</cost>
        <flags count_in_cargo="0" count_in_hoarder="0" count_in_map="1" count_in_player="0" crafted="0" deloot="0" />
        <category name="clothes" />
        <usage name="Military" />
        <value name="Tier3" />
        <value name="Tier4" />
    </type>
    <type name="FOG_UFP_Pants_OD">
        <nominal>0</nominal>
        <lifetime>3200</lifetime>
        <restock>0</restock>
        <min>0</min>
        <quantmin>-1</quantmin>
        <quantmax>-1</quantmax>
        <cost>100</cost>
        <flags count_in_cargo="0" count_in_hoarder="0" count_in_map="1" count_in_player="0" crafted="0" deloot="0" />
        <category name="clothes" />
        <usage name="Military" />
        <value name="Tier3" />
        <value name="Tier4" />
    </type>
    <type name="FOG_Pants_Crye_G3_ALPF">
        <nominal>1</nominal>
        <lifetime>3200</lifetime>
        <restock>0</restock>
        <min>1</min>
        <quantmin>-1</quantmin>
        <quantmax>-1</quantmax>
        <cost>100</cost>
        <flags count_in_cargo="0" count_in_hoarder="0" count_in_map="1" count_in_player="0" crafted="0" deloot="0" />
        <category name="clothes" />
        <usage name="Military" />
        <value name="Tier3" />
        <value name="Tier4" />
    </type>
    <type name="FOG_Pants_Crye_G3_AMCU">
        <nominal>1</nominal>
        <lifetime>3200</lifetime>
        <restock>0</restock>
        <min>1</min>
        <quantmin>-1</quantmin>
        <quantmax>-1</quantmax>
        <cost>100</cost>
        <flags count_in_cargo="0" count_in_hoarder="0" count_in_map="1" count_in_player="0" crafted="0" deloot="0" />
        <category name="clothes" />
        <usage name="Military" />
        <value name="Tier3" />
        <value name="Tier4" />
    </type>
    <type name="FOG_Pants_Crye_G3_Blue">
        <nominal>0</nominal>
        <lifetime>3200</lifetime>
        <restock>0</restock>
        <min>0</min>
        <quantmin>-1</quantmin>
        <quantmax>-1</quantmax>
        <cost>100</cost>
        <flags count_in_cargo="0" count_in_hoarder="0" count_in_map="1" count_in_player="0" crafted="0" deloot="0" />
        <category name="clothes" />
        <usage name="Military" />
        <value name="Tier3" />
        <value name="Tier4" />
    </type>
    <type name="FOG_Pants_Crye_G3_DNC">
        <nominal>1</nominal>
        <lifetime>3200</lifetime>
        <restock>0</restock>
        <min>1</min>
        <quantmin>-1</quantmin>
        <quantmax>-1</quantmax>
        <cost>100</cost>
        <flags count_in_cargo="0" count_in_hoarder="0" count_in_map="1" count_in_player="0" crafted="0" deloot="0" />
        <category name="clothes" />
        <usage name="Military" />
        <value name="Tier3" />
        <value name="Tier4" />
    </type>
    <type name="FOG_Pants_Crye_G3_DPM">
        <nominal>0</nominal>
        <lifetime>3200</lifetime>
        <restock>0</restock>
        <min>0</min>
        <quantmin>-1</quantmin>
        <quantmax>-1</quantmax>
        <cost>100</cost>
        <flags count_in_cargo="0" count_in_hoarder="0" count_in_map="1" count_in_player="0" crafted="0" deloot="0" />
        <category name="clothes" />
        <usage name="Military" />
        <value name="Tier3" />
        <value name="Tier4" />
    </type>
    <type name="FOG_Pants_Crye_G3_ERDL_RED">
        <nominal>0</nominal>
        <lifetime>3200</lifetime>
        <restock>0</restock>
        <min>0</min>
        <quantmin>-1</quantmin>
        <quantmax>-1</quantmax>
        <cost>100</cost>
        <flags count_in_cargo="0" count_in_hoarder="0" count_in_map="1" count_in_player="0" crafted="0" deloot="0" />
        <category name="clothes" />
        <usage name="Military" />
        <value name="Tier3" />
        <value name="Tier4" />
    </type>
    <type name="FOG_Pants_Crye_G3_KHK">
        <nominal>1</nominal>
        <lifetime>3200</lifetime>
        <restock>0</restock>
        <min>1</min>
        <quantmin>-1</quantmin>
        <quantmax>-1</quantmax>
        <cost>100</cost>
        <flags count_in_cargo="0" count_in_hoarder="0" count_in_map="1" count_in_player="0" crafted="0" deloot="0" />
        <category name="clothes" />
        <usage name="Military" />
        <value name="Tier3" />
        <value name="Tier4" />
    </type>
    <type name="FOG_Pants_Crye_G3_MC_BlackTrim">
        <nominal>0</nominal>
        <lifetime>3200</lifetime>
        <restock>0</restock>
        <min>0</min>
        <quantmin>-1</quantmin>
        <quantmax>-1</quantmax>
        <cost>100</cost>
        <flags count_in_cargo="0" count_in_hoarder="0" count_in_map="1" count_in_player="0" crafted="0" deloot="0" />
        <category name="clothes" />
        <usage name="Military" />
        <value name="Tier3" />
        <value name="Tier4" />
    </type>
    <type name="FOG_Pants_Crye_G3_MC_FRACU">
        <nominal>0</nominal>
        <lifetime>3200</lifetime>
        <restock>0</restock>
        <min>0</min>
        <quantmin>-1</quantmin>
        <quantmax>-1</quantmax>
        <cost>100</cost>
        <flags count_in_cargo="0" count_in_hoarder="0" count_in_map="1" count_in_player="0" crafted="0" deloot="0" />
        <category name="clothes" />
        <usage name="Military" />
        <value name="Tier3" />
        <value name="Tier4" />
    </type>
    <type name="FOG_Pants_Crye_G3_Pantera">
        <nominal>0</nominal>
        <lifetime>3200</lifetime>
        <restock>0</restock>
        <min>0</min>
        <quantmin>-1</quantmin>
        <quantmax>-1</quantmax>
        <cost>100</cost>
        <flags count_in_cargo="0" count_in_hoarder="0" count_in_map="1" count_in_player="0" crafted="0" deloot="0" />
        <category name="clothes" />
        <usage name="Military" />
        <value name="Tier3" />
        <value name="Tier4" />
    </type>
    <type name="FOG_Pants_Crye_G3_RG_BlackTrim">
        <nominal>0</nominal>
        <lifetime>3200</lifetime>
        <restock>0</restock>
        <min>0</min>
        <quantmin>-1</quantmin>
        <quantmax>-1</quantmax>
        <cost>100</cost>
        <flags count_in_cargo="0" count_in_hoarder="0" count_in_map="1" count_in_player="0" crafted="0" deloot="0" />
        <category name="clothes" />
        <usage name="Military" />
        <value name="Tier3" />
        <value name="Tier4" />
    </type>
    <type name="FOG_Pants_Crye_G3_BTGR">
        <nominal>0</nominal>
        <lifetime>3200</lifetime>
        <restock>0</restock>
        <min>0</min>
        <quantmin>-1</quantmin>
        <quantmax>-1</quantmax>
        <cost>100</cost>
        <flags count_in_cargo="0" count_in_hoarder="0" count_in_map="1" count_in_player="0" crafted="0" deloot="0" />
        <category name="clothes" />
        <usage name="Military" />
        <value name="Tier3" />
        <value name="Tier4" />
    </type>
    <type name="FOG_Pants_Crye_G3_RTGR">
        <nominal>0</nominal>
        <lifetime>3200</lifetime>
        <restock>0</restock>
        <min>0</min>
        <quantmin>-1</quantmin>
        <quantmax>-1</quantmax>
        <cost>100</cost>
        <flags count_in_cargo="0" count_in_hoarder="0" count_in_map="1" count_in_player="0" crafted="0" deloot="0" />
        <category name="clothes" />
        <usage name="Military" />
        <value name="Tier3" />
        <value name="Tier4" />
    </type>
    <type name="FOG_Pants_Crye_G3_KBTGR">
        <nominal>0</nominal>
        <lifetime>3200</lifetime>
        <restock>0</restock>
        <min>0</min>
        <quantmin>-1</quantmin>
        <quantmax>-1</quantmax>
        <cost>100</cost>
        <flags count_in_cargo="0" count_in_hoarder="0" count_in_map="1" count_in_player="0" crafted="0" deloot="0" />
        <category name="clothes" />
        <usage name="Military" />
        <value name="Tier3" />
        <value name="Tier4" />
    </type>
    <type name="FOG_Pants_Crye_G3_UCP">
        <nominal>0</nominal>
        <lifetime>3200</lifetime>
        <restock>0</restock>
        <min>0</min>
        <quantmin>-1</quantmin>
        <quantmax>-1</quantmax>
        <cost>100</cost>
        <flags count_in_cargo="0" count_in_hoarder="0" count_in_map="1" count_in_player="0" crafted="0" deloot="0" />
        <category name="clothes" />
        <usage name="Military" />
        <value name="Tier3" />
        <value name="Tier4" />
    </type>
    <type name="FOG_G99_Pants_Black">
        <nominal>1</nominal>
        <lifetime>3200</lifetime>
        <restock>0</restock>
        <min>1</min>
        <quantmin>-1</quantmin>
        <quantmax>-1</quantmax>
        <cost>100</cost>
        <flags count_in_cargo="0" count_in_hoarder="0" count_in_map="1" count_in_player="0" crafted="0" deloot="0" />
        <category name="clothes" />
        <usage name="Military" />
        <value name="Tier4" />
    </type>
    <type name="FOG_G99_Pants_CB">
        <nominal>1</nominal>
        <lifetime>3200</lifetime>
        <restock>0</restock>
        <min>1</min>
        <quantmin>-1</quantmin>
        <quantmax>-1</quantmax>
        <cost>100</cost>
        <flags count_in_cargo="0" count_in_hoarder="0" count_in_map="1" count_in_player="0" crafted="0" deloot="0" />
        <category name="clothes" />
        <usage name="Military" />
        <value name="Tier4" />
    </type>
    <type name="FOG_G99_Pants_RG">
        <nominal>1</nominal>
        <lifetime>3200</lifetime>
        <restock>0</restock>
        <min>1</min>
        <quantmin>-1</quantmin>
        <quantmax>-1</quantmax>
        <cost>100</cost>
        <flags count_in_cargo="0" count_in_hoarder="0" count_in_map="1" count_in_player="0" crafted="0" deloot="0" />
        <category name="clothes" />
        <usage name="Military" />
        <value name="Tier4" />
    </type>
    <type name="FOG_G99_Pants_M81">
        <nominal>1</nominal>
        <lifetime>3200</lifetime>
        <restock>0</restock>
        <min>1</min>
        <quantmin>-1</quantmin>
        <quantmax>-1</quantmax>
        <cost>100</cost>
        <flags count_in_cargo="0" count_in_hoarder="0" count_in_map="1" count_in_player="0" crafted="0" deloot="0" />
        <category name="clothes" />
        <category name="RadiationZone" />
        <usage name="Military" />
        <value name="Tier4" />
    </type>
    <type name="FOG_UFP_Pants_6CD">
        <nominal>0</nominal>
        <lifetime>3200</lifetime>
        <restock>0</restock>
        <min>0</min>
        <quantmin>-1</quantmin>
        <quantmax>-1</quantmax>
        <cost>100</cost>
        <flags count_in_cargo="0" count_in_hoarder="0" count_in_map="1" count_in_player="0" crafted="0" deloot="0" />
        <category name="clothes" />
        <usage name="Military" />
        <value name="Tier3" />
        <value name="Tier4" />
    </type>
    <type name="FOG_UFP_Pants_ALP">
        <nominal>0</nominal>
        <lifetime>3200</lifetime>
        <restock>0</restock>
        <min>0</min>
        <quantmin>-1</quantmin>
        <quantmax>-1</quantmax>
        <cost>100</cost>
        <flags count_in_cargo="0" count_in_hoarder="0" count_in_map="1" count_in_player="0" crafted="0" deloot="0" />
        <category name="clothes" />
        <usage name="Military" />
        <value name="Tier3" />
        <value name="Tier4" />
    </type>
    <type name="FOG_UFP_Pants_Black">
        <nominal>0</nominal>
        <lifetime>3200</lifetime>
        <restock>0</restock>
        <min>0</min>
        <quantmin>-1</quantmin>
        <quantmax>-1</quantmax>
        <cost>100</cost>
        <flags count_in_cargo="0" count_in_hoarder="0" count_in_map="1" count_in_player="0" crafted="0" deloot="0" />
        <category name="clothes" />
        <usage name="Military" />
        <value name="Tier3" />
        <value name="Tier4" />
    </type>
    <type name="FOG_UFP_Pants_DCU">
        <nominal>0</nominal>
        <lifetime>3200</lifetime>
        <restock>0</restock>
        <min>0</min>
        <quantmin>-1</quantmin>
        <quantmax>-1</quantmax>
        <cost>100</cost>
        <flags count_in_cargo="0" count_in_hoarder="0" count_in_map="1" count_in_player="0" crafted="0" deloot="0" />
        <category name="clothes" />
        <usage name="Military" />
        <value name="Tier3" />
        <value name="Tier4" />
    </type>
    <type name="FOG_UFP_Pants_Grey">
        <nominal>0</nominal>
        <lifetime>3200</lifetime>
        <restock>0</restock>
        <min>0</min>
        <quantmin>-1</quantmin>
        <quantmax>-1</quantmax>
        <cost>100</cost>
        <flags count_in_cargo="0" count_in_hoarder="0" count_in_map="1" count_in_player="0" crafted="0" deloot="0" />
        <category name="clothes" />
        <usage name="Military" />
        <value name="Tier3" />
        <value name="Tier4" />
    </type>
    <type name="FOG_UFP_Pants_M81">
        <nominal>0</nominal>
        <lifetime>3200</lifetime>
        <restock>0</restock>
        <min>0</min>
        <quantmin>-1</quantmin>
        <quantmax>-1</quantmax>
        <cost>100</cost>
        <flags count_in_cargo="0" count_in_hoarder="0" count_in_map="1" count_in_player="0" crafted="0" deloot="0" />
        <category name="clothes" />
        <usage name="Military" />
        <value name="Tier3" />
        <value name="Tier4" />
    </type>
    <type name="FOG_UFP_Pants_MC">
        <nominal>0</nominal>
        <lifetime>3200</lifetime>
        <restock>0</restock>
        <min>0</min>
        <quantmin>-1</quantmin>
        <quantmax>-1</quantmax>
        <cost>100</cost>
        <flags count_in_cargo="0" count_in_hoarder="0" count_in_map="1" count_in_player="0" crafted="0" deloot="0" />
        <category name="clothes" />
        <usage name="Military" />
        <value name="Tier3" />
        <value name="Tier4" />
    </type>
    <type name="FOG_UFP_Pants_RG">
        <nominal>0</nominal>
        <lifetime>3200</lifetime>
        <restock>0</restock>
        <min>0</min>
        <quantmin>-1</quantmin>
        <quantmax>-1</quantmax>
        <cost>100</cost>
        <flags count_in_cargo="0" count_in_hoarder="0" count_in_map="1" count_in_player="0" crafted="0" deloot="0" />
        <category name="clothes" />
        <usage name="Military" />
        <value name="Tier3" />
        <value name="Tier4" />
    </type>
    <type name="FOG_UFP_Pants_Tan">
        <nominal>0</nominal>
        <lifetime>3200</lifetime>
        <restock>0</restock>
        <min>0</min>
        <quantmin>-1</quantmin>
        <quantmax>-1</quantmax>
        <cost>100</cost>
        <flags count_in_cargo="0" count_in_hoarder="0" count_in_map="1" count_in_player="0" crafted="0" deloot="0" />
        <category name="clothes" />
        <usage name="Military" />
        <value name="Tier3" />
        <value name="Tier4" />
    </type>
    <type name="FOG_UFP_Pants_Urban">
        <nominal>0</nominal>
        <lifetime>3200</lifetime>
        <restock>0</restock>
        <min>0</min>
        <quantmin>-1</quantmin>
        <quantmax>-1</quantmax>
        <cost>100</cost>
        <flags count_in_cargo="0" count_in_hoarder="0" count_in_map="1" count_in_player="0" crafted="0" deloot="0" />
        <category name="clothes" />
        <usage name="Military" />
        <value name="Tier3" />
        <value name="Tier4" />
    </type>
    <type name="FOG_UFP_Pants_White">
        <nominal>0</nominal>
        <lifetime>3200</lifetime>
        <restock>0</restock>
        <min>0</min>
        <quantmin>-1</quantmin>
        <quantmax>-1</quantmax>
        <cost>100</cost>
        <flags count_in_cargo="0" count_in_hoarder="0" count_in_map="1" count_in_player="0" crafted="0" deloot="0" />
        <category name="clothes" />
        <usage name="Military" />
        <value name="Tier3" />
        <value name="Tier4" />
    </type>
    <type name="FOG_BDU_Pants_Black">
        <nominal>0</nominal>
        <lifetime>3200</lifetime>
        <restock>0</restock>
        <min>0</min>
        <quantmin>-1</quantmin>
        <quantmax>-1</quantmax>
        <cost>100</cost>
        <flags count_in_cargo="0" count_in_hoarder="0" count_in_map="1" count_in_player="0" crafted="0" deloot="0" />
        <category name="clothes" />
        <usage name="Military" />
        <value name="Tier3" />
        <value name="Tier4" />
    </type>
    <type name="FOG_BDU_Pants_RG">
        <nominal>0</nominal>
        <lifetime>3200</lifetime>
        <restock>0</restock>
        <min>0</min>
        <quantmin>-1</quantmin>
        <quantmax>-1</quantmax>
        <cost>100</cost>
        <flags count_in_cargo="0" count_in_hoarder="0" count_in_map="1" count_in_player="0" crafted="0" deloot="0" />
        <category name="clothes" />
        <usage name="Military" />
        <value name="Tier3" />
        <value name="Tier4" />
    </type>
    <type name="FOG_BDU_Pants_Tan">
        <nominal>0</nominal>
        <lifetime>3200</lifetime>
        <restock>0</restock>
        <min>0</min>
        <quantmin>-1</quantmin>
        <quantmax>-1</quantmax>
        <cost>100</cost>
        <flags count_in_cargo="0" count_in_hoarder="0" count_in_map="1" count_in_player="0" crafted="0" deloot="0" />
        <category name="clothes" />
        <usage name="Military" />
        <value name="Tier3" />
        <value name="Tier4" />
    </type>
    <type name="FOG_Pants_Crye_G3_M81">
        <nominal>0</nominal>
        <lifetime>14400</lifetime>
        <restock>3200</restock>
        <min>0</min>
        <quantmin>-1</quantmin>
        <quantmax>-1</quantmax>
        <cost>100</cost>
        <flags count_in_cargo="0" count_in_hoarder="0" count_in_map="1" count_in_player="0" crafted="0" deloot="0" />
        <category name="clothes" />
        <usage name="Military" />
        <value name="Tier3" />
        <value name="Tier4" />
    </type>
    <type name="FOG_Pants_Crye_G3_Black">
        <nominal>0</nominal>
        <lifetime>14400</lifetime>
        <restock>3200</restock>
        <min>0</min>
        <quantmin>-1</quantmin>
        <quantmax>-1</quantmax>
        <cost>100</cost>
        <flags count_in_cargo="0" count_in_hoarder="0" count_in_map="1" count_in_player="0" crafted="0" deloot="0" />
        <category name="clothes" />
        <usage name="Military" />
        <value name="Tier3" />
        <value name="Tier4" />
    </type>
    <type name="FOG_Pants_Crye_G3_MC">
        <nominal>0</nominal>
        <lifetime>14400</lifetime>
        <restock>3200</restock>
        <min>0</min>
        <quantmin>-1</quantmin>
        <quantmax>-1</quantmax>
        <cost>100</cost>
        <flags count_in_cargo="0" count_in_hoarder="0" count_in_map="1" count_in_player="0" crafted="0" deloot="0" />
        <category name="clothes" />
        <usage name="Military" />
        <value name="Tier3" />
        <value name="Tier4" />
    </type>
    <type name="FOG_Pants_Crye_G3_MCB">
        <nominal>0</nominal>
        <lifetime>14400</lifetime>
        <restock>3200</restock>
        <min>0</min>
        <quantmin>-1</quantmin>
        <quantmax>-1</quantmax>
        <cost>100</cost>
        <flags count_in_cargo="0" count_in_hoarder="0" count_in_map="1" count_in_player="0" crafted="0" deloot="0" />
        <category name="clothes" />
        <usage name="Military" />
        <value name="Tier3" />
        <value name="Tier4" />
    </type>
    <type name="FOG_Pants_Crye_G3_GTiger">
        <nominal>0</nominal>
        <lifetime>14400</lifetime>
        <restock>3200</restock>
        <min>0</min>
        <quantmin>-1</quantmin>
        <quantmax>-1</quantmax>
        <cost>100</cost>
        <flags count_in_cargo="0" count_in_hoarder="0" count_in_map="1" count_in_player="0" crafted="0" deloot="0" />
        <category name="clothes" />
        <usage name="Military" />
        <value name="Tier3" />
        <value name="Tier4" />
    </type>
    <type name="FOG_Pants_Crye_G3_AOR1">
        <nominal>0</nominal>
        <lifetime>14400</lifetime>
        <restock>3200</restock>
        <min>0</min>
        <quantmin>-1</quantmin>
        <quantmax>-1</quantmax>
        <cost>100</cost>
        <flags count_in_cargo="0" count_in_hoarder="0" count_in_map="1" count_in_player="0" crafted="0" deloot="0" />
        <category name="clothes" />
        <usage name="Military" />
        <value name="Tier3" />
        <value name="Tier4" />
    </type>
    <type name="FOG_Pants_Crye_G3_AOR2">
        <nominal>0</nominal>
        <lifetime>14400</lifetime>
        <restock>3200</restock>
        <min>0</min>
        <quantmin>-1</quantmin>
        <quantmax>-1</quantmax>
        <cost>100</cost>
        <flags count_in_cargo="0" count_in_hoarder="0" count_in_map="1" count_in_player="0" crafted="0" deloot="0" />
        <category name="clothes" />
        <usage name="Military" />
        <value name="Tier3" />
        <value name="Tier4" />
    </type>
    <type name="FOG_Pants_Crye_G3_CB">
        <nominal>0</nominal>
        <lifetime>14400</lifetime>
        <restock>3200</restock>
        <min>0</min>
        <quantmin>-1</quantmin>
        <quantmax>-1</quantmax>
        <cost>100</cost>
        <flags count_in_cargo="0" count_in_hoarder="0" count_in_map="1" count_in_player="0" crafted="0" deloot="0" />
        <category name="clothes" />
        <usage name="Military" />
        <value name="Tier3" />
        <value name="Tier4" />
    </type>
    <type name="FOG_Pants_Crye_G3_RG">
        <nominal>0</nominal>
        <lifetime>14400</lifetime>
        <restock>3200</restock>
        <min>0</min>
        <quantmin>-1</quantmin>
        <quantmax>-1</quantmax>
        <cost>100</cost>
        <flags count_in_cargo="0" count_in_hoarder="0" count_in_map="1" count_in_player="0" crafted="0" deloot="0" />
        <category name="clothes" />
        <usage name="Military" />
        <value name="Tier3" />
        <value name="Tier4" />
    </type>
    <type name="FOG_Pants_Crye_G3_Grey">
        <nominal>0</nominal>
        <lifetime>14400</lifetime>
        <restock>3200</restock>
        <min>0</min>
        <quantmin>-1</quantmin>
        <quantmax>-1</quantmax>
        <cost>100</cost>
        <flags count_in_cargo="0" count_in_hoarder="0" count_in_map="1" count_in_player="0" crafted="0" deloot="0" />
        <category name="clothes" />
        <usage name="Military" />
        <value name="Tier3" />
        <value name="Tier4" />
    </type>
    <type name="FOG_Pants_Crye_G3_DTGR">
        <nominal>0</nominal>
        <lifetime>14400</lifetime>
        <restock>3200</restock>
        <min>0</min>
        <quantmin>-1</quantmin>
        <quantmax>-1</quantmax>
        <cost>100</cost>
        <flags count_in_cargo="0" count_in_hoarder="0" count_in_map="1" count_in_player="0" crafted="0" deloot="0" />
        <category name="clothes" />
        <usage name="Military" />
        <value name="Tier3" />
        <value name="Tier4" />
    </type>
    <type name="FOG_Pants_Crye_G3_MARPAT">
        <nominal>0</nominal>
        <lifetime>14400</lifetime>
        <restock>3200</restock>
        <min>0</min>
        <quantmin>-1</quantmin>
        <quantmax>-1</quantmax>
        <cost>100</cost>
        <flags count_in_cargo="0" count_in_hoarder="0" count_in_map="1" count_in_player="0" crafted="0" deloot="0" />
        <category name="clothes" />
        <usage name="Military" />
        <value name="Tier3" />
        <value name="Tier4" />
    </type>
    <type name="FOG_Pants_Crye_G3_MCA">
        <nominal>1</nominal>
        <lifetime>14400</lifetime>
        <restock>3200</restock>
        <min>1</min>
        <quantmin>-1</quantmin>
        <quantmax>-1</quantmax>
        <cost>100</cost>
        <flags count_in_cargo="0" count_in_hoarder="0" count_in_map="1" count_in_player="0" crafted="0" deloot="0" />
        <category name="clothes" />
        <usage name="Military" />
        <value name="Tier3" />
        <value name="Tier4" />
    </type>
    <type name="FOG_Pants_Crye_G3_MCAL">
        <nominal>1</nominal>
        <lifetime>14400</lifetime>
        <restock>3200</restock>
        <min>1</min>
        <quantmin>-1</quantmin>
        <quantmax>-1</quantmax>
        <cost>100</cost>
        <flags count_in_cargo="0" count_in_hoarder="0" count_in_map="1" count_in_player="0" crafted="0" deloot="0" />
        <category name="clothes" />
        <usage name="Military" />
        <value name="Tier3" />
        <value name="Tier4" />
    </type>
    <type name="FOG_Pants_Crye_G3_MCT">
        <nominal>1</nominal>
        <lifetime>14400</lifetime>
        <restock>3200</restock>
        <min>1</min>
        <quantmin>-1</quantmin>
        <quantmax>-1</quantmax>
        <cost>100</cost>
        <flags count_in_cargo="0" count_in_hoarder="0" count_in_map="1" count_in_player="0" crafted="0" deloot="0" />
        <category name="clothes" />
        <usage name="Military" />
        <value name="Tier3" />
        <value name="Tier4" />
    </type>
    <type name="FOG_Pants_Crye_G3_RDBS">
        <nominal>1</nominal>
        <lifetime>14400</lifetime>
        <restock>3200</restock>
        <min>1</min>
        <quantmin>-1</quantmin>
        <quantmax>-1</quantmax>
        <cost>100</cost>
        <flags count_in_cargo="0" count_in_hoarder="0" count_in_map="1" count_in_player="0" crafted="0" deloot="0" />
        <category name="clothes" />
        <usage name="Military" />
        <value name="Tier3" />
        <value name="Tier4" />
    </type>
    <type name="FOG_Gorka_Pants_Khaki">
        <nominal>0</nominal>
        <lifetime>14400</lifetime>
        <restock>3200</restock>
        <min>0</min>
        <quantmin>-1</quantmin>
        <quantmax>-1</quantmax>
        <cost>100</cost>
        <flags count_in_cargo="0" count_in_hoarder="0" count_in_map="1" count_in_player="0" crafted="0" deloot="0" />
        <category name="clothes" />
        <usage name="Military" />
        <value name="Tier3" />
        <value name="Tier4" />
    </type>
    <type name="FOG_Gorka_Pants_Black">
        <nominal>0</nominal>
        <lifetime>14400</lifetime>
        <restock>3200</restock>
        <min>0</min>
        <quantmin>-1</quantmin>
        <quantmax>-1</quantmax>
        <cost>100</cost>
        <flags count_in_cargo="0" count_in_hoarder="0" count_in_map="1" count_in_player="0" crafted="0" deloot="0" />
        <category name="clothes" />
        <usage name="Military" />
        <value name="Tier3" />
        <value name="Tier4" />
    </type>
    <type name="FOG_MTF_Pants_Grey">
        <nominal>1</nominal>
        <lifetime>14400</lifetime>
        <restock>3200</restock>
        <min>1</min>
        <quantmin>-1</quantmin>
        <quantmax>-1</quantmax>
        <cost>100</cost>
        <flags count_in_cargo="0" count_in_hoarder="0" count_in_map="1" count_in_player="0" crafted="0" deloot="0" />
        <category name="clothes" />
        <usage name="Military" />
        <value name="Tier3" />
        <value name="Tier4" />
    </type>
    <type name="FOG_MTF_Pants_RG">
        <nominal>1</nominal>
        <lifetime>14400</lifetime>
        <restock>3200</restock>
        <min>1</min>
        <quantmin>-1</quantmin>
        <quantmax>-1</quantmax>
        <cost>100</cost>
        <flags count_in_cargo="0" count_in_hoarder="0" count_in_map="1" count_in_player="0" crafted="0" deloot="0" />
        <category name="clothes" />
        <usage name="Military" />
        <value name="Tier3" />
        <value name="Tier4" />
    </type>
    <type name="FOG_MTF_Pants_CB">
        <nominal>1</nominal>
        <lifetime>14400</lifetime>
        <restock>3200</restock>
        <min>1</min>
        <quantmin>-1</quantmin>
        <quantmax>-1</quantmax>
        <cost>100</cost>
        <flags count_in_cargo="0" count_in_hoarder="0" count_in_map="1" count_in_player="0" crafted="0" deloot="0" />
        <category name="clothes" />
        <usage name="Military" />
        <value name="Tier3" />
        <value name="Tier4" />
    </type>
    <type name="FOG_MTF_Pants_ERDL">
        <nominal>1</nominal>
        <lifetime>14400</lifetime>
        <restock>3200</restock>
        <min>1</min>
        <quantmin>-1</quantmin>
        <quantmax>-1</quantmax>
        <cost>100</cost>
        <flags count_in_cargo="0" count_in_hoarder="0" count_in_map="1" count_in_player="0" crafted="0" deloot="0" />
        <category name="clothes" />
        <usage name="Military" />
        <value name="Tier3" />
        <value name="Tier4" />
    </type>
    <type name="FOG_MTF_Pants_MC">
        <nominal>1</nominal>
        <lifetime>14400</lifetime>
        <restock>3200</restock>
        <min>1</min>
        <quantmin>-1</quantmin>
        <quantmax>-1</quantmax>
        <cost>100</cost>
        <flags count_in_cargo="0" count_in_hoarder="0" count_in_map="1" count_in_player="0" crafted="0" deloot="0" />
        <category name="clothes" />
        <usage name="Military" />
        <value name="Tier3" />
        <value name="Tier4" />
    </type>
    <type name="FOG_MTF_Pants_MCB">
        <nominal>1</nominal>
        <lifetime>14400</lifetime>
        <restock>3200</restock>
        <min>1</min>
        <quantmin>-1</quantmin>
        <quantmax>-1</quantmax>
        <cost>100</cost>
        <flags count_in_cargo="0" count_in_hoarder="0" count_in_map="1" count_in_player="0" crafted="0" deloot="0" />
        <category name="clothes" />
        <usage name="Military" />
        <value name="Tier3" />
        <value name="Tier4" />
    </type>
    <type name="FOG_MTF_Pants_TS">
        <nominal>1</nominal>
        <lifetime>14400</lifetime>
        <restock>3200</restock>
        <min>1</min>
        <quantmin>-1</quantmin>
        <quantmax>-1</quantmax>
        <cost>100</cost>
        <flags count_in_cargo="0" count_in_hoarder="0" count_in_map="1" count_in_player="0" crafted="0" deloot="0" />
        <category name="clothes" />
        <usage name="Military" />
        <value name="Tier3" />
        <value name="Tier4" />
    </type>
    <type name="FOG_FieldShorts_White">
        <nominal>1</nominal>
        <lifetime>14400</lifetime>
        <restock>7200</restock>
        <min>1</min>
        <quantmin>-1</quantmin>
        <quantmax>-1</quantmax>
        <cost>100</cost>
        <flags count_in_cargo="0" count_in_hoarder="0" count_in_map="1" count_in_player="0" crafted="0" deloot="0" />
        <usage name="Military" />
        <value name="Tier2" />
        <value name="Tier3" />
    </type>
    <type name="FOG_FieldShorts_Grey">
        <nominal>1</nominal>
        <lifetime>14400</lifetime>
        <restock>7200</restock>
        <min>1</min>
        <quantmin>-1</quantmin>
        <quantmax>-1</quantmax>
        <cost>100</cost>
        <flags count_in_cargo="0" count_in_hoarder="0" count_in_map="1" count_in_player="0" crafted="0" deloot="0" />
        <usage name="Military" />
        <value name="Tier2" />
        <value name="Tier3" />
    </type>
    <type name="FOG_FieldShorts_RG">
        <nominal>1</nominal>
        <lifetime>14400</lifetime>
        <restock>7200</restock>
        <min>1</min>
        <quantmin>-1</quantmin>
        <quantmax>-1</quantmax>
        <cost>100</cost>
        <flags count_in_cargo="0" count_in_hoarder="0" count_in_map="1" count_in_player="0" crafted="0" deloot="0" />
        <usage name="Military" />
        <value name="Tier2" />
        <value name="Tier3" />
    </type>
    <type name="FOG_FieldShorts_CB">
        <nominal>1</nominal>
        <lifetime>14400</lifetime>
        <restock>7200</restock>
        <min>1</min>
        <quantmin>-1</quantmin>
        <quantmax>-1</quantmax>
        <cost>100</cost>
        <flags count_in_cargo="0" count_in_hoarder="0" count_in_map="1" count_in_player="0" crafted="0" deloot="0" />
        <usage name="Military" />
        <value name="Tier2" />
        <value name="Tier3" />
    </type>
    <type name="FOG_FieldShorts_KHK">
        <nominal>1</nominal>
        <lifetime>14400</lifetime>
        <restock>7200</restock>
        <min>1</min>
        <quantmin>-1</quantmin>
        <quantmax>-1</quantmax>
        <cost>100</cost>
        <flags count_in_cargo="0" count_in_hoarder="0" count_in_map="1" count_in_player="0" crafted="0" deloot="0" />
        <usage name="Military" />
        <value name="Tier2" />
        <value name="Tier3" />
    </type>
    <type name="FOG_FieldShorts_Black">
        <nominal>1</nominal>
        <lifetime>14400</lifetime>
        <restock>7200</restock>
        <min>1</min>
        <quantmin>-1</quantmin>
        <quantmax>-1</quantmax>
        <cost>100</cost>
        <flags count_in_cargo="0" count_in_hoarder="0" count_in_map="1" count_in_player="0" crafted="0" deloot="0" />
        <usage name="Military" />
        <value name="Tier2" />
        <value name="Tier3" />
    </type>
    <type name="FOG_FieldShorts_M81">
        <nominal>1</nominal>
        <lifetime>14400</lifetime>
        <restock>7200</restock>
        <min>1</min>
        <quantmin>-1</quantmin>
        <quantmax>-1</quantmax>
        <cost>100</cost>
        <flags count_in_cargo="0" count_in_hoarder="0" count_in_map="1" count_in_player="0" crafted="0" deloot="0" />
        <usage name="Military" />
        <value name="Tier2" />
        <value name="Tier3" />
    </type>
    <type name="FOG_FieldShorts_MC">
        <nominal>1</nominal>
        <lifetime>14400</lifetime>
        <restock>7200</restock>
        <min>1</min>
        <quantmin>-1</quantmin>
        <quantmax>-1</quantmax>
        <cost>100</cost>
        <flags count_in_cargo="0" count_in_hoarder="0" count_in_map="1" count_in_player="0" crafted="0" deloot="0" />
        <usage name="Military" />
        <value name="Tier2" />
        <value name="Tier3" />
    </type>
    <type name="FOG_FieldShorts_MC_Ranger">
        <nominal>1</nominal>
        <lifetime>14400</lifetime>
        <restock>7200</restock>
        <min>1</min>
        <quantmin>-1</quantmin>
        <quantmax>-1</quantmax>
        <cost>100</cost>
        <flags count_in_cargo="0" count_in_hoarder="0" count_in_map="1" count_in_player="0" crafted="0" deloot="0" />
        <usage name="Military" />
        <value name="Tier2" />
        <value name="Tier3" />
    </type>
    <type name="FOG_FieldShorts_MCB">
        <nominal>1</nominal>
        <lifetime>14400</lifetime>
        <restock>7200</restock>
        <min>1</min>
        <quantmin>-1</quantmin>
        <quantmax>-1</quantmax>
        <cost>100</cost>
        <flags count_in_cargo="0" count_in_hoarder="0" count_in_map="1" count_in_player="0" crafted="0" deloot="0" />
        <usage name="Military" />
        <value name="Tier2" />
        <value name="Tier3" />
    </type>
    <type name="FOG_FieldShorts_UCP">
        <nominal>1</nominal>
        <lifetime>14400</lifetime>
        <restock>7200</restock>
        <min>1</min>
        <quantmin>-1</quantmin>
        <quantmax>-1</quantmax>
        <cost>100</cost>
        <flags count_in_cargo="0" count_in_hoarder="0" count_in_map="1" count_in_player="0" crafted="0" deloot="0" />
        <usage name="Military" />
        <value name="Tier2" />
        <value name="Tier3" />
    </type>
    <type name="FOG_FieldShorts_AOR1">
        <nominal>1</nominal>
        <lifetime>14400</lifetime>
        <restock>7200</restock>
        <min>1</min>
        <quantmin>-1</quantmin>
        <quantmax>-1</quantmax>
        <cost>100</cost>
        <flags count_in_cargo="0" count_in_hoarder="0" count_in_map="1" count_in_player="0" crafted="0" deloot="0" />
        <usage name="Military" />
        <value name="Tier2" />
        <value name="Tier3" />
    </type>
    <type name="FOG_FieldShorts_AOR2">
        <nominal>1</nominal>
        <lifetime>14400</lifetime>
        <restock>7200</restock>
        <min>1</min>
        <quantmin>-1</quantmin>
        <quantmax>-1</quantmax>
        <cost>100</cost>
        <flags count_in_cargo="0" count_in_hoarder="0" count_in_map="1" count_in_player="0" crafted="0" deloot="0" />
        <usage name="Military" />
        <value name="Tier2" />
        <value name="Tier3" />
    </type>
</types>