{
    "m_Version": 1,
    "m_ClassName": "HP_Oiler",
    "m_SkinName": "",
    "m_HealthLevel": 3,
    "m_Quantity": 0.0,
    "m_QuantityType": 0,
    "m_LiquidType": -1,
    "m_IsBloodContainer": 0,
    "m_FoodStageType": -1,
    "m_Rarity": 0,
    "m_ContainerItemsCount": 0,
    "m_ContainerItems": [],
    "m_GlobalID": [
        -2147483648,
        -2147483648,
        -2147483648,
        -2147316715
    ],
    "m_OwnerUID": "oj0y7YkImD1gf5CtBLajNYlSKeMtZNGfQhGlsoQKZfU=",
    "m_Price": 3000,
    "m_ListingTime": 1742287746,
    "m_ListingState": 2,
    "m_OwnerName": "AllorReynar"
}