<?xml version="1.0" encoding="UTF-8" standalone="yes"?>
<types>
    <type name="RZ_KeycardDD_lvl1">
        <nominal>0</nominal>
        <lifetime>1209600</lifetime>
        <restock>0</restock>
        <min>0</min>
        <quantmin>0</quantmin>
        <quantmax>80</quantmax>
        <cost>100</cost>
        <flags count_in_cargo="0" count_in_hoarder="0" count_in_map="1" count_in_player="0" crafted="0" deloot="0" />
        <category name="tools" />
        <usage name="Tier1" />
        <value name="Tier2" />
        <value name="Tier3" />
        <value name="Tier4" />
    </type>
    <type name="RZ_KeycardDD_lvl2">
        <nominal>0</nominal>
        <lifetime>1209600</lifetime>
        <restock>0</restock>
        <min>0</min>
        <quantmin>0</quantmin>
        <quantmax>80</quantmax>
        <cost>100</cost>
        <flags count_in_cargo="0" count_in_hoarder="0" count_in_map="1" count_in_player="0" crafted="0" deloot="0" />
        <category name="tools" />
        <usage name="Tier1" />
        <value name="Tier2" />
        <value name="Tier3" />
        <value name="Tier4" />
    </type>
    <type name="RZ_KeycardDD_lvl3">
        <nominal>0</nominal>
        <lifetime>1209600</lifetime>
        <restock>0</restock>
        <min>0</min>
        <quantmin>0</quantmin>
        <quantmax>80</quantmax>
        <cost>100</cost>
        <flags count_in_cargo="0" count_in_hoarder="0" count_in_map="1" count_in_player="0" crafted="0" deloot="0" />
        <category name="tools" />
        <usage name="Tier1" />
        <value name="Tier2" />
        <value name="Tier3" />
        <value name="Tier4" />
    </type>
    <type name="RZ_KeycardDD_lvl4">
        <nominal>0</nominal>
        <lifetime>1209600</lifetime>
        <restock>0</restock>
        <min>0</min>
        <quantmin>0</quantmin>
        <quantmax>80</quantmax>
        <cost>100</cost>
        <flags count_in_cargo="0" count_in_hoarder="0" count_in_map="1" count_in_player="0" crafted="0" deloot="0" />
        <category name="tools" />
        <usage name="Tier1" />
        <value name="Tier2" />
        <value name="Tier3" />
        <value name="Tier4" />
    </type>
    <type name="RZ_KeycardDD_lvl5">
        <nominal>0</nominal>
        <lifetime>1209600</lifetime>
        <restock>0</restock>
        <min>0</min>
        <quantmin>0</quantmin>
        <quantmax>80</quantmax>
        <cost>100</cost>
        <flags count_in_cargo="0" count_in_hoarder="0" count_in_map="1" count_in_player="0" crafted="0" deloot="0" />
        <category name="tools" />
        <usage name="Tier1" />
        <value name="Tier2" />
        <value name="Tier3" />
        <value name="Tier4" />
    </type>

</types>
