{
    "m_Version": 1,
    "m_ClassName": "Colt1911",
    "m_SkinName": "Clean",
    "m_HealthLevel": 1,
    "m_Quantity": 0.0,
    "m_QuantityType": 0,
    "m_LiquidType": -1,
    "m_IsBloodContainer": 0,
    "m_FoodStageType": -1,
    "m_Rarity": 0,
    "m_ContainerItemsCount": 0,
    "m_ContainerItems": [],
    "m_GlobalID": [
        -2147483648,
        -2147483648,
        -2147483648,
        -2147315380
    ],
    "m_OwnerUID": "62ZZcFkdhgJlWMxNaR2LnfPpWcFwUWS15DqnFX5Iyuo=",
    "m_Price": 1000,
    "m_ListingTime": 1742291435,
    "m_ListingState": 1,
    "m_OwnerName": "Smirnoff1984[UA]"
}