{
    "m_Version": 1,
    "m_ClassName": "FOG_Vest_LV119_MCB",
    "m_SkinName": "",
    "m_HealthLevel": 1,
    "m_Quantity": 0.44999998807907107,
    "m_QuantityType": 64,
    "m_LiquidType": -1,
    "m_IsBloodContainer": 0,
    "m_FoodStageType": -1,
    "m_Rarity": 0,
    "m_ContainerItemsCount": 0,
    "m_ContainerItems": [],
    "m_GlobalID": [
        -2147483648,
        -2147483648,
        -2147483648,
        -2147322229
    ],
    "m_OwnerUID": "EqGN2062rYItViQ9YsrlPCG5dkjFyRQa_ex7NhyxIrc=",
    "m_Price": 1000,
    "m_ListingTime": 1742132358,
    "m_ListingState": 1,
    "m_OwnerName": "GodFreE"
}