<?xml version="1.0" encoding="UTF-8" standalone="yes"?>
<types>
    <type name="RIP_Flint">
        <nominal>0</nominal>
        <lifetime>28800</lifetime>
        <restock>0</restock>
        <min>0</min>
        <quantmin>150</quantmin>
        <quantmax>350</quantmax>
        <cost>100</cost>
        <flags count_in_cargo="0" count_in_hoarder="0" count_in_map="1" count_in_player="0" crafted="0" deloot="0" />
        <category name="tools" />
        <tag name="shelves" />
        <usage name="Hunting" />
        <usage name="Village" />
    </type>
    <type name="RIP_LeatherGlue">
        <nominal>0</nominal>
        <min>0</min>
        <lifetime>5400</lifetime>
        <restock>4500</restock>
        <quantmin>-1</quantmin>
        <quantmax>-1</quantmax>
        <cost>100</cost>
        <flags count_in_map="1" count_in_hoarder="0" count_in_cargo="0" count_in_player="0" crafted="0" deloot="0" />
        <usage />
        <value />
        <category name="tools" />
        <tag name="civilian" />
        <tag name="hunting" />
    </type>
    <type name="RIP_CleaningKitPlastic">
        <nominal>5</nominal>
        <lifetime>28800</lifetime>
        <restock>0</restock>
        <min>1</min>
        <quantmin>10</quantmin>
        <quantmax>40</quantmax>
        <cost>100</cost>
        <flags count_in_cargo="0" count_in_hoarder="0" count_in_map="1" count_in_player="0" crafted="0" deloot="1" />
        <category name="tools" />
        <category name="RadiationZone" />
        <usage name="Military" />
        <value name="Tier4" />
    </type>
    <type name="RIP_OilPlastic">
        <nominal>10</nominal>
        <lifetime>28800</lifetime>
        <restock>0</restock>
        <min>1</min>
        <quantmin>-1</quantmin>
        <quantmax>-1</quantmax>
        <cost>100</cost>
        <flags count_in_cargo="0" count_in_hoarder="0" count_in_map="1" count_in_player="0" crafted="0" deloot="0" />
        <usage name="Farm" />
        <usage name="Village" />
        <usage name="Industrial" />
    </type>
    <type name="RIP_WeaponCleaningSpray">
        <nominal>10</nominal>
        <lifetime>28800</lifetime>
        <restock>0</restock>
        <min>3</min>
        <quantmin>10</quantmin>
        <quantmax>30</quantmax>
        <cost>100</cost>
        <flags count_in_cargo="0" count_in_hoarder="0" count_in_map="1" count_in_player="0" crafted="0" deloot="0" />
        <category name="tools" />
        <usage name="Military" />
        <usage name="Police" />
        <value name="Tier4" />

    </type>
    <type name="RIP_WeaponCleaningSpray_2">
        <nominal>15</nominal>
        <lifetime>28800</lifetime>
        <restock>0</restock>
        <min>2</min>
        <quantmin>15</quantmin>
        <quantmax>25</quantmax>
        <cost>100</cost>
        <flags count_in_cargo="0" count_in_hoarder="0" count_in_map="1" count_in_player="0" crafted="0" deloot="0" />
        <category name="tools" />
        <usage name="Military" />
        <usage name="Police" />
        <usage name="Hunting" />
    </type>
    <type name="RIP_WD40">
        <nominal>10</nominal>
        <lifetime>14400</lifetime>
        <restock>0</restock>
        <min>0</min>
        <quantmin>10</quantmin>
        <quantmax>30</quantmax>
        <cost>100</cost>
        <flags count_in_cargo="0" count_in_hoarder="0" count_in_map="1" count_in_player="0" crafted="0" deloot="0" />
        <category name="tools" />
        <category name="RadiationZone" />
        <usage name="Farm" />
        <usage name="Village" />
        <usage name="Industrial" />
        <value name="Tier4" />
    </type>
    <type name="RIP_WD40S">
        <nominal>15</nominal>
        <lifetime>14400</lifetime>
        <restock>0</restock>
        <min>5</min>
        <quantmin>10</quantmin>
        <quantmax>80</quantmax>
        <cost>100</cost>
        <flags count_in_cargo="0" count_in_hoarder="0" count_in_map="1" count_in_player="0" crafted="0" deloot="0" />
        <category name="tools" />
        <usage name="Farm" />
        <usage name="Village" />
        <usage name="Industrial" />
        <value name="Tier1" />
        <value name="Tier2" />
        <value name="Tier3" />
    </type>
    <type name="RIP_SharpeningKit">
        <nominal>1</nominal>
        <lifetime>14400</lifetime>
        <restock>0</restock>
        <min>0</min>
        <quantmin>-1</quantmin>
        <quantmax>-1</quantmax>
        <cost>100</cost>
        <flags count_in_cargo="0" count_in_hoarder="0" count_in_map="1" count_in_player="0" crafted="0" deloot="0" />
        <category name="tools" />
        <category name="RadiationZone" />
        <usage name="Farm" />
        <usage name="Village" />
        <usage name="Industrial" />
    </type>
    <type name="RIP_TinOilcan">
        <nominal>0</nominal>
        <lifetime>14400</lifetime>
        <restock>0</restock>
        <min>0</min>
        <quantmin>-1</quantmin>
        <quantmax>-1</quantmax>
        <cost>100</cost>
        <flags count_in_cargo="0" count_in_hoarder="0" count_in_map="1" count_in_player="0" crafted="0" deloot="0" />
        <category name="tools" />
        <usage name="Military" />
        <usage name="Industrial" />
    </type>
    <type name="RIP_Glue">
        <nominal>10</nominal>
        <lifetime>14400</lifetime>
        <restock>0</restock>
        <min>0</min>
        <quantmin>-1</quantmin>
        <quantmax>-1</quantmax>
        <cost>100</cost>
        <flags count_in_cargo="0" count_in_hoarder="0" count_in_map="1" count_in_player="0" crafted="0" deloot="0" />
        <category name="tools" />
        <category name="RadiationZone" />
        <usage name="Farm" />
        <usage name="Village" />
        <usage name="Industrial" />
    </type>
    <type name="RIP_GlueBF">
        <nominal>0</nominal>
        <lifetime>28800</lifetime>
        <restock>0</restock>
        <min>0</min>
        <quantmin>10</quantmin>
        <quantmax>50</quantmax>
        <cost>100</cost>
        <flags count_in_cargo="0" count_in_hoarder="0" count_in_map="1" count_in_player="0" crafted="0" deloot="0" />
        <category name="tools" />
        <usage name="Medic" />
        <usage name="Town" />
        <usage name="Village" />
    </type>
    <type name="RIP_IPP">
        <nominal>0</nominal>
        <lifetime>28800</lifetime>
        <restock>0</restock>
        <min>0</min>
        <quantmin>10</quantmin>
        <quantmax>50</quantmax>
        <cost>100</cost>
        <flags count_in_cargo="0" count_in_hoarder="0" count_in_map="1" count_in_player="0" crafted="0" deloot="0" />
        <category name="tools" />
        <usage name="Police" />
        <usage name="Military" />
    </type>
    <type name="RIP_HydPerx">
        <nominal>0</nominal>
        <lifetime>28800</lifetime>
        <restock>0</restock>
        <min>0</min>
        <quantmin>10</quantmin>
        <quantmax>50</quantmax>
        <cost>100</cost>
        <flags count_in_cargo="0" count_in_hoarder="0" count_in_map="1" count_in_player="0" crafted="0" deloot="0" />
        <category name="tools" />
        <usage name="Medic" />
        <usage name="Town" />
        <usage name="Village" />
    </type>
    <type name="RIP_ChlorHex">
        <nominal>0</nominal>
        <lifetime>28800</lifetime>
        <restock>0</restock>
        <min>0</min>
        <quantmin>10</quantmin>
        <quantmax>50</quantmax>
        <cost>100</cost>
        <flags count_in_cargo="0" count_in_hoarder="0" count_in_map="1" count_in_player="0" crafted="0" deloot="0" />
        <category name="tools" />
        <usage name="Medic" />
        <usage name="Town" />
        <usage name="Village" />
    </type>
    <type name="RIP_ikg">
        <nominal>0</nominal>
        <lifetime>28800</lifetime>
        <restock>0</restock>
        <min>0</min>
        <quantmin>10</quantmin>
        <quantmax>50</quantmax>
        <cost>100</cost>
        <flags count_in_cargo="0" count_in_hoarder="0" count_in_map="1" count_in_player="0" crafted="0" deloot="0" />
        <category name="tools" />
        <usage name="Hunting" />
        <usage name="Village" />
        <value name="Tier2" />
        <value name="Tier3" />
    </type>
    <type name="RIP_GK">
        <nominal>0</nominal>
        <lifetime>28800</lifetime>
        <restock>0</restock>
        <min>0</min>
        <quantmin>10</quantmin>
        <quantmax>50</quantmax>
        <cost>100</cost>
        <flags count_in_cargo="0" count_in_hoarder="0" count_in_map="1" count_in_player="0" crafted="0" deloot="0" />
        <category name="tools" />
        <usage name="Hunting" />
        <usage name="Village" />
        <value name="Tier2" />
        <value name="Tier3" />
    </type>
    <type name="RIP_lighterfuel">
        <nominal>0</nominal>
        <lifetime>28800</lifetime>
        <restock>0</restock>
        <min>0</min>
        <quantmin>10</quantmin>
        <quantmax>50</quantmax>
        <cost>100</cost>
        <flags count_in_cargo="0" count_in_hoarder="0" count_in_map="1" count_in_player="0" crafted="0" deloot="0" />
        <category name="tools" />
        <usage name="Industrial" />
        <usage name="Town" />
        <usage name="Village" />
    </type>
    <type name="RIP_OldSovtoolbox">
        <nominal>0</nominal>
        <lifetime>28800</lifetime>
        <restock>0</restock>
        <min>0</min>
        <quantmin>10</quantmin>
        <quantmax>50</quantmax>
        <cost>100</cost>
        <flags count_in_cargo="0" count_in_hoarder="0" count_in_map="1" count_in_player="0" crafted="0" deloot="0" />
        <category name="tools" />
        <usage name="Industrial" />
        <usage name="Town" />
        <usage name="Village" />
    </type>
    <type name="RIP_NewSovtoolbox">
        <nominal>0</nominal>
        <lifetime>28800</lifetime>
        <restock>0</restock>
        <min>0</min>
        <quantmin>10</quantmin>
        <quantmax>50</quantmax>
        <cost>100</cost>
        <flags count_in_cargo="0" count_in_hoarder="0" count_in_map="1" count_in_player="0" crafted="0" deloot="0" />
        <category name="tools" />
        <usage name="Industrial" />
        <usage name="Town" />
        <usage name="Village" />
    </type>
    <type name="RIP_Sandpaper">
        <nominal>10</nominal>
        <lifetime>28800</lifetime>
        <restock>0</restock>
        <min>3</min>
        <quantmin>10</quantmin>
        <quantmax>50</quantmax>
        <cost>100</cost>
        <flags count_in_cargo="0" count_in_hoarder="0" count_in_map="1" count_in_player="0" crafted="0" deloot="0" />
        <category name="tools" />
        <usage name="Industrial" />
        <usage name="Town" />
        <usage name="Village" />
        <value name="Tier3" />
        <value name="Tier4" />

    </type>
    <type name="RIP_SandpaperS">
        <nominal>15</nominal>
        <lifetime>28800</lifetime>
        <restock>0</restock>
        <min>7</min>
        <quantmin>10</quantmin>
        <quantmax>50</quantmax>
        <cost>100</cost>
        <flags count_in_cargo="0" count_in_hoarder="0" count_in_map="1" count_in_player="0" crafted="0" deloot="0" />
        <category name="tools" />
        <usage name="Industrial" />
        <usage name="Town" />
        <usage name="Village" />
        <value name="Tier2" />
        <value name="Tier3" />
        <value name="Tier4" />

    </type>
    <!-- 28.04.23 -->
    <type name="RIP_bolts">
        <nominal>20</nominal>
        <lifetime>28800</lifetime>
        <restock>2800</restock>
        <min>10</min>
        <quantmin>2</quantmin>
        <quantmax>5</quantmax>
        <cost>100</cost>
        <flags count_in_cargo="0" count_in_hoarder="0" count_in_map="1" count_in_player="0" crafted="0" deloot="0" />
        <category name="tools" />
        <usage name="Industrial" />
        <usage name="Village" />
        <value name="Tier3" />
        <value name="Tier4" />

    </type>
    <type name="RIP_nuts">
        <nominal>20</nominal>
        <lifetime>28800</lifetime>
        <restock>2800</restock>
        <min>10</min>
        <quantmin>2</quantmin>
        <quantmax>5</quantmax>
        <cost>100</cost>
        <flags count_in_cargo="0" count_in_hoarder="0" count_in_map="1" count_in_player="0" crafted="0" deloot="0" />
        <category name="tools" />
        <usage name="Industrial" />
        <usage name="Village" />
        <value name="Tier4" />

    </type>
    <type name="RIP_rivets">
        <nominal>15</nominal>
        <lifetime>28800</lifetime>
        <restock>2800</restock>
        <min>7</min>
        <quantmin>2</quantmin>
        <quantmax>3</quantmax>
        <cost>100</cost>
        <flags count_in_cargo="0" count_in_hoarder="0" count_in_map="1" count_in_player="0" crafted="0" deloot="0" />
        <category name="tools" />
        <usage name="Industrial" />
        <usage name="Town" />
        <usage name="Village" />
        <value name="Tier4" />
    </type>
    <type name="RIP_rivets2">
        <nominal>15</nominal>
        <lifetime>28800</lifetime>
        <restock>2800</restock>
        <min>7</min>
        <quantmin>2</quantmin>
        <quantmax>2</quantmax>
        <cost>100</cost>
        <flags count_in_cargo="0" count_in_hoarder="0" count_in_map="1" count_in_player="0" crafted="0" deloot="0" />
        <category name="tools" />
        <usage name="Industrial" />
        <usage name="Town" />
        <usage name="Village" />
        <usage name="Military" />
        <value name="Tier3" />
        <value name="Tier4" />
    </type>
    <type name="RIP_FlightRecorderPot">
        <nominal>0</nominal>
        <lifetime>28800</lifetime>
        <restock>2800</restock>
        <min>0</min>
        <quantmin>-1</quantmin>
        <quantmax>-1</quantmax>
        <cost>100</cost>
        <flags count_in_cargo="0" count_in_hoarder="0" count_in_map="1" count_in_player="0" crafted="0" deloot="0" />
        <category name="weapons" />
        <usage name="Military" />
    </type>
    <type name="RIP_FlightRecorderBox">
        <nominal>0</nominal>
        <lifetime>28800</lifetime>
        <restock>0</restock>
        <min>0</min>
        <quantmin>-1</quantmin>
        <quantmax>-1</quantmax>
        <cost>100</cost>
        <flags count_in_cargo="0" count_in_hoarder="0" count_in_map="1" count_in_player="0" crafted="0" deloot="0" />
        <category name="weapons" />
        <usage name="Military" />
    </type>
    <type name="RIP_Elmotor">
        <nominal>0</nominal>
        <lifetime>28800</lifetime>
        <restock>0</restock>
        <min>0</min>
        <quantmin>-1</quantmin>
        <quantmax>-1</quantmax>
        <cost>100</cost>
        <flags count_in_cargo="0" count_in_hoarder="0" count_in_map="1" count_in_player="0" crafted="0" deloot="0" />
        <category name="tools" />
        <tag name="floor" />
        <usage name="Industrial" />
    </type>
    <type name="RIP_Programmator">
        <nominal>0</nominal>
        <lifetime>28800</lifetime>
        <restock>0</restock>
        <min>0</min>
        <quantmin>-1</quantmin>
        <quantmax>-1</quantmax>
        <cost>100</cost>
        <flags count_in_cargo="0" count_in_hoarder="0" count_in_map="1" count_in_player="0" crafted="0" deloot="0" />
        <category name="tools" />
        <usage name="Industrial" />
        <usage name="Military" />
        <value name="Tier2" />
        <value name="Tier3" />
        <value name="Tier4" />
    </type>
    <type name="RIP_File1">
        <nominal>0</nominal>
        <lifetime>28800</lifetime>
        <restock>0</restock>
        <min>0</min>
        <quantmin>-1</quantmin>
        <quantmax>-1</quantmax>
        <cost>100</cost>
        <flags count_in_cargo="0" count_in_hoarder="0" count_in_map="1" count_in_player="0" crafted="0" deloot="0" />
        <usage name="Industrial" />
        <usage name="Farm" />
        <usage name="Village" />
        <value name="Tier2" />
        <value name="Tier3" />
    </type>
    <type name="RIP_File2">
        <nominal>0</nominal>
        <lifetime>28800</lifetime>
        <restock>0</restock>
        <min>0</min>
        <quantmin>-1</quantmin>
        <quantmax>-1</quantmax>
        <cost>100</cost>
        <flags count_in_cargo="0" count_in_hoarder="0" count_in_map="1" count_in_player="0" crafted="0" deloot="0" />
        <usage name="Industrial" />
        <usage name="Farm" />
        <usage name="Village" />
    </type>
    <type name="RIP_File3">
        <nominal>0</nominal>
        <lifetime>28800</lifetime>
        <restock>0</restock>
        <min>0</min>
        <quantmin>-1</quantmin>
        <quantmax>-1</quantmax>
        <cost>100</cost>
        <flags count_in_cargo="0" count_in_hoarder="0" count_in_map="1" count_in_player="0" crafted="0" deloot="0" />
        <usage name="Industrial" />
        <usage name="Farm" />
        <usage name="Village" />
    </type>
    <type name="RIP_ScrewdriverWHandle1">
        <nominal>0</nominal>
        <lifetime>28800</lifetime>
        <restock>0</restock>
        <min>0</min>
        <quantmin>-1</quantmin>
        <quantmax>-1</quantmax>
        <cost>100</cost>
        <flags count_in_cargo="0" count_in_hoarder="0" count_in_map="1" count_in_player="0" crafted="0" deloot="0" />
        <usage name="Industrial" />
        <usage name="Farm" />
        <usage name="Village" />
    </type>
    <type name="RIP_ScrewdriverWHandle2">
        <nominal>0</nominal>
        <lifetime>28800</lifetime>
        <restock>0</restock>
        <min>0</min>
        <quantmin>-1</quantmin>
        <quantmax>-1</quantmax>
        <cost>100</cost>
        <flags count_in_cargo="0" count_in_hoarder="0" count_in_map="1" count_in_player="0" crafted="0" deloot="0" />
        <usage name="Industrial" />
        <usage name="Farm" />
        <usage name="Village" />
    </type>
    <type name="RIP_Wirecutter">
        <nominal>0</nominal>
        <lifetime>28800</lifetime>
        <restock>0</restock>
        <min>0</min>
        <quantmin>-1</quantmin>
        <quantmax>-1</quantmax>
        <cost>100</cost>
        <flags count_in_cargo="0" count_in_hoarder="0" count_in_map="1" count_in_player="0" crafted="0" deloot="0" />
        <category name="tools" />
        <usage name="Industrial" />
        <usage name="Farm" />
        <usage name="Village" />
    </type>
    <type name="RIP_Cable">
        <nominal>0</nominal>
        <lifetime>28800</lifetime>
        <restock>0</restock>
        <min>0</min>
        <quantmin>20</quantmin>
        <quantmax>60</quantmax>
        <cost>100</cost>
        <flags count_in_cargo="0" count_in_hoarder="0" count_in_map="1" count_in_player="0" crafted="0" deloot="0" />
        <category name="tools" />
        <usage name="Industrial" />
        <usage name="Farm" />
        <usage name="Village" />
    </type>
    <type name="RIP_CivMC">
        <nominal>0</nominal>
        <lifetime>28800</lifetime>
        <restock>0</restock>
        <min>0</min>
        <quantmin>20</quantmin>
        <quantmax>60</quantmax>
        <cost>100</cost>
        <flags count_in_cargo="0" count_in_hoarder="0" count_in_map="1" count_in_player="0" crafted="0" deloot="0" />
        <category name="tools" />
        <usage name="Industrial" />
        <value name="Tier2" />
        <value name="Tier3" />
        <value name="Tier4" />
    </type>
    <type name="RIP_Connectors">
        <nominal>0</nominal>
        <lifetime>28800</lifetime>
        <restock>0</restock>
        <min>0</min>
        <quantmin>20</quantmin>
        <quantmax>60</quantmax>
        <cost>100</cost>
        <flags count_in_cargo="0" count_in_hoarder="0" count_in_map="1" count_in_player="0" crafted="0" deloot="0" />
        <category name="tools" />
        <tag name="shelves" />
        <usage name="Industrial" />
        <usage name="Farm" />
        <usage name="Village" />
    </type>
    <type name="RIP_Corners">
        <nominal>0</nominal>
        <lifetime>28800</lifetime>
        <restock>0</restock>
        <min>0</min>
        <quantmin>1</quantmin>
        <quantmax>10</quantmax>
        <cost>100</cost>
        <flags count_in_cargo="0" count_in_hoarder="0" count_in_map="1" count_in_player="0" crafted="0" deloot="0" />
        <category name="tools" />
        <usage name="Industrial" />
        <usage name="Farm" />
        <usage name="Village" />
    </type>
    <type name="RIP_Foil">
        <nominal>0</nominal>
        <lifetime>28800</lifetime>
        <restock>0</restock>
        <min>0</min>
        <quantmin>70</quantmin>
        <quantmax>220</quantmax>
        <cost>100</cost>
        <flags count_in_cargo="0" count_in_hoarder="0" count_in_map="1" count_in_player="0" crafted="0" deloot="0" />
        <category name="tools" />
        <tag name="shelves" />
        <usage name="Town" />
        <usage name="Village" />
        <usage name="Office" />
        <usage name="Village" />
    </type>
    <type name="RIP_Inductors">
        <nominal>0</nominal>
        <lifetime>28800</lifetime>
        <restock>0</restock>
        <min>0</min>
        <quantmin>30</quantmin>
        <quantmax>90</quantmax>
        <cost>100</cost>
        <flags count_in_cargo="0" count_in_hoarder="0" count_in_map="1" count_in_player="0" crafted="0" deloot="0" />
        <category name="tools" />
        <tag name="shelves" />
        <usage name="Industrial" />
    </type>
    <type name="RIP_InductorsC">
        <nominal>0</nominal>
        <lifetime>28800</lifetime>
        <restock>0</restock>
        <min>0</min>
        <quantmin>20</quantmin>
        <quantmax>60</quantmax>
        <cost>100</cost>
        <flags count_in_cargo="0" count_in_hoarder="0" count_in_map="1" count_in_player="0" crafted="0" deloot="0" />
        <category name="tools" />
        <usage name="Industrial" />
    </type>
    <type name="RIP_Rustymetal">
        <nominal>0</nominal>
        <lifetime>28800</lifetime>
        <restock>0</restock>
        <min>0</min>
        <quantmin>20</quantmin>
        <quantmax>60</quantmax>
        <cost>100</cost>
        <flags count_in_cargo="0" count_in_hoarder="0" count_in_map="1" count_in_player="0" crafted="0" deloot="0" />
        <category name="tools" />
        <usage name="Industrial" />
        <usage name="Farm" />
        <usage name="Village" />
    </type>
    <type name="RIP_milMCs">
        <nominal>0</nominal>
        <lifetime>28800</lifetime>
        <restock>0</restock>
        <min>0</min>
        <quantmin>20</quantmin>
        <quantmax>40</quantmax>
        <cost>100</cost>
        <flags count_in_cargo="0" count_in_hoarder="0" count_in_map="1" count_in_player="0" crafted="0" deloot="0" />
        <category name="tools" />
        <tag name="Military" />
        <value name="Tier2" />
        <value name="Tier3" />
        <value name="Tier4" />
    </type>
    <type name="RIP_sovRes">
        <nominal>0</nominal>
        <lifetime>28800</lifetime>
        <restock>0</restock>
        <min>0</min>
        <quantmin>20</quantmin>
        <quantmax>50</quantmax>
        <cost>100</cost>
        <flags count_in_cargo="0" count_in_hoarder="0" count_in_map="1" count_in_player="0" crafted="0" deloot="0" />
        <category name="tools" />
        <usage name="Industrial" />
    </type>
    <type name="RIP_sovCap">
        <nominal>15</nominal>
        <lifetime>28800</lifetime>
        <restock>0</restock>
        <min>5</min>
        <quantmin>10</quantmin>
        <quantmax>20</quantmax>
        <cost>100</cost>
        <flags count_in_cargo="0" count_in_hoarder="0" count_in_map="1" count_in_player="0" crafted="0" deloot="0" />
        <category name="tools" />
        <usage name="Industrial" />
        <usage name="Farm" />
        <usage name="Village" />
        <usage name="Town"/>
        <value name="Tier3" />
        <value name="Tier4" />
    </type>
    <type name="RIP_modCap">
        <nominal>0</nominal>
        <lifetime>28800</lifetime>
        <restock>0</restock>
        <min>0</min>
        <quantmin>2060</quantmin>
        <quantmax>12</quantmax>
        <cost>100</cost>
        <flags count_in_cargo="0" count_in_hoarder="0" count_in_map="1" count_in_player="0" crafted="0" deloot="0" />
        <category name="tools" />
        <usage name="Industrial" />
    </type>
    <type name="RIP_modRes">
        <nominal>0</nominal>
        <lifetime>28800</lifetime>
        <restock>0</restock>
        <min>0</min>
        <quantmin>20</quantmin>
        <quantmax>60</quantmax>
        <cost>100</cost>
        <flags count_in_cargo="0" count_in_hoarder="0" count_in_map="1" count_in_player="0" crafted="0" deloot="0" />
        <category name="tools" />
        <usage name="Industrial" />
    </type>
    <type name="RIP_Plastik">
        <nominal>10</nominal>
        <lifetime>28800</lifetime>
        <restock>0</restock>
        <min>5</min>
        <quantmin>5</quantmin>
        <quantmax>10</quantmax>
        <cost>100</cost>
        <flags count_in_cargo="0" count_in_hoarder="0" count_in_map="1" count_in_player="0" crafted="0" deloot="0" />
        <category name="tools" />
        <tag name="shelves" />
        <usage name="Industrial" />
        <value name="Tier4" />

    </type>
    <type name="RIP_Rosin">
        <nominal>0</nominal>
        <lifetime>28800</lifetime>
        <restock>0</restock>
        <min>0</min>
        <quantmin>30</quantmin>
        <quantmax>60</quantmax>
        <cost>100</cost>
        <flags count_in_cargo="0" count_in_hoarder="0" count_in_map="1" count_in_player="0" crafted="0" deloot="0" />
        <category name="tools" />
        <usage name="Industrial" />
        <usage name="Farm" />
        <usage name="Village" />
    </type>
    <type name="RIP_rubber">
        <nominal>3</nominal>
        <lifetime>28800</lifetime>
        <restock>0</restock>
        <min>3</min>
        <quantmin>10</quantmin>
        <quantmax>60</quantmax>
        <cost>100</cost>
        <flags count_in_cargo="0" count_in_hoarder="0" count_in_map="1" count_in_player="0" crafted="0" deloot="0" />
        <category name="tools" />
        <usage name="Industrial" />
        <usage name="Farm" />
        <usage name="Village" />
        <value name="Tier4" />
    </type>
    <type name="RIP_SBM20">
        <nominal>0</nominal>
        <lifetime>28800</lifetime>
        <restock>0</restock>
        <min>0</min>
        <quantmin>-1</quantmin>
        <quantmax>-1</quantmax>
        <cost>100</cost>
        <flags count_in_cargo="0" count_in_hoarder="0" count_in_map="1" count_in_player="0" crafted="0" deloot="0" />
        <category name="tools" />
        <usage name="Military" />
        <value name="Tier2" />
        <value name="Tier3" />
        <value name="Tier4" />
    </type>
    <type name="RIP_STS5">
        <nominal>0</nominal>
        <lifetime>28800</lifetime>
        <restock>0</restock>
        <min>0</min>
        <quantmin>-1</quantmin>
        <quantmax>-1</quantmax>
        <cost>100</cost>
        <flags count_in_cargo="0" count_in_hoarder="0" count_in_map="1" count_in_player="0" crafted="0" deloot="0" />
        <category name="tools" />
        <usage name="Military" />
    </type>
    <type name="RIP_SBM201">
        <nominal>0</nominal>
        <lifetime>28800</lifetime>
        <restock>0</restock>
        <min>0</min>
        <quantmin>-1</quantmin>
        <quantmax>-1</quantmax>
        <cost>100</cost>
        <flags count_in_cargo="0" count_in_hoarder="0" count_in_map="1" count_in_player="0" crafted="0" deloot="0" />
        <category name="tools" />
        <usage name="Military" />
    </type>
    <type name="RIP_STS5">
        <nominal>0</nominal>
        <lifetime>28800</lifetime>
        <restock>0</restock>
        <min>0</min>
        <quantmin>-1</quantmin>
        <quantmax>-1</quantmax>
        <cost>100</cost>
        <flags count_in_cargo="0" count_in_hoarder="0" count_in_map="1" count_in_player="0" crafted="0" deloot="0" />
        <category name="tools" />
        <usage name="Military" />
    </type>
    <type name="RIP_Selectors">
        <nominal>0</nominal>
        <lifetime>28800</lifetime>
        <restock>0</restock>
        <min>0</min>
        <quantmin>30</quantmin>
        <quantmax>70</quantmax>
        <cost>100</cost>
        <flags count_in_cargo="0" count_in_hoarder="0" count_in_map="1" count_in_player="0" crafted="0" deloot="0" />
        <category name="tools" />
        <usage name="Industrial" />
    </type>
    <type name="RIP_Semiconds">
        <nominal>0</nominal>
        <lifetime>28800</lifetime>
        <restock>0</restock>
        <min>0</min>
        <quantmin>20</quantmin>
        <quantmax>50</quantmax>
        <cost>100</cost>
        <flags count_in_cargo="0" count_in_hoarder="0" count_in_map="1" count_in_player="0" crafted="0" deloot="0" />
        <category name="tools" />
        <usage name="Industrial" />
    </type>
    <type name="RIP_SMDbox">
        <nominal>0</nominal>
        <lifetime>28800</lifetime>
        <restock>0</restock>
        <min>0</min>
        <quantmin>20</quantmin>
        <quantmax>90</quantmax>
        <cost>100</cost>
        <flags count_in_cargo="0" count_in_hoarder="0" count_in_map="1" count_in_player="0" crafted="0" deloot="0" />
        <category name="tools" />
        <usage name="Industrial" />
    </type>
    <type name="RIP_Textolit">
        <nominal>0</nominal>
        <lifetime>28800</lifetime>
        <restock>0</restock>
        <min>0</min>
        <quantmin>10</quantmin>
        <quantmax>50</quantmax>
        <cost>100</cost>
        <flags count_in_cargo="0" count_in_hoarder="0" count_in_map="1" count_in_player="0" crafted="0" deloot="0" />
        <category name="tools" />
        <usage name="Industrial" />
    </type>
    <type name="RIP_SolderCoil">
        <nominal>0</nominal>
        <lifetime>28800</lifetime>
        <restock>0</restock>
        <min>0</min>
        <quantmin>20</quantmin>
        <quantmax>60</quantmax>
        <cost>100</cost>
        <flags count_in_cargo="0" count_in_hoarder="0" count_in_map="1" count_in_player="0" crafted="0" deloot="0" />
        <category name="tools" />
        <usage name="Industrial" />
        <usage name="Farm" />
        <usage name="Village" />
    </type>
    <type name="RIP_thsh">
        <nominal>0</nominal>
        <lifetime>28800</lifetime>
        <restock>0</restock>
        <min>0</min>
        <quantmin>15</quantmin>
        <quantmax>50</quantmax>
        <cost>100</cost>
        <flags count_in_cargo="0" count_in_hoarder="0" count_in_map="1" count_in_player="0" crafted="0" deloot="0" />
        <category name="tools" />
        <usage name="Industrial" />
        <usage name="Farm" />
        <usage name="Village" />
    </type>
    <type name="RIP_TRRdis">
        <nominal>0</nominal>
        <lifetime>28800</lifetime>
        <restock>0</restock>
        <min>0</min>
        <quantmin>-1</quantmin>
        <quantmax>-1</quantmax>
        <cost>100</cost>
        <flags count_in_cargo="0" count_in_hoarder="0" count_in_map="1" count_in_player="0" crafted="0" deloot="0" />
        <category name="tools" />
        <usage name="Industrial" />
        <tag name="shelves" />
    </type>
    <type name="RIP_TRR">
        <nominal>0</nominal>
        <lifetime>28800</lifetime>
        <restock>0</restock>
        <min>0</min>
        <quantmin>-1</quantmin>
        <quantmax>-1</quantmax>
        <cost>100</cost>
        <flags count_in_cargo="0" count_in_hoarder="0" count_in_map="1" count_in_player="0" crafted="1" deloot="0" />
        <category name="tools" />
        <tag name="shelves" />
        <usage name="Industrial" />
    </type>
    <type name="RIP_TTRR">
        <nominal>0</nominal>
        <lifetime>28800</lifetime>
        <restock>0</restock>
        <min>0</min>
        <quantmin>-1</quantmin>
        <quantmax>-1</quantmax>
        <cost>100</cost>
        <flags count_in_cargo="0" count_in_hoarder="0" count_in_map="1" count_in_player="0" crafted="1" deloot="0" />
        <category name="tools" />
        <usage name="Industrial" />
        <usage name="Farm" />
        <usage name="Village" />
        <value name="Tier2" />
        <value name="Tier3" />
    </type>
    <type name="RIP_TTRRcore">
        <nominal>0</nominal>
        <lifetime>28800</lifetime>
        <restock>0</restock>
        <min>0</min>
        <quantmin>-1</quantmin>
        <quantmax>-1</quantmax>
        <cost>100</cost>
        <flags count_in_cargo="0" count_in_hoarder="0" count_in_map="1" count_in_player="0" crafted="0" deloot="0" />
        <category name="tools" />
        <usage name="Industrial" />
    </type>
    <type name="RIP_Wire">
        <nominal>0</nominal>
        <lifetime>28800</lifetime>
        <restock>0</restock>
        <min>0</min>
        <quantmin>50</quantmin>
        <quantmax>200</quantmax>
        <cost>100</cost>
        <flags count_in_cargo="0" count_in_hoarder="0" count_in_map="1" count_in_player="0" crafted="0" deloot="0" />
        <category name="tools" />
        <usage name="Industrial" />
        <usage name="Farm" />
    </type>
    <type name="RIP_insulatingtape">
        <nominal>5</nominal>
        <lifetime>28800</lifetime>
        <restock>0</restock>
        <min>1</min>
        <quantmin>-1</quantmin>
        <quantmax>-1</quantmax>
        <cost>100</cost>
        <flags count_in_cargo="0" count_in_hoarder="0" count_in_map="1" count_in_player="0" crafted="0" deloot="0" />
        <category name="tools" />
        <usage name="Industrial" />
        <usage name="Farm" />
        <usage name="Village" />
    </type>
    <type name="RIP_K1">
        <nominal>0</nominal>
        <lifetime>28800</lifetime>
        <restock>7500</restock>
        <min>0</min>
        <quantmin>-1</quantmin>
        <quantmax>-1</quantmax>
        <cost>100</cost>
        <flags count_in_cargo="0" count_in_hoarder="0" count_in_map="1" count_in_player="0" crafted="0" deloot="0" />
        <category name="tools" />
        <tag name="shelves" />
        <value name="Tier2" />
        <value name="Tier3" />
        <usage name="Military" />
    </type>
    <type name="RIP_K2">
        <nominal>0</nominal>
        <lifetime>28800</lifetime>
        <restock>7500</restock>
        <min>0</min>
        <quantmin>-1</quantmin>
        <quantmax>-1</quantmax>
        <cost>100</cost>
        <flags count_in_cargo="0" count_in_hoarder="0" count_in_map="1" count_in_player="0" crafted="0" deloot="0" />
        <category name="tools" />
        <tag name="shelves" />
        <value name="Tier2" />
        <value name="Tier3" />
        <usage name="Military" />
    </type>
    <type name="RIP_Oleum">
        <nominal>0</nominal>
        <lifetime>28800</lifetime>
        <restock>1200</restock>
        <min>0</min>
        <quantmin>30</quantmin>
        <quantmax>70</quantmax>
        <cost>100</cost>
        <flags count_in_cargo="0" count_in_hoarder="0" count_in_map="1" count_in_player="0" crafted="0" deloot="0" />
        <category name="tools" />
        <tag name="shelves" />
        <usage name="School" />
        <usage name="Industrial" />
    </type>
    <type name="RIP_K2ex">
        <nominal>0</nominal>
        <lifetime>28800</lifetime>
        <restock>0</restock>
        <min>0</min>
        <quantmin>-1</quantmin>
        <quantmax>-1</quantmax>
        <cost>100</cost>
        <flags count_in_cargo="0" count_in_hoarder="0" count_in_map="1" count_in_player="0" crafted="1" deloot="0" />
        <value name="Tier2" />
        <value name="Tier3" />
        <usage name="Military" />
    </type>
    <type name="RIP_HCL">
        <nominal>0</nominal>
        <lifetime>28800</lifetime>
        <restock>0</restock>
        <min>0</min>
        <quantmin>10</quantmin>
        <quantmax>100</quantmax>
        <cost>100</cost>
        <flags count_in_cargo="0" count_in_hoarder="0" count_in_map="1" count_in_player="0" crafted="0" deloot="0" />
        <category name="tools" />
        <usage name="School" />
        <usage name="Industrial" />
    </type>
    <type name="RIP_HNO3">
        <nominal>0</nominal>
        <lifetime>28800</lifetime>
        <restock>2500</restock>
        <min>0</min>
        <quantmin>20</quantmin>
        <quantmax>100</quantmax>
        <cost>100</cost>
        <flags count_in_cargo="0" count_in_hoarder="0" count_in_map="1" count_in_player="0" crafted="0" deloot="0" />
        <category name="tools" />
        <usage name="Industrial" />
        <usage name="School" />
        <usage name="Farm" />
    </type>
    <type name="RIP_HNOEx">
        <nominal>0</nominal>
        <lifetime>28800</lifetime>
        <restock></restock>
        <min>0</min>
        <quantmin>40</quantmin>
        <quantmax>80</quantmax>
        <cost>100</cost>
        <flags count_in_cargo="0" count_in_hoarder="0" count_in_map="1" count_in_player="0" crafted="1" deloot="0" />
        <category name="tools" />
        <usage name="Industrial" />
        <usage name="Farm" />
    </type>
    <type name="RIP_Toluene">
        <nominal>0</nominal>
        <lifetime>28800</lifetime>
        <restock>2500</restock>
        <min>0</min>
        <quantmin>-1</quantmin>
        <quantmax>-1</quantmax>
        <cost>100</cost>
        <flags count_in_cargo="0" count_in_hoarder="0" count_in_map="1" count_in_player="0" crafted="0" deloot="0" />
        <category name="tools" />
        <tag name="shelves" />
        <usage name="School" />
        <usage name="Industrial" />
        <usage name="Farm" />
    </type>
    <type name="RIP_HCN">
        <nominal>0</nominal>
        <lifetime>28800</lifetime>
        <restock>2500</restock>
        <min>0</min>
        <quantmin>10</quantmin>
        <quantmax>100</quantmax>
        <cost>100</cost>
        <flags count_in_cargo="0" count_in_hoarder="0" count_in_map="1" count_in_player="0" crafted="0" deloot="0" />
        <category name="tools" />
        <tag name="shelves" />
        <usage name="School" />
        <usage name="Industrial" />
        <usage name="Farm" />
    </type>
    <type name="RIP_H2SO4">
        <nominal>0</nominal>
        <lifetime>28800</lifetime>
        <restock>2500</restock>
        <min>0</min>
        <quantmin>10</quantmin>
        <quantmax>100</quantmax>
        <cost>100</cost>
        <flags count_in_cargo="0" count_in_hoarder="0" count_in_map="1" count_in_player="0" crafted="0" deloot="0" />
        <category name="tools" />
        <tag name="shelves" />
        <value name="Tier1" />
        <usage name="School" />
        <value name="Tier2" />
        <usage name="Industrial" />
        <usage name="Farm" />
    </type>
    <type name="RIP_Polyurethane">
        <nominal>3</nominal>
        <lifetime>28800</lifetime>
        <restock>2500</restock>
        <min>3</min>
        <quantmin>20</quantmin>
        <quantmax>50</quantmax>
        <cost>100</cost>
        <flags count_in_cargo="0" count_in_hoarder="0" count_in_map="1" count_in_player="0" crafted="0" deloot="0" />
        <category name="tools" />
        <tag name="shelves" />
        <usage name="Industrial" />
        <usage name="Farm" />
        <usage name="School" />
        <value name="Tier3" />
        <value name="Tier4" />
    </type>
    <type name="RIP_Urotropine">
        <nominal>0</nominal>
        <lifetime>28800</lifetime>
        <restock>2500</restock>
        <min>0</min>
        <quantmin>20</quantmin>
        <quantmax>80</quantmax>
        <cost>100</cost>
        <flags count_in_cargo="0" count_in_hoarder="0" count_in_map="1" count_in_player="0" crafted="0" deloot="0" />
        <category name="tools" />
        <usage name="Industrial" />
        <usage name="Farm" />
        <tag name="shelves" />
        <usage name="Medic" />
    </type>
    <type name="RIP_UrotropineEx">
        <nominal>0</nominal>
        <lifetime>28800</lifetime>
        <restock>2500</restock>
        <min>0</min>
        <quantmin>-1</quantmin>
        <quantmax>-1</quantmax>
        <cost>100</cost>
        <flags count_in_cargo="0" count_in_hoarder="0" count_in_map="1" count_in_player="0" crafted="1" deloot="0" />
        <category name="tools" />
        <usage name="Industrial" />
        <usage name="Farm" />
        <tag name="shelves" />
        <usage name="Medic" />
    </type>
    <type name="RIP_DoubleOilerQ">
        <nominal>0</nominal>
        <lifetime>28800</lifetime>
        <restock>4500</restock>
        <min>0</min>
        <quantmin>20</quantmin>
        <quantmax>80</quantmax>
        <cost>100</cost>
        <flags count_in_cargo="0" count_in_hoarder="0" count_in_map="1" count_in_player="0" crafted="0" deloot="0" />
        <category name="tools" />
        <usage name="Military" />
        <usage name="Police" />
        <usage name="Hunting" />
    </type>
    <type name="RIP_Drill">
        <nominal>0</nominal>
        <lifetime>28800</lifetime>
        <restock>4500</restock>
        <min>0</min>
        <quantmin>-1</quantmin>
        <quantmax>-1</quantmax>
        <cost>100</cost>
        <flags count_in_cargo="0" count_in_hoarder="0" count_in_map="1" count_in_player="0" crafted="0" deloot="0" />
        <category name="tools" />
        <usage name="Industrial" />
        <usage name="Farm" />
        <usage name="Village" />
    </type>
    <type name="RIP_DrillBits">
        <nominal>0</nominal>
        <lifetime>28800</lifetime>
        <restock>4500</restock>
        <min>0</min>
        <quantmin>-1</quantmin>
        <quantmax>-1</quantmax>
        <cost>100</cost>
        <flags count_in_cargo="0" count_in_hoarder="0" count_in_map="1" count_in_player="0" crafted="0" deloot="0" />
        <category name="tools" />
        <usage name="Military" />
        <usage name="Police" />
        <usage name="Hunting" />
    </type>
    <type name="RIP_MetalworkingKit">
        <nominal>3</nominal>
        <lifetime>28800</lifetime>
        <restock>8500</restock>
        <min>3</min>
        <quantmin>10</quantmin>
        <quantmax>40</quantmax>
        <cost>100</cost>
        <flags count_in_cargo="0" count_in_hoarder="0" count_in_map="1" count_in_player="0" crafted="0" deloot="0" />
        <category name="tools" />
        <usage name="Industrial" />
        <usage name="Farm" />
        <usage name="Village" />
        <value name="Tier4" />

    </type>
    <type name="RIP_Plumbingparts">
        <nominal>0</nominal>
        <lifetime>28800</lifetime>
        <restock>4500</restock>
        <min>0</min>
        <quantmin>10</quantmin>
        <quantmax>70</quantmax>
        <cost>100</cost>
        <flags count_in_cargo="0" count_in_hoarder="0" count_in_map="1" count_in_player="0" crafted="0" deloot="0" />
        <category name="tools" />
        <usage name="Industrial" />
        <usage name="Farm" />
        <usage name="Village" />
    </type>
    <type name="RIP_MetalRods">
        <nominal>20</nominal>
        <lifetime>28800</lifetime>
        <restock>4500</restock>
        <min>5</min>
        <quantmin>10</quantmin>
        <quantmax>50</quantmax>
        <cost>100</cost>
        <flags count_in_cargo="0" count_in_hoarder="0" count_in_map="1" count_in_player="0" crafted="0" deloot="0" />
        <category name="tools" />
        <usage name="Industrial" />
        <usage name="Farm" />
        <usage name="Village" />
        <value name="Tier1" />
        <value name="Tier2" />
        <value name="Tier3" />
        <value name="Tier4" />
    </type>
    <type name="RIP_OilFilter">
        <nominal>0</nominal>
        <lifetime>28800</lifetime>
        <restock>4500</restock>
        <min>0</min>
        <quantmin>-1</quantmin>
        <quantmax>-1</quantmax>
        <cost>100</cost>
        <flags count_in_cargo="0" count_in_hoarder="0" count_in_map="1" count_in_player="0" crafted="0" deloot="0" />
        <category name="tools" />
        <usage name="Industrial" />
        <usage name="Farm" />
        <usage name="Village" />
    </type>
    <type name="RIP_FilterSilencer">
        <nominal>0</nominal>
        <lifetime>28800</lifetime>
        <restock>4500</restock>
        <min>0</min>
        <quantmin>-1</quantmin>
        <quantmax>-1</quantmax>
        <cost>100</cost>
        <flags count_in_cargo="0" count_in_hoarder="0" count_in_map="1" count_in_player="0" crafted="1" deloot="0" />
        <category name="tools" />
        <usage name="Industrial" />
        <usage name="Farm" />
        <usage name="Village" />
    </type>
    <type name="RIP_Collet">
        <nominal>0</nominal>
        <lifetime>28800</lifetime>
        <restock>4500</restock>
        <min>0</min>
        <quantmin>-1</quantmin>
        <quantmax>-1</quantmax>
        <cost>100</cost>
        <flags count_in_cargo="0" count_in_hoarder="0" count_in_map="1" count_in_player="0" crafted="1" deloot="0" />
        <category name="tools" />
        <usage name="Industrial" />
        <usage name="Farm" />
        <usage name="Village" />
    </type>
    <type name="RIP_DocTube">
        <nominal>0</nominal>
        <lifetime>28800</lifetime>
        <restock>4500</restock>
        <min>0</min>
        <quantmin>-1</quantmin>
        <quantmax>-1</quantmax>
        <cost>100</cost>
        <flags count_in_cargo="0" count_in_hoarder="0" count_in_map="1" count_in_player="0" crafted="0" deloot="0" />
        <category name="tools" />
        <usage name="Office" />
        <usage name="Military" />
        <usage name="Village" />
        <value name="Tier2" />
        <value name="Tier3" />
    </type>
    <type name="RIP_FlashUSB1">
        <nominal>0</nominal>
        <lifetime>28800</lifetime>
        <restock>14500</restock>
        <min>0</min>
        <quantmin>-1</quantmin>
        <quantmax>-1</quantmax>
        <cost>100</cost>
        <flags count_in_cargo="0" count_in_hoarder="0" count_in_map="1" count_in_player="0" crafted="0" deloot="0" />
        <tag name="shelves" />
        <usage name="Town" />
        <usage name="Office" />
        <usage name="Military" />
        <usage name="Village" />
    </type>
    <type name="RIP_FlashUSB2">
        <nominal>0</nominal>
        <lifetime>28800</lifetime>
        <restock>15000</restock>
        <min>0</min>
        <quantmin>-1</quantmin>
        <quantmax>-1</quantmax>
        <cost>100</cost>
        <flags count_in_cargo="0" count_in_hoarder="0" count_in_map="1" count_in_player="0" crafted="0" deloot="0" />
        <category name="tools" />
        <tag name="shelves" />
        <usage name="Office" />
        <usage name="Military" />
        <usage name="Village" />
        <value name="Tier2" />
        <value name="Tier3" />
    </type>
    <type name="RIP_DocFolderLeather">
        <nominal>0</nominal>
        <lifetime>28800</lifetime>
        <restock>15000</restock>
        <min>0</min>
        <quantmin>-1</quantmin>
        <quantmax>-</quantmax>
        <cost>100</cost>
        <flags count_in_cargo="0" count_in_hoarder="0" count_in_map="1" count_in_player="0" crafted="0" deloot="0" />
        <category name="tools" />
        <tag name="shelves" />
        <usage name="Police" />
        <usage name="Industrial" />
        <usage name="Town" />
        <usage name="Medic" />
        <usage name="School" />
        <usage name="Office" />
        <usage name="Military" />
    </type>
    <type name="RIP_DocFolderLeather2">
        <nominal>0</nominal>
        <lifetime>28800</lifetime>
        <restock>15000</restock>
        <min>0</min>
        <quantmin>-1</quantmin>
        <quantmax>-1</quantmax>
        <cost>100</cost>
        <flags count_in_cargo="0" count_in_hoarder="0" count_in_map="1" count_in_player="0" crafted="0" deloot="0" />
        <category name="tools" />
        <tag name="shelves" />
        <usage name="Police" />
        <usage name="Industrial" />
        <usage name="Town" />
        <usage name="Medic" />
        <usage name="School" />
        <usage name="Office" />
        <usage name="Military" />
        <value name="Tier4" />

    </type>
    <type name="RIP_DocFolderLeather3">
        <nominal>0</nominal>
        <lifetime>28800</lifetime>
        <restock>15000</restock>
        <min>0</min>
        <quantmin>-1</quantmin>
        <quantmax>-1</quantmax>
        <cost>100</cost>
        <flags count_in_cargo="0" count_in_hoarder="0" count_in_map="1" count_in_player="0" crafted="0" deloot="0" />
        <category name="tools" />
        <tag name="shelves" />
        <usage name="Police" />
        <usage name="Industrial" />
        <usage name="Town" />
        <usage name="Medic" />
        <usage name="School" />
        <usage name="Office" />
        <usage name="Office" />
        <usage name="Military" />
    </type>
    <type name="RIP_DocFolderLeatherWide2">
        <nominal>3</nominal>
        <lifetime>28800</lifetime>
        <restock>15000</restock>
        <min>3</min>
        <quantmin>-1</quantmin>
        <quantmax>-1</quantmax>
        <cost>100</cost>
        <flags count_in_cargo="0" count_in_hoarder="0" count_in_map="1" count_in_player="0" crafted="0" deloot="0" />
        <category name="tools" />
        <tag name="shelves" />
        <usage name="Police" />
        <usage name="Industrial" />
        <usage name="Town" />
        <usage name="Medic" />
        <usage name="School" />
        <usage name="Office" />
        <usage name="Military" />
        <value name="Tier4" />
    </type>
    <type name="RIP_DocFolderLeatherWide">
        <nominal>0</nominal>
        <lifetime>28800</lifetime>
        <restock>15000</restock>
        <min>0</min>
        <quantmin>-1</quantmin>
        <quantmax>-1</quantmax>
        <cost>100</cost>
        <flags count_in_cargo="0" count_in_hoarder="0" count_in_map="1" count_in_player="0" crafted="0" deloot="0" />
        <category name="tools" />
        <tag name="shelves" />
        <usage name="Police" />
        <usage name="Industrial" />
        <usage name="Town" />
        <usage name="Medic" />
        <usage name="School" />
        <usage name="Office" />
        <usage name="Office" />
        <usage name="Military" />
    </type>
    <type name="RIP_RGDbody">
        <nominal>0</nominal>
        <lifetime>14400</lifetime>
        <restock>0</restock>
        <min>0</min>
        <quantmin>-1</quantmin>
        <quantmax>-1</quantmax>
        <cost>100</cost>
        <flags count_in_cargo="0" count_in_hoarder="0" count_in_map="1" count_in_player="0" crafted="0" deloot="0" />
        <category name="explosives" />
        <usage name="Military" />
    </type>
    <type name="RIP_M213">
        <nominal>0</nominal>
        <lifetime>14400</lifetime>
        <restock>0</restock>
        <min>0</min>
        <quantmin>-1</quantmin>
        <quantmax>-1</quantmax>
        <cost>100</cost>
        <flags count_in_cargo="0" count_in_hoarder="0" count_in_map="1" count_in_player="0" crafted="1" deloot="0" />
        <category name="explosives" />
        <usage name="Military" />
    </type>
    <type name="RIP_M67body">
        <nominal>0</nominal>
        <lifetime>14400</lifetime>
        <restock>0</restock>
        <min>0</min>
        <quantmin>-1</quantmin>
        <quantmax>-1</quantmax>
        <cost>100</cost>
        <flags count_in_cargo="0" count_in_hoarder="0" count_in_map="1" count_in_player="0" crafted="0" deloot="0" />
        <category name="explosives" />
        <usage name="Military" />
    </type>
    <type name="RIP_VOG">
        <nominal>0</nominal>
        <lifetime>14400</lifetime>
        <restock>0</restock>
        <min>0</min>
        <quantmin>-1</quantmin>
        <quantmax>-1</quantmax>
        <cost>100</cost>
        <flags count_in_cargo="0" count_in_hoarder="0" count_in_map="1" count_in_player="0" crafted="0" deloot="0" />
        <category name="explosives" />
        <usage name="Military" />
    </type>
    <type name="RIP_UZRGM">
        <nominal>0</nominal>
        <lifetime>14400</lifetime>
        <restock>0</restock>
        <min>0</min>
        <quantmin>-1</quantmin>
        <quantmax>-1</quantmax>
        <cost>100</cost>
        <flags count_in_cargo="0" count_in_hoarder="0" count_in_map="1" count_in_player="0" crafted="1" deloot="0" />
        <category name="explosives" />
        <usage name="Military" />
    </type>
    <type name="RIP_UZRGMcan">
        <nominal>0</nominal>
        <lifetime>14400</lifetime>
        <restock>0</restock>
        <min>0</min>
        <quantmin>-1</quantmin>
        <quantmax>-1</quantmax>
        <cost>100</cost>
        <flags count_in_cargo="0" count_in_hoarder="0" count_in_map="1" count_in_player="0" crafted="0" deloot="0" />
        <category name="explosives" />
        <usage name="Military" />
    </type>
    <type name="RIP_M67Box">
        <nominal>0</nominal>
        <lifetime>14400</lifetime>
        <restock>0</restock>
        <min>0</min>
        <quantmin>-1</quantmin>
        <quantmax>-1</quantmax>
        <cost>100</cost>
        <flags count_in_cargo="0" count_in_hoarder="0" count_in_map="1" count_in_player="0" crafted="0" deloot="0" />
        <category name="explosives" />
        <usage name="Military" />
    </type>
    <type name="RIP_MiniSD">
        <nominal>0</nominal>
        <lifetime>28800</lifetime>
        <restock>15000</restock>
        <min>0</min>
        <quantmin>-1</quantmin>
        <quantmax>-1</quantmax>
        <cost>100</cost>
        <flags count_in_cargo="0" count_in_hoarder="0" count_in_map="1" count_in_player="0" crafted="0" deloot="0" />
        <category name="tools" />
        <tag name="shelves" />
        <usage name="Police" />
        <usage name="Industrial" />
        <usage name="Town" />
        <usage name="Medic" />
        <usage name="School" />
        <usage name="Office" />
        <usage name="Military" />
    </type>
    <type name="RIP_MicroSD">
        <nominal>0</nominal>
        <lifetime>28800</lifetime>
        <restock>15000</restock>
        <min>0</min>
        <quantmin>-1</quantmin>
        <quantmax>-1</quantmax>
        <cost>100</cost>
        <flags count_in_cargo="0" count_in_hoarder="0" count_in_map="1" count_in_player="0" crafted="0" deloot="0" />
        <category name="tools" />
        <tag name="shelves" />
        <usage name="Police" />
        <usage name="Industrial" />
        <usage name="Town" />
        <usage name="Medic" />
        <usage name="School" />
        <usage name="Office" />
        <usage name="Military" />
    </type>
    <type name="RIP_SDcard">
        <nominal>0</nominal>
        <lifetime>28800</lifetime>
        <restock>15000</restock>
        <min>0</min>
        <quantmin>-1</quantmin>
        <quantmax>-1</quantmax>
        <cost>100</cost>
        <flags count_in_cargo="0" count_in_hoarder="0" count_in_map="1" count_in_player="0" crafted="0" deloot="0" />
        <category name="tools" />
        <tag name="shelves" />
        <usage name="Police" />
        <usage name="Industrial" />
        <usage name="Town" />
        <usage name="Medic" />
        <usage name="School" />
        <usage name="Office" />
        <usage name="Military" />
    </type>
    <type name="RIP_BrushLessmotor">
        <nominal>0</nominal>
        <lifetime>28800</lifetime>
        <restock>15000</restock>
        <min>0</min>
        <quantmin>-1</quantmin>
        <quantmax>-1</quantmax>
        <cost>100</cost>
        <flags count_in_cargo="0" count_in_hoarder="0" count_in_map="1" count_in_player="0" crafted="0" deloot="0" />
        <category name="tools" />
        <tag name="shelves" />
        <usage name="Police" />
        <usage name="Industrial" />
        <usage name="Military" />
        <value name="Tier2" />
        <value name="Tier3" />
    </type>
    <type name="RIP_LiPoBatt">
        <nominal>0</nominal>
        <lifetime>28800</lifetime>
        <restock>15000</restock>
        <min>0</min>
        <quantmin>-1</quantmin>
        <quantmax>-1</quantmax>
        <cost>100</cost>
        <flags count_in_cargo="0" count_in_hoarder="0" count_in_map="1" count_in_player="0" crafted="0" deloot="0" />
        <category name="tools" />
        <tag name="shelves" />
        <usage name="Police" />
        <usage name="Industrial" />
        <usage name="Military" />
    </type>
    <type name="RIP_DroneAutopilot">
        <nominal>0</nominal>
        <lifetime>28800</lifetime>
        <restock>15000</restock>
        <min>0</min>
        <quantmin>-1</quantmin>
        <quantmax>-1</quantmax>
        <cost>100</cost>
        <flags count_in_cargo="0" count_in_hoarder="0" count_in_map="1" count_in_player="0" crafted="0" deloot="0" />
        <category name="tools" />
        <tag name="shelves" />
        <usage name="Police" />
        <usage name="Industrial" />
        <usage name="Military" />
        <value name="Tier2" />
        <value name="Tier3" />
    </type>
    <type name="RIP_ElmotorSm">
        <nominal>0</nominal>
        <lifetime>28800</lifetime>
        <restock>15000</restock>
        <min>0</min>
        <quantmin>-1</quantmin>
        <quantmax>-1</quantmax>
        <cost>100</cost>
        <flags count_in_cargo="0" count_in_hoarder="0" count_in_map="1" count_in_player="0" crafted="0" deloot="0" />
        <category name="tools" />
        <tag name="shelves" />
        <usage name="Police" />
        <usage name="Industrial" />
        <usage name="Military" />
    </type>
    <type name="RIP_Transceiver">
        <nominal>0</nominal>
        <lifetime>28800</lifetime>
        <restock>15000</restock>
        <min>0</min>
        <quantmin>-1</quantmin>
        <quantmax>-1</quantmax>
        <cost>100</cost>
        <flags count_in_cargo="0" count_in_hoarder="0" count_in_map="1" count_in_player="0" crafted="0" deloot="0" />
        <category name="tools" />
        <tag name="shelves" />
        <usage name="Police" />
        <usage name="Industrial" />
        <usage name="Military" />
    </type>
    <type name="RIP_ElmotorDriver">
        <nominal>0</nominal>
        <lifetime>28800</lifetime>
        <restock>15000</restock>
        <min>0</min>
        <quantmin>-1</quantmin>
        <quantmax>-1</quantmax>
        <cost>100</cost>
        <flags count_in_cargo="0" count_in_hoarder="0" count_in_map="1" count_in_player="0" crafted="0" deloot="0" />
        <category name="tools" />
        <tag name="shelves" />
        <usage name="Police" />
        <usage name="Industrial" />
        <usage name="Military" />
    </type>
    <type name="RIP_FPVcam">
        <nominal>5</nominal>
        <lifetime>28800</lifetime>
        <restock>0</restock>
        <min>1</min>
        <quantmin>-1</quantmin>
        <quantmax>-1</quantmax>
        <cost>100</cost>
        <flags count_in_cargo="0" count_in_hoarder="0" count_in_map="1" count_in_player="0" crafted="0" deloot="0" />
        <category name="tools" />
        <tag name="shelves" />
        <usage name="Police" />
        <usage name="Military" />
        <usage name="Town" />

    </type>
    <type name="RIP_Kevlar">
        <nominal>10</nominal>
        <lifetime>28800</lifetime>
        <restock>0</restock>
        <min>3</min>
        <quantmin>20</quantmin>
        <quantmax>70</quantmax>
        <cost>100</cost>
        <flags count_in_cargo="0" count_in_hoarder="0" count_in_map="1" count_in_player="0" crafted="0" deloot="0" />
        <category name="RadiationZone" />
        <tag name="shelves" />
    </type>
    <type name="RIP_AP">
        <nominal>0</nominal>
        <lifetime>28800</lifetime>
        <restock>0</restock>
        <min>0</min>
        <quantmin>-1</quantmin>
        <quantmax>-1</quantmax>
        <cost>100</cost>
        <flags count_in_cargo="0" count_in_hoarder="0" count_in_map="1" count_in_player="0" crafted="0" deloot="0" />
        <!-- <category name="tools" />
        <tag name="shelves" /> -->
        <category name="RadiationZone" />
        <tag name="shelves" />
        <!-- <usage name="Police" /> -->
        <!-- <usage name="Military" /> -->
    </type>
    <type name="RIP_AP2">
        <nominal>0</nominal>
        <lifetime>28800</lifetime>
        <restock>15000</restock>
        <min>0</min>
        <quantmin>-1</quantmin>
        <quantmax>-1</quantmax>
        <cost>100</cost>
        <flags count_in_cargo="0" count_in_hoarder="0" count_in_map="1" count_in_player="0" crafted="0" deloot="0" />
        <category name="tools" />
        <tag name="shelves" />
        <usage name="Police" />
        <usage name="Military" />
    </type>
    <type name="RIP_AP3">
        <nominal>0</nominal>
        <lifetime>28800</lifetime>
        <restock>15000</restock>
        <min>0</min>
        <quantmin>-1</quantmin>
        <quantmax>-1</quantmax>
        <cost>100</cost>
        <flags count_in_cargo="0" count_in_hoarder="0" count_in_map="1" count_in_player="0" crafted="0" deloot="0" />
        <category name="tools" />
        <tag name="shelves" />
        <usage name="Police" />
        <usage name="Military" />
    </type>
    <type name="RIP_AP4">
        <nominal>0</nominal>
        <lifetime>28800</lifetime>
        <restock>15000</restock>
        <min>0</min>
        <quantmin>-1</quantmin>
        <quantmax>-1</quantmax>
        <cost>100</cost>
        <flags count_in_cargo="0" count_in_hoarder="0" count_in_map="1" count_in_player="0" crafted="0" deloot="0" />
        <category name="tools" />
        <tag name="shelves" />
        <usage name="Police" />
        <usage name="Military" />
    </type>
    <type name="RIP_A5">
        <nominal>0</nominal>
        <lifetime>28800</lifetime>
        <restock>15000</restock>
        <min>0</min>
        <quantmin>-1</quantmin>
        <quantmax>-1</quantmax>
        <cost>100</cost>
        <flags count_in_cargo="0" count_in_hoarder="0" count_in_map="1" count_in_player="0" crafted="0" deloot="0" />
        <category name="tools" />
        <tag name="shelves" />
        <usage name="Police" />
        <usage name="Military" />
    </type>
    <type name="RIP_AP6">
        <nominal>0</nominal>
        <lifetime>28800</lifetime>
        <restock>15000</restock>
        <min>0</min>
        <quantmin>-1</quantmin>
        <quantmax>-1</quantmax>
        <cost>100</cost>
        <flags count_in_cargo="0" count_in_hoarder="0" count_in_map="1" count_in_player="0" crafted="0" deloot="0" />
        <category name="tools" />
        <tag name="shelves" />
        <usage name="Police" />
        <usage name="Military" />
    </type>
    <type name="RIP_LeadSheets">
        <nominal>0</nominal>
        <lifetime>28800</lifetime>
        <restock>15000</restock>
        <min>0</min>
        <quantmin>-1</quantmin>
        <quantmax>-1</quantmax>
        <cost>100</cost>
        <flags count_in_cargo="0" count_in_hoarder="0" count_in_map="1" count_in_player="0" crafted="0" deloot="0" />
        <category name="tools" />
        <tag name="shelves" />
        <usage name="Police" />
        <usage name="Military" />
    </type>
    <type name="RIP_LeadSmall">
        <nominal>0</nominal>
        <lifetime>28800</lifetime>
        <restock>15000</restock>
        <min>0</min>
        <quantmin>10</quantmin>
        <quantmax>60</quantmax>
        <cost>100</cost>
        <flags count_in_cargo="0" count_in_hoarder="0" count_in_map="1" count_in_player="0" crafted="0" deloot="0" />
        <category name="tools" />
        <tag name="shelves" />
        <usage name="Police" />
        <usage name="Military" />
    </type>
    <type name="RIP_Carbon">
        <nominal>3</nominal>
        <lifetime>28800</lifetime>
        <restock>0</restock>
        <min>1</min>
        <quantmin>10</quantmin>
        <quantmax>20</quantmax>
        <cost>100</cost>
        <flags count_in_cargo="0" count_in_hoarder="0" count_in_map="1" count_in_player="0" crafted="0" deloot="0" />
        <!-- <category name="tools" /> -->
        <category name="RadiationZone" />
        <!-- <tag name="shelves" /> -->
        <!-- <usage name="Police" /> -->
        <!-- <usage name="Military" /> -->
    </type>
    <type name="RIP_oilcan">
        <nominal>0</nominal>
        <lifetime>28800</lifetime>
        <restock>0</restock>
        <min>0</min>
        <quantmin>20</quantmin>
        <quantmax>80</quantmax>
        <cost>100</cost>
        <flags count_in_cargo="0" count_in_hoarder="0" count_in_map="1" count_in_player="0" crafted="0" deloot="0" />
        <category name="tools" />
        <usage name="Industrial" />
        <usage name="Farm" />
        <usage name="Village" />
    </type>
    <type name="RIP_Plexiglass">
        <nominal>0</nominal>
        <lifetime>28800</lifetime>
        <restock>0</restock>
        <min>0</min>
        <quantmin>50</quantmin>
        <quantmax>100</quantmax>
        <cost>100</cost>
        <flags count_in_cargo="0" count_in_hoarder="0" count_in_map="1" count_in_player="0" crafted="0" deloot="0" />
        <category name="tools" />
        <usage name="Industrial" />
        <usage name="Farm" />
        <usage name="Village" />
    </type>
    <type name="RIP_BoltCutter">
        <nominal>0</nominal>
        <lifetime>28800</lifetime>
        <restock>0</restock>
        <min>0</min>
        <quantmin>-1</quantmin>
        <quantmax>-1</quantmax>
        <cost>100</cost>
        <flags count_in_cargo="0" count_in_hoarder="0" count_in_map="1" count_in_player="0" crafted="0" deloot="0" />
        <category name="tools" />
        <tag name="shelves" />
        <usage name="Police" />
        <usage name="Industrial" />
        <usage name="Military" />
        <value name="Tier3" />
        <value name="Tier4" />
        <usage name="Industrial" />
        <usage name="Farm" />
        <usage name="Village" />
    </type>
    <type name="RIP_microFPVcam">
        <nominal>0</nominal>
        <lifetime>28800</lifetime>
        <restock>0</restock>
        <min>0</min>
        <quantmin>50</quantmin>
        <quantmax>100</quantmax>
        <cost>100</cost>
        <flags count_in_cargo="0" count_in_hoarder="0" count_in_map="1" count_in_player="0" crafted="0" deloot="0" />
        <category name="tools" />
        <tag name="shelves" />
        <usage name="Police" />
        <usage name="Military" />
    </type>
    <type name="RIP_thermometer">
        <nominal>0</nominal>
        <lifetime>28800</lifetime>
        <restock>0</restock>
        <min>0</min>
        <quantmin>50</quantmin>
        <quantmax>100</quantmax>
        <cost>100</cost>
        <flags count_in_cargo="0" count_in_hoarder="0" count_in_map="1" count_in_player="0" crafted="0" deloot="0" />
        <category name="tools" />
        <usage name="Industrial" />
        <usage name="Farm" />
        <usage name="Village" />
    </type>
    <type name="RIP_CuttingDisc">
        <nominal>10</nominal>
        <lifetime>28800</lifetime>
        <restock>0</restock>
        <min>5</min>
        <quantmin>50</quantmin>
        <quantmax>100</quantmax>
        <cost>100</cost>
        <flags count_in_cargo="0" count_in_hoarder="0" count_in_map="1" count_in_player="0" crafted="0" deloot="0" />
        <category name="tools" />
        <usage name="Industrial" />
        <usage name="Farm" />
        <usage name="Village" />
    </type>
    <type name="RIP_CuttingDisc">
        <nominal>10</nominal>
        <lifetime>28800</lifetime>
        <restock>0</restock>
        <min>5</min>
        <quantmin>-1</quantmin>
        <quantmax>-1</quantmax>
        <cost>100</cost>
        <flags count_in_cargo="0" count_in_hoarder="0" count_in_map="1" count_in_player="0" crafted="0" deloot="0" />
        <category name="tools" />
        <usage name="Industrial" />
        <usage name="Farm" />
        <usage name="Village" />
        <value name="Tier1" />
        <value name="Tier2" />

    </type>
    <type name="RIP_SmallLaser">
        <nominal>0</nominal>
        <lifetime>28800</lifetime>
        <restock>0</restock>
        <min>0</min>
        <quantmin>-1</quantmin>
        <quantmax>-1</quantmax>
        <cost>100</cost>
        <flags count_in_cargo="0" count_in_hoarder="0" count_in_map="1" count_in_player="0" crafted="0" deloot="0" />
        <category name="tools" />
        <usage name="Industrial" />
        <usage name="Military" />
        <usage name="Police" />
        <value name="Tier2" />
        <value name="Tier3" />
    </type>
    <type name="RIP_GlassPK">
        <nominal>20</nominal>
        <lifetime>28800</lifetime>
        <restock>0</restock>
        <min>5</min>
        <quantmin>20</quantmin>
        <quantmax>20</quantmax>
        <cost>100</cost>
        <flags count_in_cargo="0" count_in_hoarder="0" count_in_map="1" count_in_player="0" crafted="0" deloot="0" />
        <category name="tools" />
        <usage name="Industrial" />
        <usage name="Farm" />
        <usage name="Village" />
        <usage name="Town"/>
        <value name="Tier3" />
        <value name="Tier4" />
    </type>
</types>      