<?xml version="1.0" encoding="UTF-8"?>
<territory-type>
    <territory color="4294945280">
        <zone name="Zone_fox" smin="0" smax="0" dmin="0" dmax="1" x="322.5" z="2426.25" r="50"/>
        <zone name="Zone_fox" smin="0" smax="0" dmin="0" dmax="1" x="247.5" z="2681.25" r="50"/>
        <zone name="Zone_fox" smin="0" smax="0" dmin="0" dmax="1" x="1593.75" z="2355" r="50"/>
        <zone name="Zone_fox" smin="0" smax="0" dmin="0" dmax="1" x="1612.5" z="2812.5" r="50"/>
        <zone name="Zone_fox" smin="0" smax="0" dmin="0" dmax="1" x="2111.25" z="3123.75" r="50"/>
        <zone name="Zone_fox" smin="0" smax="0" dmin="0" dmax="1" x="2280" z="2921.25" r="50"/>
        <zone name="Zone_fox" smin="0" smax="0" dmin="0" dmax="1" x="2201.25" z="2621.25" r="50"/>
        <zone name="Zone_fox" smin="0" smax="0" dmin="0" dmax="1" x="1890" z="3303.75" r="50"/>
        <zone name="Zone_fox" smin="0" smax="0" dmin="0" dmax="1" x="1593.75" z="3240" r="50"/>
        <zone name="Zone_fox" smin="0" smax="0" dmin="0" dmax="1" x="952.5" z="3588.75" r="50"/>
        <zone name="Zone_fox" smin="0" smax="0" dmin="0" dmax="1" x="933.75" z="3885" r="50"/>
        <zone name="Zone_fox" smin="0" smax="0" dmin="0" dmax="1" x="757.5" z="4241.25" r="50"/>
        <zone name="Zone_fox" smin="0" smax="0" dmin="0" dmax="1" x="690" z="4781.25" r="50"/>
        <zone name="Zone_fox" smin="0" smax="0" dmin="0" dmax="1" x="903.75" z="4455" r="50"/>
        <zone name="Zone_fox" smin="0" smax="0" dmin="0" dmax="1" x="1316.25" z="4372.5" r="50"/>
        <zone name="Zone_fox" smin="0" smax="0" dmin="0" dmax="1" x="1466.25" z="4466.25" r="50"/>
        <zone name="Zone_fox" smin="0" smax="0" dmin="0" dmax="1" x="1620" z="4620" r="50"/>
        <zone name="Zone_fox" smin="0" smax="0" dmin="0" dmax="1" x="1676.25" z="4312.5" r="50"/>
        <zone name="Zone_fox" smin="0" smax="0" dmin="0" dmax="1" x="840" z="5673.75" r="50"/>
        <zone name="Zone_fox" smin="0" smax="0" dmin="0" dmax="1" x="832.5" z="5396.25" r="50"/>
        <zone name="Zone_fox" smin="0" smax="0" dmin="0" dmax="1" x="686.25" z="5553.75" r="50"/>
        <zone name="Zone_fox" smin="0" smax="0" dmin="0" dmax="1" x="705" z="5996.25" r="50"/>
        <zone name="Zone_fox" smin="0" smax="0" dmin="0" dmax="1" x="510" z="6067.5" r="50"/>
        <zone name="Zone_fox" smin="0" smax="0" dmin="0" dmax="1" x="262.5" z="6180" r="50"/>
        <zone name="Zone_fox" smin="0" smax="0" dmin="0" dmax="1" x="300" z="6000" r="50"/>
        <zone name="Zone_fox" smin="0" smax="0" dmin="0" dmax="1" x="750" z="6333.75" r="50"/>
        <zone name="Zone_fox" smin="0" smax="0" dmin="0" dmax="1" x="708.75" z="6641.25" r="50"/>
        <zone name="Zone_fox" smin="0" smax="0" dmin="0" dmax="1" x="577.5" z="7027.5" r="50"/>
        <zone name="Zone_fox" smin="0" smax="0" dmin="0" dmax="1" x="112.5" z="7035" r="50"/>
        <zone name="Zone_fox" smin="0" smax="0" dmin="0" dmax="1" x="303.75" z="7567.5" r="50"/>
        <zone name="Zone_fox" smin="0" smax="0" dmin="0" dmax="1" x="360" z="7807.5" r="50"/>
        <zone name="Zone_fox" smin="0" smax="0" dmin="0" dmax="1" x="491.25" z="8111.25" r="50"/>
        <zone name="Zone_fox" smin="0" smax="0" dmin="0" dmax="1" x="686.25" z="8231.25" r="50"/>
        <zone name="Zone_fox" smin="0" smax="0" dmin="0" dmax="1" x="326.25" z="9746.25" r="50"/>
        <zone name="Zone_fox" smin="0" smax="0" dmin="0" dmax="1" x="270" z="10091.3" r="50"/>
        <zone name="Zone_fox" smin="0" smax="0" dmin="0" dmax="1" x="296.25" z="10470" r="50"/>
        <zone name="Zone_fox" smin="0" smax="0" dmin="0" dmax="1" x="513.75" z="10635" r="50"/>
        <zone name="Zone_fox" smin="0" smax="0" dmin="0" dmax="1" x="630" z="10946.3" r="50"/>
        <zone name="Zone_fox" smin="0" smax="0" dmin="0" dmax="1" x="596.25" z="11921.3" r="50"/>
        <zone name="Zone_fox" smin="0" smax="0" dmin="0" dmax="1" x="900" z="11805" r="50"/>
        <zone name="Zone_fox" smin="0" smax="0" dmin="0" dmax="1" x="513.75" z="12266.3" r="50"/>
        <zone name="Zone_fox" smin="0" smax="0" dmin="0" dmax="1" x="401.25" z="11850" r="50"/>
        <zone name="Zone_fox" smin="0" smax="0" dmin="0" dmax="1" x="513.75" z="11478.8" r="50"/>
        <zone name="Zone_fox" smin="0" smax="0" dmin="0" dmax="1" x="401.25" z="11703.8" r="50"/>
        <zone name="Zone_fox" smin="0" smax="0" dmin="0" dmax="1" x="862.5" z="11430" r="50"/>
        <zone name="Zone_fox" smin="0" smax="0" dmin="0" dmax="1" x="1188.75" z="12367.5" r="50"/>
        <zone name="Zone_fox" smin="0" smax="0" dmin="0" dmax="1" x="1500" z="12382.5" r="50"/>
        <zone name="Zone_fox" smin="0" smax="0" dmin="0" dmax="1" x="1751.25" z="12588.8" r="50"/>
        <zone name="Zone_fox" smin="0" smax="0" dmin="0" dmax="1" x="2062.5" z="12911.3" r="50"/>
        <zone name="Zone_fox" smin="0" smax="0" dmin="0" dmax="1" x="2220" z="13110" r="50"/>
        <zone name="Zone_fox" smin="0" smax="0" dmin="0" dmax="1" x="2595" z="13282.5" r="50"/>
        <zone name="Zone_fox" smin="0" smax="0" dmin="0" dmax="1" x="2632.5" z="13871.3" r="50"/>
        <zone name="Zone_fox" smin="0" smax="0" dmin="0" dmax="1" x="2718.75" z="13470" r="50"/>
        <zone name="Zone_fox" smin="0" smax="0" dmin="0" dmax="1" x="2850" z="13698.8" r="50"/>
        <zone name="Zone_fox" smin="0" smax="0" dmin="0" dmax="1" x="3142.5" z="13361.3" r="50"/>
        <zone name="Zone_fox" smin="0" smax="0" dmin="0" dmax="1" x="2898.75" z="13342.5" r="50"/>
        <zone name="Zone_fox" smin="0" smax="0" dmin="0" dmax="1" x="3491.25" z="13796.3" r="50"/>
        <zone name="Zone_fox" smin="0" smax="0" dmin="0" dmax="1" x="3708.75" z="13515" r="50"/>
        <zone name="Zone_fox" smin="0" smax="0" dmin="0" dmax="1" x="4091.25" z="13560" r="50"/>
        <zone name="Zone_fox" smin="0" smax="0" dmin="0" dmax="1" x="4327.5" z="13582.5" r="50"/>
        <zone name="Zone_fox" smin="0" smax="0" dmin="0" dmax="1" x="3911.25" z="13807.5" r="50"/>
        <zone name="Zone_fox" smin="0" smax="0" dmin="0" dmax="1" x="4083.75" z="14085" r="50"/>
        <zone name="Zone_fox" smin="0" smax="0" dmin="0" dmax="1" x="4372.5" z="14148.8" r="50"/>
        <zone name="Zone_fox" smin="0" smax="0" dmin="0" dmax="1" x="4616.25" z="13908.8" r="50"/>
        <zone name="Zone_fox" smin="0" smax="0" dmin="0" dmax="1" x="4923.75" z="13635" r="50"/>
        <zone name="Zone_fox" smin="0" smax="0" dmin="0" dmax="1" x="5163.75" z="13927.5" r="50"/>
        <zone name="Zone_fox" smin="0" smax="0" dmin="0" dmax="1" x="5632.5" z="13417.5" r="50"/>
        <zone name="Zone_fox" smin="0" smax="0" dmin="0" dmax="1" x="5190" z="13413.8" r="50"/>
        <zone name="Zone_fox" smin="0" smax="0" dmin="0" dmax="1" x="6423.75" z="13725" r="50"/>
        <zone name="Zone_fox" smin="0" smax="0" dmin="0" dmax="1" x="6570" z="13305" r="50"/>
        <zone name="Zone_fox" smin="0" smax="0" dmin="0" dmax="1" x="6941.25" z="13117.5" r="50"/>
        <zone name="Zone_fox" smin="0" smax="0" dmin="0" dmax="1" x="7027.5" z="13323.8" r="50"/>
        <zone name="Zone_fox" smin="0" smax="0" dmin="0" dmax="1" x="7181.25" z="13432.5" r="50"/>
        <zone name="Zone_fox" smin="0" smax="0" dmin="0" dmax="1" x="7395" z="13631.3" r="50"/>
        <zone name="Zone_fox" smin="0" smax="0" dmin="0" dmax="1" x="7957.5" z="13470" r="50"/>
        <zone name="Zone_fox" smin="0" smax="0" dmin="0" dmax="1" x="8231.25" z="13481.3" r="50"/>
        <zone name="Zone_fox" smin="0" smax="0" dmin="0" dmax="1" x="8643.75" z="13616.3" r="50"/>
        <zone name="Zone_fox" smin="0" smax="0" dmin="0" dmax="1" x="9915" z="13240" r="50"/>
        <zone name="Zone_fox" smin="0" smax="0" dmin="0" dmax="1" x="9950" z="12935" r="50"/>
        <zone name="Zone_fox" smin="0" smax="0" dmin="0" dmax="1" x="11595" z="13315" r="50"/>
        <zone name="Zone_fox" smin="0" smax="0" dmin="0" dmax="1" x="11365" z="13240" r="50"/>
        <zone name="Zone_fox" smin="0" smax="0" dmin="0" dmax="1" x="11445" z="12905" r="50"/>
        <zone name="Zone_fox" smin="0" smax="0" dmin="0" dmax="1" x="10780" z="12680" r="50"/>
        <zone name="Zone_fox" smin="0" smax="0" dmin="0" dmax="1" x="10540" z="12235" r="50"/>
        <zone name="Zone_fox" smin="0" smax="0" dmin="0" dmax="1" x="9565" z="12095" r="50"/>
        <zone name="Zone_fox" smin="0" smax="0" dmin="0" dmax="1" x="9190" z="12490" r="50"/>
        <zone name="Zone_fox" smin="0" smax="0" dmin="0" dmax="1" x="9310" z="12745" r="50"/>
        <zone name="Zone_fox" smin="0" smax="0" dmin="0" dmax="1" x="9590" z="12640" r="50"/>
        <zone name="Zone_fox" smin="0" smax="0" dmin="0" dmax="1" x="9995" z="12480" r="50"/>
        <zone name="Zone_fox" smin="0" smax="0" dmin="0" dmax="1" x="10225" z="12000" r="50"/>
        <zone name="Zone_fox" smin="0" smax="0" dmin="0" dmax="1" x="10220" z="11705" r="50"/>
        <zone name="Zone_fox" smin="0" smax="0" dmin="0" dmax="1" x="10505" z="11545" r="50"/>
        <zone name="Zone_fox" smin="0" smax="0" dmin="0" dmax="1" x="10925" z="11280" r="50"/>
        <zone name="Zone_fox" smin="0" smax="0" dmin="0" dmax="1" x="11355" z="11385" r="50"/>
        <zone name="Zone_fox" smin="0" smax="0" dmin="0" dmax="1" x="11620" z="11265" r="50"/>
        <zone name="Zone_fox" smin="0" smax="0" dmin="0" dmax="1" x="12735" z="13630" r="50"/>
        <zone name="Zone_fox" smin="0" smax="0" dmin="0" dmax="1" x="12945" z="11800" r="50"/>
        <zone name="Zone_fox" smin="0" smax="0" dmin="0" dmax="1" x="12910" z="11260" r="50"/>
        <zone name="Zone_fox" smin="0" smax="0" dmin="0" dmax="1" x="12635" z="11265" r="50"/>
        <zone name="Zone_fox" smin="0" smax="0" dmin="0" dmax="1" x="12230" z="11355" r="50"/>
        <zone name="Zone_fox" smin="0" smax="0" dmin="0" dmax="1" x="11935" z="10700" r="50"/>
        <zone name="Zone_fox" smin="0" smax="0" dmin="0" dmax="1" x="11875" z="10420" r="50"/>
        <zone name="Zone_fox" smin="0" smax="0" dmin="0" dmax="1" x="11535" z="10415" r="50"/>
        <zone name="Zone_fox" smin="0" smax="0" dmin="0" dmax="1" x="11595" z="10195" r="50"/>
        <zone name="Zone_fox" smin="0" smax="0" dmin="0" dmax="1" x="12455" z="11040" r="50"/>
        <zone name="Zone_fox" smin="0" smax="0" dmin="0" dmax="1" x="11815" z="10030" r="50"/>
        <zone name="Zone_fox" smin="0" smax="0" dmin="0" dmax="1" x="10950" z="10440" r="50"/>
        <zone name="Zone_fox" smin="0" smax="0" dmin="0" dmax="1" x="10700" z="11060" r="50"/>
        <zone name="Zone_fox" smin="0" smax="0" dmin="0" dmax="1" x="10525" z="10660" r="50"/>
        <zone name="Zone_fox" smin="0" smax="0" dmin="0" dmax="1" x="10370" z="10185" r="50"/>
        <zone name="Zone_fox" smin="0" smax="0" dmin="0" dmax="1" x="10045" z="10660" r="50"/>
        <zone name="Zone_fox" smin="0" smax="0" dmin="0" dmax="1" x="9960" z="10950" r="50"/>
        <zone name="Zone_fox" smin="0" smax="0" dmin="0" dmax="1" x="9775" z="10595" r="50"/>
        <zone name="Zone_fox" smin="0" smax="0" dmin="0" dmax="1" x="12880" z="13565" r="50"/>
        <zone name="Zone_fox" smin="0" smax="0" dmin="0" dmax="1" x="14270" z="15045" r="50"/>
        <zone name="Zone_fox" smin="0" smax="0" dmin="0" dmax="1" x="14510" z="14810" r="50"/>
        <zone name="Zone_fox" smin="0" smax="0" dmin="0" dmax="1" x="14210" z="14660" r="50"/>
        <zone name="Zone_fox" smin="0" smax="0" dmin="0" dmax="1" x="13990" z="14285" r="50"/>
        <zone name="Zone_fox" smin="0" smax="0" dmin="0" dmax="1" x="13870" z="14400" r="50"/>
        <zone name="Zone_fox" smin="0" smax="0" dmin="0" dmax="1" x="14065" z="14140" r="50"/>
        <zone name="Zone_fox" smin="0" smax="0" dmin="0" dmax="1" x="14565" z="14100" r="50"/>
        <zone name="Zone_fox" smin="0" smax="0" dmin="0" dmax="1" x="14185" z="14040" r="50"/>
        <zone name="Zone_fox" smin="0" smax="0" dmin="0" dmax="1" x="15025" z="13955" r="50"/>
        <zone name="Zone_fox" smin="0" smax="0" dmin="0" dmax="1" x="13440" z="14695" r="50"/>
        <zone name="Zone_fox" smin="0" smax="0" dmin="0" dmax="1" x="13300" z="15100" r="50"/>
        <zone name="Zone_fox" smin="0" smax="0" dmin="0" dmax="1" x="13485" z="13545" r="50"/>
        <zone name="Zone_fox" smin="0" smax="0" dmin="0" dmax="1" x="13830" z="12850" r="50"/>
        <zone name="Zone_fox" smin="0" smax="0" dmin="0" dmax="1" x="13230" z="12580" r="50"/>
        <zone name="Zone_fox" smin="0" smax="0" dmin="0" dmax="1" x="12875" z="12380" r="50"/>
        <zone name="Zone_fox" smin="0" smax="0" dmin="0" dmax="1" x="13395" z="11840" r="50"/>
        <zone name="Zone_fox" smin="0" smax="0" dmin="0" dmax="1" x="13090" z="11290" r="50"/>
        <zone name="Zone_fox" smin="0" smax="0" dmin="0" dmax="1" x="11030" z="9455" r="50"/>
        <zone name="Zone_fox" smin="0" smax="0" dmin="0" dmax="1" x="11240" z="9635" r="50"/>
        <zone name="Zone_fox" smin="0" smax="0" dmin="0" dmax="1" x="11630" z="9675" r="50"/>
        <zone name="Zone_fox" smin="0" smax="0" dmin="0" dmax="1" x="12820" z="11040" r="50"/>
        <zone name="Zone_fox" smin="0" smax="0" dmin="0" dmax="1" x="10945" z="9005" r="50"/>
        <zone name="Zone_fox" smin="0" smax="0" dmin="0" dmax="1" x="10535" z="9205" r="50"/>
        <zone name="Zone_fox" smin="0" smax="0" dmin="0" dmax="1" x="10220" z="9295" r="50"/>
        <zone name="Zone_fox" smin="0" smax="0" dmin="0" dmax="1" x="10030" z="9595" r="50"/>
        <zone name="Zone_fox" smin="0" smax="0" dmin="0" dmax="1" x="10765" z="9350" r="50"/>
        <zone name="Zone_fox" smin="0" smax="0" dmin="0" dmax="1" x="10805" z="9020" r="50"/>
        <zone name="Zone_fox" smin="0" smax="0" dmin="0" dmax="1" x="11480" z="9010" r="50"/>
        <zone name="Zone_fox" smin="0" smax="0" dmin="0" dmax="1" x="11815" z="8845" r="50"/>
        <zone name="Zone_fox" smin="0" smax="0" dmin="0" dmax="1" x="11980" z="8555" r="50"/>
        <zone name="Zone_fox" smin="0" smax="0" dmin="0" dmax="1" x="12000" z="8240" r="50"/>
        <zone name="Zone_fox" smin="0" smax="0" dmin="0" dmax="1" x="12250" z="8090" r="50"/>
        <zone name="Zone_fox" smin="0" smax="0" dmin="0" dmax="1" x="12435" z="8210" r="50"/>
        <zone name="Zone_fox" smin="0" smax="0" dmin="0" dmax="1" x="12530" z="8040" r="50"/>
        <zone name="Zone_fox" smin="0" smax="0" dmin="0" dmax="1" x="12540" z="7590" r="50"/>
        <zone name="Zone_fox" smin="0" smax="0" dmin="0" dmax="1" x="11625" z="7825" r="50"/>
        <zone name="Zone_fox" smin="0" smax="0" dmin="0" dmax="1" x="11350" z="8035" r="50"/>
        <zone name="Zone_fox" smin="0" smax="0" dmin="0" dmax="1" x="11075" z="8425" r="50"/>
        <zone name="Zone_fox" smin="0" smax="0" dmin="0" dmax="1" x="10845" z="8680" r="50"/>
        <zone name="Zone_fox" smin="0" smax="0" dmin="0" dmax="1" x="10400" z="8845" r="50"/>
        <zone name="Zone_fox" smin="0" smax="0" dmin="0" dmax="1" x="10200" z="8925" r="50"/>
        <zone name="Zone_fox" smin="0" smax="0" dmin="0" dmax="1" x="12175" z="6745" r="50"/>
        <zone name="Zone_fox" smin="0" smax="0" dmin="0" dmax="1" x="12865" z="7055" r="50"/>
        <zone name="Zone_fox" smin="0" smax="0" dmin="0" dmax="1" x="12635" z="5810" r="50"/>
        <zone name="Zone_fox" smin="0" smax="0" dmin="0" dmax="1" x="12275" z="5685" r="50"/>
        <zone name="Zone_fox" smin="0" smax="0" dmin="0" dmax="1" x="11790" z="5525" r="50"/>
        <zone name="Zone_fox" smin="0" smax="0" dmin="0" dmax="1" x="11695" z="5690" r="50"/>
        <zone name="Zone_fox" smin="0" smax="0" dmin="0" dmax="1" x="12870" z="5780" r="50"/>
        <zone name="Zone_fox" smin="0" smax="0" dmin="0" dmax="1" x="13205" z="5725" r="50"/>
        <zone name="Zone_fox" smin="0" smax="0" dmin="0" dmax="1" x="11295" z="5760" r="50"/>
        <zone name="Zone_fox" smin="0" smax="0" dmin="0" dmax="1" x="11095" z="5030" r="50"/>
        <zone name="Zone_fox" smin="0" smax="0" dmin="0" dmax="1" x="11145" z="4780" r="50"/>
        <zone name="Zone_fox" smin="0" smax="0" dmin="0" dmax="1" x="11275" z="5015" r="50"/>
        <zone name="Zone_fox" smin="0" smax="0" dmin="0" dmax="1" x="11375" z="5205" r="50"/>
        <zone name="Zone_fox" smin="0" smax="0" dmin="0" dmax="1" x="10400" z="4620" r="50"/>
        <zone name="Zone_fox" smin="0" smax="0" dmin="0" dmax="1" x="10275" z="4975" r="50"/>
        <zone name="Zone_fox" smin="0" smax="0" dmin="0" dmax="1" x="10315" z="5220" r="50"/>
        <zone name="Zone_fox" smin="0" smax="0" dmin="0" dmax="1" x="10585" z="5885" r="50"/>
        <zone name="Zone_fox" smin="0" smax="0" dmin="0" dmax="1" x="10415" z="6150" r="50"/>
        <zone name="Zone_fox" smin="0" smax="0" dmin="0" dmax="1" x="10075" z="5970" r="50"/>
        <zone name="Zone_fox" smin="0" smax="0" dmin="0" dmax="1" x="9830" z="6145" r="50"/>
        <zone name="Zone_fox" smin="0" smax="0" dmin="0" dmax="1" x="11745" z="4520" r="50"/>
        <zone name="Zone_fox" smin="0" smax="0" dmin="0" dmax="1" x="12760" z="5180" r="50"/>
        <zone name="Zone_fox" smin="0" smax="0" dmin="0" dmax="1" x="13035" z="5275" r="50"/>
        <zone name="Zone_fox" smin="0" smax="0" dmin="0" dmax="1" x="6543.75" z="4762.5" r="50"/>
        <zone name="Zone_fox" smin="0" smax="0" dmin="0" dmax="1" x="6723.75" z="4601.25" r="50"/>
        <zone name="Zone_fox" smin="0" smax="0" dmin="0" dmax="1" x="7492.5" z="4515" r="50"/>
        <zone name="Zone_fox" smin="0" smax="0" dmin="0" dmax="1" x="7417.5" z="4282.5" r="50"/>
        <zone name="Zone_fox" smin="0" smax="0" dmin="0" dmax="1" x="7833.75" z="4443.75" r="50"/>
        <zone name="Zone_fox" smin="0" smax="0" dmin="0" dmax="1" x="8456.25" z="4211.25" r="50"/>
        <zone name="Zone_fox" smin="0" smax="0" dmin="0" dmax="1" x="8606.25" z="3937.5" r="50"/>
        <zone name="Zone_fox" smin="0" smax="0" dmin="0" dmax="1" x="8850" z="4158.75" r="50"/>
        <zone name="Zone_fox" smin="0" smax="0" dmin="0" dmax="1" x="9307.5" z="4170" r="50"/>
        <zone name="Zone_fox" smin="0" smax="0" dmin="0" dmax="1" x="9701.25" z="3630" r="50"/>
        <zone name="Zone_fox" smin="0" smax="0" dmin="0" dmax="1" x="9926.25" z="4736.25" r="50"/>
        <zone name="Zone_fox" smin="0" smax="0" dmin="0" dmax="1" x="10035" z="4950" r="50"/>
        <zone name="Zone_fox" smin="0" smax="0" dmin="0" dmax="1" x="8838.75" z="4777.5" r="50"/>
        <zone name="Zone_fox" smin="0" smax="0" dmin="0" dmax="1" x="8501.25" z="4650" r="50"/>
        <zone name="Zone_fox" smin="0" smax="0" dmin="0" dmax="1" x="8895" z="5223.75" r="50"/>
        <zone name="Zone_fox" smin="0" smax="0" dmin="0" dmax="1" x="6795" z="5415" r="50"/>
        <zone name="Zone_fox" smin="0" smax="0" dmin="0" dmax="1" x="6836.25" z="5081.25" r="50"/>
        <zone name="Zone_fox" smin="0" smax="0" dmin="0" dmax="1" x="7361.25" z="4875" r="50"/>
        <zone name="Zone_fox" smin="0" smax="0" dmin="0" dmax="1" x="7147.5" z="5133.75" r="50"/>
        <zone name="Zone_fox" smin="0" smax="0" dmin="0" dmax="1" x="7860" z="4593.75" r="50"/>
        <zone name="Zone_fox" smin="0" smax="0" dmin="0" dmax="1" x="8261.25" z="5332.5" r="50"/>
        <zone name="Zone_fox" smin="0" smax="0" dmin="0" dmax="1" x="8141.25" z="5835" r="50"/>
        <zone name="Zone_fox" smin="0" smax="0" dmin="0" dmax="1" x="8786.25" z="5801.25" r="50"/>
        <zone name="Zone_fox" smin="0" smax="0" dmin="0" dmax="1" x="8955" z="5778.75" r="50"/>
        <zone name="Zone_fox" smin="0" smax="0" dmin="0" dmax="1" x="9577.5" z="5467.5" r="50"/>
        <zone name="Zone_fox" smin="0" smax="0" dmin="0" dmax="1" x="9821.25" z="5587.5" r="50"/>
        <zone name="Zone_fox" smin="0" smax="0" dmin="0" dmax="1" x="9828.75" z="5715" r="50"/>
        <zone name="Zone_fox" smin="0" smax="0" dmin="0" dmax="1" x="7166.25" z="3843.75" r="50"/>
        <zone name="Zone_fox" smin="0" smax="0" dmin="0" dmax="1" x="7432.5" z="3866.25" r="50"/>
        <zone name="Zone_fox" smin="0" smax="0" dmin="0" dmax="1" x="7841.25" z="3637.5" r="50"/>
        <zone name="Zone_fox" smin="0" smax="0" dmin="0" dmax="1" x="8182.5" z="3420" r="50"/>
        <zone name="Zone_fox" smin="0" smax="0" dmin="0" dmax="1" x="6472.5" z="3836.25" r="50"/>
        <zone name="Zone_fox" smin="0" smax="0" dmin="0" dmax="1" x="6075" z="3795" r="50"/>
        <zone name="Zone_fox" smin="0" smax="0" dmin="0" dmax="1" x="6412.5" z="4200" r="50"/>
        <zone name="Zone_fox" smin="0" smax="0" dmin="0" dmax="1" x="6086.25" z="4365" r="50"/>
        <zone name="Zone_fox" smin="0" smax="0" dmin="0" dmax="1" x="8872.5" z="2490" r="50"/>
        <zone name="Zone_fox" smin="0" smax="0" dmin="0" dmax="1" x="9273.75" z="2568.75" r="50"/>
        <zone name="Zone_fox" smin="0" smax="0" dmin="0" dmax="1" x="9457.5" z="2696.25" r="50"/>
        <zone name="Zone_fox" smin="0" smax="0" dmin="0" dmax="1" x="9802.5" z="2602.5" r="50"/>
        <zone name="Zone_fox" smin="0" smax="0" dmin="0" dmax="1" x="9457.5" z="3127.5" r="50"/>
        <zone name="Zone_fox" smin="0" smax="0" dmin="0" dmax="1" x="9450" z="3502.5" r="50"/>
        <zone name="Zone_fox" smin="0" smax="0" dmin="0" dmax="1" x="9202.5" z="3082.5" r="50"/>
        <zone name="Zone_fox" smin="0" smax="0" dmin="0" dmax="1" x="9105" z="3453.75" r="50"/>
        <zone name="Zone_fox" smin="0" smax="0" dmin="0" dmax="1" x="9431.25" z="3967.5" r="50"/>
        <zone name="Zone_fox" smin="0" smax="0" dmin="0" dmax="1" x="7870" z="6350" r="50"/>
        <zone name="Zone_fox" smin="0" smax="0" dmin="0" dmax="1" x="7720" z="6700" r="50"/>
        <zone name="Zone_fox" smin="0" smax="0" dmin="0" dmax="1" x="7565" z="6970" r="50"/>
        <zone name="Zone_fox" smin="0" smax="0" dmin="0" dmax="1" x="7700" z="7175" r="50"/>
        <zone name="Zone_fox" smin="0" smax="0" dmin="0" dmax="1" x="7365" z="7295" r="50"/>
        <zone name="Zone_fox" smin="0" smax="0" dmin="0" dmax="1" x="8485" z="7145" r="50"/>
        <zone name="Zone_fox" smin="0" smax="0" dmin="0" dmax="1" x="8690" z="6995" r="50"/>
        <zone name="Zone_fox" smin="0" smax="0" dmin="0" dmax="1" x="8895" z="6580" r="50"/>
        <zone name="Zone_fox" smin="0" smax="0" dmin="0" dmax="1" x="9170" z="6225" r="50"/>
        <zone name="Zone_fox" smin="0" smax="0" dmin="0" dmax="1" x="9440" z="7085" r="50"/>
        <zone name="Zone_fox" smin="0" smax="0" dmin="0" dmax="1" x="9650" z="7180" r="50"/>
        <zone name="Zone_fox" smin="0" smax="0" dmin="0" dmax="1" x="9425" z="7530" r="50"/>
        <zone name="Zone_fox" smin="0" smax="0" dmin="0" dmax="1" x="9915" z="7195" r="50"/>
        <zone name="Zone_fox" smin="0" smax="0" dmin="0" dmax="1" x="10110" z="7040" r="50"/>
        <zone name="Zone_fox" smin="0" smax="0" dmin="0" dmax="1" x="9970" z="7045" r="50"/>
        <zone name="Zone_fox" smin="0" smax="0" dmin="0" dmax="1" x="10785" z="6825" r="50"/>
        <zone name="Zone_fox" smin="0" smax="0" dmin="0" dmax="1" x="11040" z="7230" r="50"/>
        <zone name="Zone_fox" smin="0" smax="0" dmin="0" dmax="1" x="10560" z="7450" r="50"/>
        <zone name="Zone_fox" smin="0" smax="0" dmin="0" dmax="1" x="9920" z="7770" r="50"/>
        <zone name="Zone_fox" smin="0" smax="0" dmin="0" dmax="1" x="10250" z="7590" r="50"/>
        <zone name="Zone_fox" smin="0" smax="0" dmin="0" dmax="1" x="9665" z="8085" r="50"/>
        <zone name="Zone_fox" smin="0" smax="0" dmin="0" dmax="1" x="9310" z="8195" r="50"/>
        <zone name="Zone_fox" smin="0" smax="0" dmin="0" dmax="1" x="8720" z="7825" r="50"/>
        <zone name="Zone_fox" smin="0" smax="0" dmin="0" dmax="1" x="8825" z="8170" r="50"/>
        <zone name="Zone_fox" smin="0" smax="0" dmin="0" dmax="1" x="9960" z="11520" r="50"/>
        <zone name="Zone_fox" smin="0" smax="0" dmin="0" dmax="1" x="9710" z="11240" r="50"/>
        <zone name="Zone_fox" smin="0" smax="0" dmin="0" dmax="1" x="9465" z="10970" r="50"/>
        <zone name="Zone_fox" smin="0" smax="0" dmin="0" dmax="1" x="9145" z="10875" r="50"/>
        <zone name="Zone_fox" smin="0" smax="0" dmin="0" dmax="1" x="9115" z="10580" r="50"/>
        <zone name="Zone_fox" smin="0" smax="0" dmin="0" dmax="1" x="9475" z="10355" r="50"/>
        <zone name="Zone_fox" smin="0" smax="0" dmin="0" dmax="1" x="9370" z="9970" r="50"/>
        <zone name="Zone_fox" smin="0" smax="0" dmin="0" dmax="1" x="8945" z="10065" r="50"/>
        <zone name="Zone_fox" smin="0" smax="0" dmin="0" dmax="1" x="8565" z="10240" r="50"/>
        <zone name="Zone_fox" smin="0" smax="0" dmin="0" dmax="1" x="8330" z="10240" r="50"/>
        <zone name="Zone_fox" smin="0" smax="0" dmin="0" dmax="1" x="8045" z="9935" r="50"/>
        <zone name="Zone_fox" smin="0" smax="0" dmin="0" dmax="1" x="7640" z="9800" r="50"/>
        <zone name="Zone_fox" smin="0" smax="0" dmin="0" dmax="1" x="7285" z="9925" r="50"/>
        <zone name="Zone_fox" smin="0" smax="0" dmin="0" dmax="1" x="6580" z="10395" r="50"/>
        <zone name="Zone_fox" smin="0" smax="0" dmin="0" dmax="1" x="6370" z="10690" r="50"/>
        <zone name="Zone_fox" smin="0" smax="0" dmin="0" dmax="1" x="6220" z="11265" r="50"/>
        <zone name="Zone_fox" smin="0" smax="0" dmin="0" dmax="1" x="6880" z="11780" r="50"/>
        <zone name="Zone_fox" smin="0" smax="0" dmin="0" dmax="1" x="6620" z="11355" r="50"/>
        <zone name="Zone_fox" smin="0" smax="0" dmin="0" dmax="1" x="6930" z="10950" r="50"/>
        <zone name="Zone_fox" smin="0" smax="0" dmin="0" dmax="1" x="7050" z="10635" r="50"/>
        <zone name="Zone_fox" smin="0" smax="0" dmin="0" dmax="1" x="7280" z="10420" r="50"/>
        <zone name="Zone_fox" smin="0" smax="0" dmin="0" dmax="1" x="7530" z="10190" r="50"/>
        <zone name="Zone_fox" smin="0" smax="0" dmin="0" dmax="1" x="7805" z="10230" r="50"/>
        <zone name="Zone_fox" smin="0" smax="0" dmin="0" dmax="1" x="7935" z="10705" r="50"/>
        <zone name="Zone_fox" smin="0" smax="0" dmin="0" dmax="1" x="7485" z="10610" r="50"/>
        <zone name="Zone_fox" smin="0" smax="0" dmin="0" dmax="1" x="7300" z="11175" r="50"/>
        <zone name="Zone_fox" smin="0" smax="0" dmin="0" dmax="1" x="7535" z="11365" r="50"/>
        <zone name="Zone_fox" smin="0" smax="0" dmin="0" dmax="1" x="7805" z="11755" r="50"/>
        <zone name="Zone_fox" smin="0" smax="0" dmin="0" dmax="1" x="7410" z="11690" r="50"/>
        <zone name="Zone_fox" smin="0" smax="0" dmin="0" dmax="1" x="7170" z="11485" r="50"/>
        <zone name="Zone_fox" smin="0" smax="0" dmin="0" dmax="1" x="9695" z="11725" r="50"/>
        <zone name="Zone_fox" smin="0" smax="0" dmin="0" dmax="1" x="6502.5" z="7140" r="50"/>
        <zone name="Zone_fox" smin="0" smax="0" dmin="0" dmax="1" x="6502.5" z="6435" r="50"/>
        <zone name="Zone_fox" smin="0" smax="0" dmin="0" dmax="1" x="6030" z="6292.5" r="50"/>
        <zone name="Zone_fox" smin="0" smax="0" dmin="0" dmax="1" x="5857.5" z="6735" r="50"/>
        <zone name="Zone_fox" smin="0" smax="0" dmin="0" dmax="1" x="5362.5" z="6847.5" r="50"/>
        <zone name="Zone_fox" smin="0" smax="0" dmin="0" dmax="1" x="7665" z="7830" r="50"/>
        <zone name="Zone_fox" smin="0" smax="0" dmin="0" dmax="1" x="7875" z="8227.5" r="50"/>
        <zone name="Zone_fox" smin="0" smax="0" dmin="0" dmax="1" x="8092.5" z="8460" r="50"/>
        <zone name="Zone_fox" smin="0" smax="0" dmin="0" dmax="1" x="8482.5" z="8610" r="50"/>
        <zone name="Zone_fox" smin="0" smax="0" dmin="0" dmax="1" x="8895" z="8707.5" r="50"/>
        <zone name="Zone_fox" smin="0" smax="0" dmin="0" dmax="1" x="4980" z="6315" r="50"/>
        <zone name="Zone_fox" smin="0" smax="0" dmin="0" dmax="1" x="5212.5" z="5722.5" r="50"/>
        <zone name="Zone_fox" smin="0" smax="0" dmin="0" dmax="1" x="5370" z="5700" r="50"/>
        <zone name="Zone_fox" smin="0" smax="0" dmin="0" dmax="1" x="5355" z="5325" r="50"/>
        <zone name="Zone_fox" smin="0" smax="0" dmin="0" dmax="1" x="4980" z="5130" r="50"/>
        <zone name="Zone_fox" smin="0" smax="0" dmin="0" dmax="1" x="4590" z="5430" r="50"/>
        <zone name="Zone_fox" smin="0" smax="0" dmin="0" dmax="1" x="4245" z="5197.5" r="50"/>
        <zone name="Zone_fox" smin="0" smax="0" dmin="0" dmax="1" x="4852.5" z="4747.5" r="50"/>
        <zone name="Zone_fox" smin="0" smax="0" dmin="0" dmax="1" x="4965" z="4432.5" r="50"/>
        <zone name="Zone_fox" smin="0" smax="0" dmin="0" dmax="1" x="5332.5" z="3975" r="50"/>
        <zone name="Zone_fox" smin="0" smax="0" dmin="0" dmax="1" x="5445" z="4177.5" r="50"/>
        <zone name="Zone_fox" smin="0" smax="0" dmin="0" dmax="1" x="5242.5" z="3450" r="50"/>
        <zone name="Zone_fox" smin="0" smax="0" dmin="0" dmax="1" x="4920" z="3810" r="50"/>
        <zone name="Zone_fox" smin="0" smax="0" dmin="0" dmax="1" x="3415" z="3375" r="50"/>
        <zone name="Zone_fox" smin="0" smax="0" dmin="0" dmax="1" x="3715" z="3925" r="50"/>
        <zone name="Zone_fox" smin="0" smax="0" dmin="0" dmax="1" x="4035" z="3745" r="50"/>
        <zone name="Zone_fox" smin="0" smax="0" dmin="0" dmax="1" x="3615" z="4710" r="50"/>
        <zone name="Zone_fox" smin="0" smax="0" dmin="0" dmax="1" x="4025" z="4470" r="50"/>
        <zone name="Zone_fox" smin="0" smax="0" dmin="0" dmax="1" x="4240" z="4220" r="50"/>
        <zone name="Zone_fox" smin="0" smax="0" dmin="0" dmax="1" x="3345" z="5420" r="50"/>
        <zone name="Zone_fox" smin="0" smax="0" dmin="0" dmax="1" x="3205" z="5235" r="50"/>
        <zone name="Zone_fox" smin="0" smax="0" dmin="0" dmax="1" x="3315" z="5725" r="50"/>
        <zone name="Zone_fox" smin="0" smax="0" dmin="0" dmax="1" x="3815" z="5585" r="50"/>
        <zone name="Zone_fox" smin="0" smax="0" dmin="0" dmax="1" x="4030" z="5890" r="50"/>
        <zone name="Zone_fox" smin="0" smax="0" dmin="0" dmax="1" x="3750" z="6265" r="50"/>
        <zone name="Zone_fox" smin="0" smax="0" dmin="0" dmax="1" x="3070" z="5945" r="50"/>
        <zone name="Zone_fox" smin="0" smax="0" dmin="0" dmax="1" x="2840" z="6245" r="50"/>
        <zone name="Zone_fox" smin="0" smax="0" dmin="0" dmax="1" x="2860" z="6615" r="50"/>
        <zone name="Zone_fox" smin="0" smax="0" dmin="0" dmax="1" x="3225" z="6365" r="50"/>
        <zone name="Zone_fox" smin="0" smax="0" dmin="0" dmax="1" x="2260" z="6705" r="50"/>
        <zone name="Zone_fox" smin="0" smax="0" dmin="0" dmax="1" x="2055" z="6475" r="50"/>
        <zone name="Zone_fox" smin="0" smax="0" dmin="0" dmax="1" x="2260" z="6085" r="50"/>
        <zone name="Zone_fox" smin="0" smax="0" dmin="0" dmax="1" x="2410" z="5690" r="50"/>
        <zone name="Zone_fox" smin="0" smax="0" dmin="0" dmax="1" x="1850" z="5565" r="50"/>
        <zone name="Zone_fox" smin="0" smax="0" dmin="0" dmax="1" x="1530" z="5435" r="50"/>
        <zone name="Zone_fox" smin="0" smax="0" dmin="0" dmax="1" x="1390" z="6015" r="50"/>
        <zone name="Zone_fox" smin="0" smax="0" dmin="0" dmax="1" x="2365" z="4495" r="50"/>
        <zone name="Zone_fox" smin="0" smax="0" dmin="0" dmax="1" x="2350" z="4185" r="50"/>
        <zone name="Zone_fox" smin="0" smax="0" dmin="0" dmax="1" x="2160" z="3945" r="50"/>
        <zone name="Zone_fox" smin="0" smax="0" dmin="0" dmax="1" x="2910" z="3595" r="50"/>
        <zone name="Zone_fox" smin="0" smax="0" dmin="0" dmax="1" x="2890" z="4035" r="50"/>
        <zone name="Zone_fox" smin="0" smax="0" dmin="0" dmax="1" x="2900" z="4450" r="50"/>
        <zone name="Zone_fox" smin="0" smax="0" dmin="0" dmax="1" x="2795" z="4785" r="50"/>
        <zone name="Zone_fox" smin="0" smax="0" dmin="0" dmax="1" x="3720" z="3145" r="50"/>
        <zone name="Zone_fox" smin="0" smax="0" dmin="0" dmax="1" x="4095" z="3130" r="50"/>
        <zone name="Zone_fox" smin="0" smax="0" dmin="0" dmax="1" x="4455" z="2845" r="50"/>
        <zone name="Zone_fox" smin="0" smax="0" dmin="0" dmax="1" x="3940" z="6705" r="50"/>
        <zone name="Zone_fox" smin="0" smax="0" dmin="0" dmax="1" x="3140" z="7070" r="50"/>
        <zone name="Zone_fox" smin="0" smax="0" dmin="0" dmax="1" x="2785" z="7440" r="50"/>
        <zone name="Zone_fox" smin="0" smax="0" dmin="0" dmax="1" x="2410" z="7415" r="50"/>
        <zone name="Zone_fox" smin="0" smax="0" dmin="0" dmax="1" x="2045" z="7700" r="50"/>
        <zone name="Zone_fox" smin="0" smax="0" dmin="0" dmax="1" x="2065" z="8165" r="50"/>
        <zone name="Zone_fox" smin="0" smax="0" dmin="0" dmax="1" x="2300" z="8015" r="50"/>
        <zone name="Zone_fox" smin="0" smax="0" dmin="0" dmax="1" x="2450" z="7700" r="50"/>
        <zone name="Zone_fox" smin="0" smax="0" dmin="0" dmax="1" x="1585" z="7825" r="50"/>
        <zone name="Zone_fox" smin="0" smax="0" dmin="0" dmax="1" x="1845" z="7500" r="50"/>
        <zone name="Zone_fox" smin="0" smax="0" dmin="0" dmax="1" x="2400" z="7270" r="50"/>
        <zone name="Zone_fox" smin="0" smax="0" dmin="0" dmax="1" x="2555" z="7100" r="50"/>
        <zone name="Zone_fox" smin="0" smax="0" dmin="0" dmax="1" x="1870" z="8715" r="50"/>
        <zone name="Zone_fox" smin="0" smax="0" dmin="0" dmax="1" x="1640" z="9135" r="50"/>
        <zone name="Zone_fox" smin="0" smax="0" dmin="0" dmax="1" x="1840" z="9440" r="50"/>
        <zone name="Zone_fox" smin="0" smax="0" dmin="0" dmax="1" x="2110" z="8980" r="50"/>
        <zone name="Zone_fox" smin="0" smax="0" dmin="0" dmax="1" x="2365" z="8515" r="50"/>
        <zone name="Zone_fox" smin="0" smax="0" dmin="0" dmax="1" x="2680" z="8040" r="50"/>
        <zone name="Zone_fox" smin="0" smax="0" dmin="0" dmax="1" x="1350" z="9900" r="50"/>
        <zone name="Zone_fox" smin="0" smax="0" dmin="0" dmax="1" x="1135" z="10385" r="50"/>
        <zone name="Zone_fox" smin="0" smax="0" dmin="0" dmax="1" x="980" z="10710" r="50"/>
        <zone name="Zone_fox" smin="0" smax="0" dmin="0" dmax="1" x="1035" z="10870" r="50"/>
        <zone name="Zone_fox" smin="0" smax="0" dmin="0" dmax="1" x="3010" z="11930" r="50"/>
        <zone name="Zone_fox" smin="0" smax="0" dmin="0" dmax="1" x="3060" z="11465" r="50"/>
        <zone name="Zone_fox" smin="0" smax="0" dmin="0" dmax="1" x="2810" z="11215" r="50"/>
        <zone name="Zone_fox" smin="0" smax="0" dmin="0" dmax="1" x="3100" z="10850" r="50"/>
        <zone name="Zone_fox" smin="0" smax="0" dmin="0" dmax="1" x="3770" z="12460" r="50"/>
        <zone name="Zone_fox" smin="0" smax="0" dmin="0" dmax="1" x="4945" z="11040" r="50"/>
        <zone name="Zone_fox" smin="0" smax="0" dmin="0" dmax="1" x="5445" z="11435" r="50"/>
        <zone name="Zone_fox" smin="0" smax="0" dmin="0" dmax="1" x="5440" z="10820" r="50"/>
        <zone name="Zone_fox" smin="0" smax="0" dmin="0" dmax="1" x="5470" z="10560" r="50"/>
        <zone name="Zone_fox" smin="0" smax="0" dmin="0" dmax="1" x="6660" z="8465" r="50"/>
        <zone name="Zone_fox" smin="0" smax="0" dmin="0" dmax="1" x="6390" z="8740" r="50"/>
        <zone name="Zone_fox" smin="0" smax="0" dmin="0" dmax="1" x="6320" z="9425" r="50"/>
        <zone name="Zone_fox" smin="0" smax="0" dmin="0" dmax="1" x="6055" z="9730" r="50"/>
        <zone name="Zone_fox" smin="0" smax="0" dmin="0" dmax="1" x="6640" z="9770" r="50"/>
        <zone name="Zone_fox" smin="0" smax="0" dmin="0" dmax="1" x="7115" z="9760" r="50"/>
        <zone name="Zone_fox" smin="0" smax="0" dmin="0" dmax="1" x="6960" z="9100" r="50"/>
        <zone name="Zone_fox" smin="0" smax="0" dmin="0" dmax="1" x="7395" z="9085" r="50"/>
        <zone name="Zone_fox" smin="0" smax="0" dmin="0" dmax="1" x="7615" z="8955" r="50"/>
        <zone name="Zone_fox" smin="0" smax="0" dmin="0" dmax="1" x="7650" z="9300" r="50"/>
        <zone name="Zone_fox" smin="0" smax="0" dmin="0" dmax="1" x="7410" z="8645" r="50"/>
        <zone name="Zone_fox" smin="0" smax="0" dmin="0" dmax="1" x="7805" z="8490" r="50"/>
        <zone name="Zone_fox" smin="0" smax="0" dmin="0" dmax="1" x="8180" z="8830" r="50"/>
        <zone name="Zone_fox" smin="0" smax="0" dmin="0" dmax="1" x="8370" z="9000" r="50"/>
        <zone name="Zone_fox" smin="0" smax="0" dmin="0" dmax="1" x="5904" z="8883" r="50"/>
        <zone name="Zone_fox" smin="0" smax="0" dmin="0" dmax="1" x="5784" z="8424" r="50"/>
        <zone name="Zone_fox" smin="0" smax="0" dmin="0" dmax="1" x="6111" z="8130" r="50"/>
        <zone name="Zone_fox" smin="0" smax="0" dmin="0" dmax="1" x="5361" z="7782" r="50"/>
        <zone name="Zone_fox" smin="0" smax="0" dmin="0" dmax="1" x="5295" z="8082" r="50"/>
        <zone name="Zone_fox" smin="0" smax="0" dmin="0" dmax="1" x="5340" z="8256" r="50"/>
    </territory>
</territory-type>
