{
    "m_Version": 1,
    "m_ClassName": "HP_Grinde",
    "m_SkinName": "",
    "m_HealthLevel": 3,
    "m_Quantity": 0.0,
    "m_QuantityType": 0,
    "m_LiquidType": -1,
    "m_IsBloodContainer": 0,
    "m_FoodStageType": -1,
    "m_Rarity": 0,
    "m_ContainerItemsCount": 0,
    "m_ContainerItems": [],
    "m_GlobalID": [
        -2147483648,
        -2147483648,
        -2147483648,
        -2147368081
    ],
    "m_OwnerUID": "nrGRbVj1yqG7ykXriisHQHic3hhJLdTRHfQqY8Zoa44=",
    "m_Price": 5000,
    "m_ListingTime": 1741692689,
    "m_ListingState": 2,
    "m_OwnerName": "Maron Gasov"
}