{
    "Areas": [
		{ 	"AreaName": "Ship-SW", 
			"Type": "ContaminatedArea_Static", 
			"TriggerType": "ContaminatedTrigger",
			"Data": { 
				"Pos": [ 13684, 0, 11073 ],
				"Radius": 100,
				"PosHeight": 22,
				"NegHeight": 10,
				"InnerRingCount": 1,
				"InnerPartDist": 50,
				"OuterRingToggle": 1, 
				"OuterPartDist": 50, 
				"OuterOffset": 0, 
				"VerticalLayers": 0,
				"VerticalOffset": 0,
				"ParticleName": "graphics/particles/contaminated_area_gas_bigass"
				},
			"PlayerData": {
				"AroundPartName": "graphics/particles/contaminated_area_gas_around",
				"TinyPartName": "graphics/particles/contaminated_area_gas_around_tiny",
				"PPERequesterType": "PPERequester_ContaminatedAreaTint"
			}
		},
        { 	"AreaName": "Ship-NE", 
			"Type": "ContaminatedArea_Static", 
			"TriggerType": "ContaminatedTrigger",
			"Data": { 
				"Pos": [ 13881, 0, 11172 ],
				"Radius": 100,
				"PosHeight": 26,
				"NegHeight": 10,
				"InnerRingCount": 1,
				"InnerPartDist": 50,
				"OuterRingToggle": 1, 
				"OuterPartDist": 50, 
				"OuterOffset": 0, 
				"VerticalLayers": 0,
				"VerticalOffset": 0,
				"ParticleName": "graphics/particles/contaminated_area_gas_bigass"
				},
			"PlayerData": {
				"AroundPartName": "graphics/particles/contaminated_area_gas_around",
				"TinyPartName": "graphics/particles/contaminated_area_gas_around_tiny",
				"PPERequesterType": "PPERequester_ContaminatedAreaTint"
			}
		},
        { 	"AreaName": "Ship-Central", 
			"Type": "ContaminatedArea_Static", 
			"TriggerType": "ContaminatedTrigger",
			"Data": { 
				"Pos": [ 13752, 0, 11164 ],
				"Radius": 100,
				"PosHeight": 22,
				"NegHeight": 2,
				"InnerRingCount": 1,
				"InnerPartDist": 50,
				"OuterRingToggle": 1, 
				"OuterPartDist": 60, 
				"OuterOffset": 0, 
				"VerticalLayers": 0,
				"VerticalOffset": 0,
				"ParticleName": "graphics/particles/contaminated_area_gas_bigass"
				},
			"PlayerData": {
				"AroundPartName": "graphics/particles/contaminated_area_gas_around",
				"TinyPartName": "graphics/particles/contaminated_area_gas_around_tiny",
				"PPERequesterType": "PPERequester_ContaminatedAreaTint"
			}
		},
        { 	"AreaName": "Pavlovo-North", 
			"Type": "ContaminatedArea_Static", 
			"TriggerType": "ContaminatedTrigger",
			"Data": { 
				"Pos": [ 2043, 0, 3485 ],
				"Radius": 150,
				"PosHeight": 25,
				"NegHeight": 20,
				"InnerRingCount": 2,
				"InnerPartDist": 50,
				"OuterRingToggle": 1, 
				"OuterPartDist": 40, 
				"OuterOffset": 0, 
				"VerticalLayers": 0,
				"VerticalOffset": 0,
				"ParticleName": "graphics/particles/contaminated_area_gas_bigass"
				},
			"PlayerData": {
				"AroundPartName": "graphics/particles/contaminated_area_gas_around",
				"TinyPartName": "graphics/particles/contaminated_area_gas_around_tiny",
				"PPERequesterType": "PPERequester_ContaminatedAreaTint"
			}
		},
        { 	"AreaName": "Pavlovo-South", 
			"Type": "ContaminatedArea_Static", 
			"TriggerType": "ContaminatedTrigger",
			"Data": { 
				"Pos": [ 2164, 0, 3335 ],
				"Radius": 150,
				"PosHeight": 11,
				"NegHeight": 10,
				"InnerRingCount": 2,
				"InnerPartDist": 50,
				"OuterRingToggle": 1, 
				"OuterPartDist": 40, 
				"OuterOffset": 0, 
				"VerticalLayers": 0,
				"VerticalOffset": 0,
				"ParticleName": "graphics/particles/contaminated_area_gas_bigass"
				},
			"PlayerData": {
				"AroundPartName": "graphics/particles/contaminated_area_gas_around",
				"TinyPartName": "graphics/particles/contaminated_area_gas_around_tiny",
				"PPERequesterType": "PPERequester_ContaminatedAreaTint"
			}
		}
    ],

	"SafePositions":[
		[434, 13624],
		[360, 10986],
		[1412, 13505],
		[1290, 11773],
		[5742, 8568],
		[4191, 4620],
		[4949, 6569],
		[1018, 7138],
		[5041, 2640],
		[6895, 7915],
		[6128, 8120],
		[4422, 8117],
		[2811, 10209],
		[1954, 2417],
		[3633, 8708],
		[5222, 5737],
		[3546, 2630],
		[2373, 5516],
		[2462, 6879],
		[1653, 3600],
		[11774, 14570],
		[8228, 9345],
		[11100, 13400],
		[9333, 8697],
		[11513, 12203],
		[4955, 10603],
		[5090, 15054],
		[6513, 14579],
		[3483, 14941],
		[4016, 11194],
		[7607, 12384],
		[4307, 9528],
		[3266, 12352],
		[4432, 13285],
		[5473, 12455],
		[9731, 13685],
		[2745, 7784],
		[8492, 14128],
		[3501, 13292],
		[7912, 10943],
		[4165, 10134],
		[10536, 7871],
		[1467, 14288],
		[5479, 9709],
		[9453, 11963],
		[319, 9212],
		[8009, 14843],
		[7206, 7158],
		[12303, 13598],
		[3435, 5959],
		[4060, 12050],
		[6633, 2988],
		[870, 2095],
		[10286, 9071],
		[10371, 5690]
	]
}
