{
    "m_Version": 1,
    "m_ClassName": "HandSaw",
    "m_SkinName": "",
    "m_HealthLevel": 0,
    "m_Quantity": 0.0,
    "m_QuantityType": 0,
    "m_LiquidType": -1,
    "m_IsBloodContainer": 0,
    "m_FoodStageType": -1,
    "m_Rarity": 0,
    "m_ContainerItemsCount": 0,
    "m_ContainerItems": [],
    "m_GlobalID": [
        -2147483648,
        -2147483648,
        -2147483648,
        -2147326396
    ],
    "m_OwnerUID": "uDOimHrXk9bc7X9EcqaHxzN34YaH2ZJMH1bjc0m8QGw=",
    "m_Price": 800,
    "m_ListingTime": 1742030719,
    "m_ListingState": 1,
    "m_OwnerName": "[SoKill] AntZVZ"
}