<?xml version="1.0" encoding="UTF-8" standalone="yes"?>
<types>
    <!-- TERJE EXPRESS TESTS -->
    <type name="TerjeExpressTestAgents">
        <nominal>10</nominal>
        <lifetime>28800</lifetime>
        <restock>3600</restock>
        <min>5</min>
        <quantmin>20</quantmin>
        <quantmax>80</quantmax>
        <cost>100</cost>
        <flags count_in_cargo="0" count_in_hoarder="0" count_in_map="1" count_in_player="0" crafted="0" deloot="0"/>
        <category name="tools"/>
        <tag name="shelves"/>
        <usage name="Medic"/>
    </type>
    <type name="TerjeExpressTestVirusZPack">
        <nominal>10</nominal>
        <lifetime>28800</lifetime>
        <restock>3600</restock>
        <min>5</min>
        <quantmin>-1</quantmin>
        <quantmax>-1</quantmax>
        <cost>100</cost>
        <flags count_in_cargo="0" count_in_hoarder="0" count_in_map="1" count_in_player="0" crafted="0" deloot="0"/>
        <category name="tools"/>
        <tag name="shelves"/>
        <usage name="Medic"/>
    </type>
    <type name="TerjeExpressTestSepsisPack">
        <nominal>10</nominal>
        <lifetime>28800</lifetime>
        <restock>3600</restock>
        <min>5</min>
        <quantmin>-1</quantmin>
        <quantmax>-1</quantmax>
        <cost>100</cost>
        <flags count_in_cargo="0" count_in_hoarder="0" count_in_map="1" count_in_player="0" crafted="0" deloot="0"/>
        <category name="tools"/>
        <tag name="shelves"/>
        <usage name="Medic"/>
    </type>
    <type name="TerjeExpressTestRabiesPack">
        <nominal>10</nominal>
        <lifetime>28800</lifetime>
        <restock>3600</restock>
        <min>5</min>
        <quantmin>-1</quantmin>
        <quantmax>-1</quantmax>
        <cost>100</cost>
        <flags count_in_cargo="0" count_in_hoarder="0" count_in_map="1" count_in_player="0" crafted="0" deloot="0"/>
        <category name="tools"/>
        <tag name="shelves"/>
        <usage name="Medic"/>
    </type>

    <!-- TERJE TOOLS -->
    <type name="TerjeHeadgearPsiHelm">
        <nominal>0</nominal>
        <lifetime>28800</lifetime>
        <restock>0</restock>
        <min>0</min>
        <quantmin>-1</quantmin>
        <quantmax>-1</quantmax>
        <cost>100</cost>
        <flags count_in_cargo="0" count_in_hoarder="0" count_in_map="1" count_in_player="1" crafted="0" deloot="1" />
        <category name="weapons" />
        <usage name="Military" />
    </type>
    <type name="TerjeImprovisedSyringeEmpty">
        <nominal>25</nominal>
        <lifetime>14400</lifetime>
        <restock>7200</restock>
        <min>10</min>
        <quantmin>-1</quantmin>
        <quantmax>-1</quantmax>
        <cost>100</cost>
        <flags count_in_cargo="0" count_in_hoarder="0" count_in_map="1" count_in_player="0" crafted="0" deloot="0" />
        <category name="MedicalTools" />
        <tag name="shelves" />
        <usage name="Medic" />
    </type>
    <type name="TerjePlaster">
        <nominal>10</nominal>
        <lifetime>28800</lifetime>
        <restock>0</restock>
        <min>5</min>
        <quantmin>10</quantmin>
        <quantmax>80</quantmax>
        <cost>100</cost>
        <flags count_in_cargo="0" count_in_hoarder="0" count_in_map="1" count_in_player="0" crafted="0" deloot="0" />
        <category name="MedicalTools" />
        <tag name="shelves" />
        <usage name="Medic" />
    </type>

    <!-- TERJE ENERGY DRINKS -->
    <type name="TerjeDrinkMadBull">
        <nominal>5</nominal>
        <lifetime>14400</lifetime>
        <restock>0</restock>
        <min>3</min>
        <quantmin>-1</quantmin>
        <quantmax>-1</quantmax>
        <cost>100</cost>
        <flags count_in_cargo="0" count_in_hoarder="0" count_in_map="1" count_in_player="0" crafted="0" deloot="0" />
        <category name="food" />
        <value name="Tier3" />
        <value name="Tier4" />
    </type>
    <type name="TerjeDrinkGang">
        <nominal>5</nominal>
        <lifetime>14400</lifetime>
        <restock>0</restock>
        <min>3</min>
        <quantmin>-1</quantmin>
        <quantmax>-1</quantmax>
        <cost>100</cost>
        <flags count_in_cargo="0" count_in_hoarder="0" count_in_map="1" count_in_player="0" crafted="0" deloot="0" />
        <category name="food" />
        <value name="Tier3" />
        <value name="Tier4" />
    </type>
    <type name="TerjeDrinkYaguar">
        <nominal>5</nominal>
        <lifetime>14400</lifetime>
        <restock>0</restock>
        <min>3</min>
        <quantmin>-1</quantmin>
        <quantmax>-1</quantmax>
        <cost>100</cost>
        <flags count_in_cargo="0" count_in_hoarder="0" count_in_map="1" count_in_player="0" crafted="0" deloot="0" />
        <category name="food" />
        <value name="Tier3" />
        <value name="Tier4" />
    </type>
    <type name="TerjeDrinkPrayboy">
        <nominal>5</nominal>
        <lifetime>14400</lifetime>
        <restock>0</restock>
        <min>3</min>
        <quantmin>-1</quantmin>
        <quantmax>-1</quantmax>
        <cost>100</cost>
        <flags count_in_cargo="0" count_in_hoarder="0" count_in_map="1" count_in_player="0" crafted="0" deloot="0" />
        <category name="food" />
        <value name="Tier3" />
        <value name="Tier4" />
    </type>
    <type name="TerjeDrink6Energy">
        <nominal>5</nominal>
        <lifetime>14400</lifetime>
        <restock>0</restock>
        <min>3</min>
        <quantmin>-1</quantmin>
        <quantmax>-1</quantmax>
        <cost>100</cost>
        <flags count_in_cargo="0" count_in_hoarder="0" count_in_map="1" count_in_player="0" crafted="0" deloot="0" />
        <category name="food" />
        <value name="Tier3" />
        <value name="Tier4" />
    </type>

    <!-- TERJE PILLS -->
    <type name="TerjePillsAnalgin">
        <nominal>10</nominal>
        <lifetime>28800</lifetime>
        <restock>0</restock>
        <min>5</min>
        <quantmin>10</quantmin>
        <quantmax>30</quantmax>
        <cost>100</cost>
        <flags count_in_cargo="0" count_in_hoarder="0" count_in_map="1" count_in_player="0" crafted="0" deloot="0" />
        <category name="MedicalTools" />
        <tag name="shelves" />
        <usage name="Town" />
        <value name="Tier1" />
        <value name="Tier2" />
        <value name="Tier3" />
    </type>
    <type name="TerjePillsNimesulid">
        <nominal>10</nominal>
        <lifetime>28800</lifetime>
        <restock>0</restock>
        <min>5</min>
        <quantmin>10</quantmin>
        <quantmax>30</quantmax>
        <cost>100</cost>
        <flags count_in_cargo="0" count_in_hoarder="0" count_in_map="1" count_in_player="0" crafted="0" deloot="0" />
        <category name="MedicalTools" />
        <tag name="shelves" />
        <usage name="Medic" />
        <value name="Tier1" />
        <value name="Tier2" />
        <value name="Tier3" />
    </type>
    <type name="TerjePillsParacetamol">
        <nominal>0</nominal>
        <lifetime>28800</lifetime>
        <restock>0</restock>
        <min>0</min>
        <quantmin>10</quantmin>
        <quantmax>30</quantmax>
        <cost>100</cost>
        <flags count_in_cargo="0" count_in_hoarder="0" count_in_map="1" count_in_player="0" crafted="0" deloot="0" />
        <category name="MedicalTools" />
        <tag name="shelves" />
        <value name="Tier1" />
        <value name="Tier2" />
    </type>
    <type name="TerjePillsIbuprofen">
        <nominal>10</nominal>
        <lifetime>28800</lifetime>
        <restock>0</restock>
        <min>5</min>
        <quantmin>10</quantmin>
        <quantmax>30</quantmax>
        <cost>100</cost>
        <flags count_in_cargo="0" count_in_hoarder="0" count_in_map="1" count_in_player="0" crafted="0" deloot="0" />
        <category name="MedicalTools"/>
        <tag name="shelves" />
    </type>
    <type name="TerjePillsNurofen">
        <nominal>10</nominal>
        <lifetime>28800</lifetime>
        <restock>0</restock>
        <min>5</min>
        <quantmin>10</quantmin>
        <quantmax>30</quantmax>
        <cost>100</cost>
        <flags count_in_cargo="0" count_in_hoarder="0" count_in_map="1" count_in_player="0" crafted="0" deloot="0" />
        <category name="MedicalTools" />
        <tag name="shelves" />
        <usage name="Medic" />
    </type>
    <type name="TerjePillsAmoxiclav">
        <nominal>0</nominal>
        <lifetime>28800</lifetime>
        <restock>0</restock>
        <min>0</min>
        <quantmin>10</quantmin>
        <quantmax>30</quantmax>
        <cost>100</cost>
        <flags count_in_cargo="0" count_in_hoarder="0" count_in_map="1" count_in_player="0" crafted="0" deloot="0" />
        <category name="MedicalTools" />
        <tag name="shelves" />
        <usage name="Medic" />
        <value name="Tier2" />
        <value name="Tier3" />
        <value name="Tier4" />
    </type>
    <type name="TerjePillsPiperacylin">
        <nominal>0</nominal>
        <lifetime>28800</lifetime>
        <restock>0</restock>
        <min>0</min>
        <quantmin>10</quantmin>
        <quantmax>30</quantmax>
        <cost>100</cost>
        <flags count_in_cargo="0" count_in_hoarder="0" count_in_map="1" count_in_player="0" crafted="0" deloot="0" />
        <category name="MedicalTools" />
        <tag name="shelves" />
        <usage name="Medic" />
        <value name="Tier2" />
        <value name="Tier3" />
        <value name="Tier4" />

    </type>
    <type name="TerjePillsAmibaktam">
        <nominal>10</nominal>
        <lifetime>28800</lifetime>
        <restock>0</restock>
        <min>5</min>
        <quantmin>10</quantmin>
        <quantmax>30</quantmax>
        <cost>100</cost>
        <flags count_in_cargo="0" count_in_hoarder="0" count_in_map="1" count_in_player="0" crafted="0" deloot="0" />
        <category name="MedicalTools" />
        <tag name="shelves" />
        <usage name="Medic" />
    </type>
    <type name="TerjePillsPolisorb">
        <nominal>10</nominal>
        <lifetime>28800</lifetime>
        <restock>0</restock>
        <min>5</min>
        <quantmin>10</quantmin>
        <quantmax>30</quantmax>
        <cost>100</cost>
        <flags count_in_cargo="0" count_in_hoarder="0" count_in_map="1" count_in_player="0" crafted="0" deloot="0" />
        <category name="MedicalTools" />
        <tag name="shelves" />
        <usage name="Medic" />
    </type>
    <type name="TerjePillsMesalazin">
        <nominal>10</nominal>
        <lifetime>28800</lifetime>
        <restock>0</restock>
        <min>5</min>
        <quantmin>10</quantmin>
        <quantmax>30</quantmax>
        <cost>100</cost>
        <flags count_in_cargo="0" count_in_hoarder="0" count_in_map="1" count_in_player="0" crafted="0" deloot="0" />
        <category name="MedicalTools" />
        <tag name="shelves" />
        <usage name="Medic" />
    </type>
    <type name="TerjePillsFtalazol">
        <nominal>10</nominal>
        <lifetime>28800</lifetime>
        <restock>0</restock>
        <min>5</min>
        <quantmin>10</quantmin>
        <quantmax>30</quantmax>
        <cost>100</cost>
        <flags count_in_cargo="0" count_in_hoarder="0" count_in_map="1" count_in_player="0" crafted="0" deloot="0" />
        <category name="MedicalTools" />
        <tag name="shelves" />
        <usage name="Medic" />
        <value name="Tier1" />
    </type>
    <type name="TerjePillsNoopept">
        <nominal>10</nominal>
        <lifetime>28800</lifetime>
        <restock>0</restock>
        <min>5</min>
        <quantmin>10</quantmin>
        <quantmax>30</quantmax>
        <cost>100</cost>
        <flags count_in_cargo="0" count_in_hoarder="0" count_in_map="1" count_in_player="0" crafted="0" deloot="0" />
        <category name="MedicalTools" />
        <tag name="shelves" />
        <usage name="Medic" />
        <value name="Tier1" />
        <value name="Tier2" />
    </type>
    <type name="TerjePillsVikasol">
        <nominal>10</nominal>
        <lifetime>28800</lifetime>
        <restock>0</restock>
        <min>5</min>
        <quantmin>10</quantmin>
        <quantmax>30</quantmax>
        <cost>100</cost>
        <flags count_in_cargo="0" count_in_hoarder="0" count_in_map="1" count_in_player="0" crafted="0" deloot="0" />
        <category name="MedicalTools" />
        <tag name="shelves" />
        <usage name="Medic" />
    </type>
    <type name="TerjePillsIrovit">
        <nominal>0</nominal>
        <lifetime>28800</lifetime>
        <restock>0</restock>
        <min>0</min>
        <quantmin>10</quantmin>
        <quantmax>30</quantmax>
        <cost>100</cost>
        <flags count_in_cargo="0" count_in_hoarder="0" count_in_map="1" count_in_player="0" crafted="0" deloot="0" />
        <category name="MedicalTools" />
        <tag name="shelves" />
        <usage name="Medic" />
    </type>
    <type name="TerjePillsAgteminol">
        <nominal>0</nominal>
        <lifetime>28800</lifetime>
        <restock>0</restock>
        <min>0</min>
        <quantmin>10</quantmin>
        <quantmax>30</quantmax>
        <cost>100</cost>
        <flags count_in_cargo="0" count_in_hoarder="0" count_in_map="1" count_in_player="0" crafted="0" deloot="0" />
        <category name="MedicalTools" />
        <tag name="shelves" />
        <usage name="Medic" />
    </type>
    <type name="TerjePillsVenlafaxine">
        <nominal>10</nominal>
        <lifetime>28800</lifetime>
        <restock>0</restock>
        <min>5</min>
        <quantmin>10</quantmin>
        <quantmax>30</quantmax>
        <cost>100</cost>
        <flags count_in_cargo="0" count_in_hoarder="0" count_in_map="1" count_in_player="0" crafted="0" deloot="0" />
        <category name="MedicalTools" />
        <tag name="shelves" />
        <usage name="Medic" />
    </type>
    <type name="TerjePillsRombiopental">
        <nominal>10</nominal>
        <lifetime>28800</lifetime>
        <restock>0</restock>
        <min>5</min>
        <quantmin>10</quantmin>
        <quantmax>30</quantmax>
        <cost>100</cost>
        <flags count_in_cargo="0" count_in_hoarder="0" count_in_map="1" count_in_player="0" crafted="0" deloot="0" />
        <category name="MedicalTools" />
        <tag name="shelves" />
        <usage name="Medic" />
    </type>

    <!-- TERJE AMPOULS -->
    <type name="TerjeAmpouleKetarol">
        <nominal>5</nominal>
        <lifetime>28800</lifetime>
        <restock>0</restock>
        <min>1</min>
        <quantmin>20</quantmin>
        <quantmax>60</quantmax>
        <cost>100</cost>
        <flags count_in_cargo="0" count_in_hoarder="0" count_in_map="1" count_in_player="0" crafted="0" deloot="0" />
        <category name="MedicalTools" />
        <tag name="shelves" />
        <usage name="Medic" />
    </type>
    <type name="TerjeAmpouleFlemoclav">
        <nominal>0</nominal>
        <lifetime>28800</lifetime>
        <restock>0</restock>
        <min>0</min>
        <quantmin>20</quantmin>
        <quantmax>60</quantmax>
        <cost>100</cost>
        <flags count_in_cargo="0" count_in_hoarder="0" count_in_map="1" count_in_player="0" crafted="0" deloot="0" />
        <category name="MedicalTools" />
        <tag name="shelves" />
        <usage name="Medic" />
    </type>
    <type name="TerjeAmpouleImipenem">
        <nominal>2</nominal>
        <lifetime>28800</lifetime>
        <restock>0</restock>
        <min>1</min>
        <quantmin>20</quantmin>
        <quantmax>60</quantmax>
        <cost>100</cost>
        <flags count_in_cargo="0" count_in_hoarder="0" count_in_map="1" count_in_player="0" crafted="0" deloot="0" />
        <category name="MedicalTools" />
        <tag name="shelves" />
        <usage name="Medic" />
        <value name="Tier2" />
        <value name="Tier3" />
        <value name="Tier4" />

    </type>
    <type name="TerjeAmpouleMorphine">
        <nominal>5</nominal>
        <lifetime>28800</lifetime>
        <restock>0</restock>
        <min>1</min>
        <quantmin>20</quantmin>
        <quantmax>60</quantmax>
        <cost>100</cost>
        <flags count_in_cargo="0" count_in_hoarder="0" count_in_map="1" count_in_player="0" crafted="0" deloot="0" />
        <category name="MedicalTools" />
        <tag name="shelves" />
        <usage name="Medic" />
    </type>
    <type name="TerjeAmpouleGexobarbital">
        <nominal>5</nominal>
        <lifetime>28800</lifetime>
        <restock>0</restock>
        <min>1</min>
        <quantmin>20</quantmin>
        <quantmax>60</quantmax>
        <cost>100</cost>
        <flags count_in_cargo="0" count_in_hoarder="0" count_in_map="1" count_in_player="0" crafted="0" deloot="0" />
        <category name="MedicalTools" />
        <tag name="shelves" />
        <usage name="Medic" />
    </type>
    <type name="TerjeAmpouleKetamin">
        <nominal>5</nominal>
        <lifetime>28800</lifetime>
        <restock>0</restock>
        <min>1</min>
        <quantmin>20</quantmin>
        <quantmax>60</quantmax>
        <cost>100</cost>
        <flags count_in_cargo="0" count_in_hoarder="0" count_in_map="1" count_in_player="0" crafted="0" deloot="0" />
        <category name="MedicalTools" />
        <tag name="shelves" />
        <usage name="Medic" />
    </type>
    <type name="TerjeAmpouleHeptral">
        <nominal>5</nominal>
        <lifetime>28800</lifetime>
        <restock>0</restock>
        <min>1</min>
        <quantmin>20</quantmin>
        <quantmax>60</quantmax>
        <cost>100</cost>
        <flags count_in_cargo="0" count_in_hoarder="0" count_in_map="1" count_in_player="0" crafted="0" deloot="0" />
        <category name="MedicalTools" />
        <tag name="shelves" />
        <usage name="Medic" />
    </type>
    <type name="TerjeAmpouleMetoclopramid">
        <nominal>5</nominal>
        <lifetime>28800</lifetime>
        <restock>0</restock>
        <min>1</min>
        <quantmin>20</quantmin>
        <quantmax>60</quantmax>
        <cost>100</cost>
        <flags count_in_cargo="0" count_in_hoarder="0" count_in_map="1" count_in_player="0" crafted="0" deloot="0" />
        <category name="MedicalTools" />
        <tag name="shelves" />
        <usage name="Medic" />
    </type>
    <type name="TerjeAmpouleActaparoxetine">
        <nominal>5</nominal>
        <lifetime>28800</lifetime>
        <restock>0</restock>
        <min>1</min>
        <quantmin>20</quantmin>
        <quantmax>60</quantmax>
        <cost>100</cost>
        <flags count_in_cargo="0" count_in_hoarder="0" count_in_map="1" count_in_player="0" crafted="0" deloot="0" />
        <category name="MedicalTools" />
        <tag name="shelves" />
        <usage name="Medic" />
    </type>
    <type name="TerjeAmpouleAmitriptyline">
        <nominal>0</nominal>
        <lifetime>28800</lifetime>
        <restock>0</restock>
        <min>0</min>
        <quantmin>20</quantmin>
        <quantmax>60</quantmax>
        <cost>100</cost>
        <flags count_in_cargo="0" count_in_hoarder="0" count_in_map="1" count_in_player="0" crafted="0" deloot="0" />
        <category name="MedicalTools" />
        <tag name="shelves" />
        <usage name="Medic" />
    </type>
    <type name="TerjeAmpouleRifampicyne">
        <nominal>5</nominal>
        <lifetime>28800</lifetime>
        <restock>0</restock>
        <min>1</min>
        <quantmin>20</quantmin>
        <quantmax>60</quantmax>
        <cost>100</cost>
        <flags count_in_cargo="0" count_in_hoarder="0" count_in_map="1" count_in_player="0" crafted="0" deloot="0" />
        <category name="MedicalTools" />
        <tag name="shelves" />
        <usage name="Medic" />
    </type>
    <type name="TerjeAmpouleZivirol">
        <nominal>0</nominal>
        <lifetime>28800</lifetime>
        <restock>0</restock>
        <min>0</min>
        <quantmin>20</quantmin>
        <quantmax>60</quantmax>
        <cost>100</cost>
        <flags count_in_cargo="0" count_in_hoarder="0" count_in_map="1" count_in_player="0" crafted="0" deloot="0" />
        <category name="MedicalTools" />
        <tag name="shelves" />
        <usage name="Medic" />
    </type>

    <!-- TERJE INJECTORS -->
    <type name="TerjeInjectorPromidol">
        <nominal>3</nominal>
        <lifetime>28800</lifetime>
        <restock>0</restock>
        <min>1</min>
        <quantmin>-1</quantmin>
        <quantmax>-1</quantmax>
        <cost>100</cost>
        <flags count_in_cargo="0" count_in_hoarder="0" count_in_map="1" count_in_player="0" crafted="0" deloot="0" />
        <category name="MedicalTools" />
        <tag name="shelves" />
        <usage name="Medic" />
        <value name="Tier3" />
        <value name="Tier4" />

    </type>
    <type name="TerjeInjectorTopoizomeraza">
        <nominal>3</nominal>
        <lifetime>28800</lifetime>
        <restock>0</restock>
        <min>1</min>
        <quantmin>-1</quantmin>
        <quantmax>-1</quantmax>
        <cost>100</cost>
        <flags count_in_cargo="0" count_in_hoarder="0" count_in_map="1" count_in_player="0" crafted="0" deloot="0" />
        <category name="MedicalTools" />
        <tag name="shelves" />
        <usage name="Medic" />
        <value name="Tier3" />
        <value name="Tier4" />

    </type>
    <type name="TerjeInjectorErytromixelin">
        <nominal>3</nominal>
        <lifetime>28800</lifetime>
        <restock>0</restock>
        <min>1</min>
        <quantmin>-1</quantmin>
        <quantmax>-1</quantmax>
        <cost>100</cost>
        <flags count_in_cargo="0" count_in_hoarder="0" count_in_map="1" count_in_player="0" crafted="0" deloot="0" />
        <category name="MedicalTools" />
        <tag name="shelves" />
        <usage name="Medic" />
        <value name="Tier3" />
        <value name="Tier4" />
    </type>
    <type name="TerjeInjectorStomaproxidal">
        <nominal>3</nominal>
        <lifetime>28800</lifetime>
        <restock>0</restock>
        <min>1</min>
        <quantmin>-1</quantmin>
        <quantmax>-1</quantmax>
        <cost>100</cost>
        <flags count_in_cargo="0" count_in_hoarder="0" count_in_map="1" count_in_player="0" crafted="0" deloot="0" />
        <category name="MedicalTools" />
        <tag name="shelves" />
        <usage name="Medic" />
        <value name="Tier3" />
        <value name="Tier4" />

    </type>
    <type name="TerjeInjectorRabinucoline">
        <nominal>3</nominal>
        <lifetime>28800</lifetime>
        <restock>0</restock>
        <min>1</min>
        <quantmin>-1</quantmin>
        <quantmax>-1</quantmax>
        <cost>100</cost>
        <flags count_in_cargo="0" count_in_hoarder="0" count_in_map="1" count_in_player="0" crafted="0" deloot="0" />
        <category name="MedicalTools" />
        <tag name="shelves" />
        <usage name="Medic" />
    </type>
    <type name="TerjeInjectorAmfitalicyne">
        <nominal>3</nominal>
        <lifetime>28800</lifetime>
        <restock>0</restock>
        <min>1</min>
        <quantmin>-1</quantmin>
        <quantmax>-1</quantmax>
        <cost>100</cost>
        <flags count_in_cargo="0" count_in_hoarder="0" count_in_map="1" count_in_player="0" crafted="0" deloot="0" />
        <category name="MedicalTools" />
        <tag name="shelves" />
        <usage name="Medic" />
        <value name="Tier2" />
        <value name="Tier3" />
        <value name="Tier4" />
    </type>
    <type name="TerjeInjectorReanimatal">
        <nominal>3</nominal>
        <lifetime>28800</lifetime>
        <restock>0</restock>
        <min>1</min>
        <quantmin>-1</quantmin>
        <quantmax>-1</quantmax>
        <cost>100</cost>
        <flags count_in_cargo="0" count_in_hoarder="0" count_in_map="1" count_in_player="0" crafted="0" deloot="0" />
        <category name="MedicalTools" />
        <tag name="shelves" />
        <usage name="Medic" />
    </type>
    <type name="TerjeSleepingBag_Woodland">
        <nominal>2</nominal>
        <lifetime>28800</lifetime>
        <restock>1200</restock>
        <min>0</min>
        <quantmin>-1</quantmin>
        <quantmax>-1</quantmax>
        <cost>100</cost>
        <flags count_in_cargo="0" count_in_hoarder="0" count_in_map="1" count_in_player="0" crafted="0" deloot="0"/>
        <category name="clothes"/>
        <usage name="Farm"/>
        <usage name="Town"/>
        <usage name="Village"/>
        <usage name="Hunting"/>
        <usage name="School"/>
        <usage name="Lunapark"/>
    </type>
    <type name="TerjeSleepingBag_Blue">
        <nominal>2</nominal>
        <lifetime>28800</lifetime>
        <restock>1200</restock>
        <min>0</min>
        <quantmin>-1</quantmin>
        <quantmax>-1</quantmax>
        <cost>100</cost>
        <flags count_in_cargo="0" count_in_hoarder="0" count_in_map="1" count_in_player="0" crafted="0" deloot="0"/>
        <category name="clothes"/>
        <usage name="Farm"/>
        <usage name="Town"/>
        <usage name="Village"/>
        <usage name="Hunting"/>
        <usage name="School"/>
        <usage name="Lunapark"/>
    </type>
</types>