{
    "m_Version": 1,
    "m_ClassName": "AKS74U",
    "m_SkinName": "Clean",
    "m_HealthLevel": 0,
    "m_Quantity": 0.0,
    "m_QuantityType": 0,
    "m_LiquidType": -1,
    "m_IsBloodContainer": 0,
    "m_FoodStageType": -1,
    "m_Rarity": 0,
    "m_ContainerItemsCount": 1,
    "m_ContainerItems": [
        {
            "m_Version": 0,
            "m_ClassName": "AKS74U_Bttstck",
            "m_SkinName": "",
            "m_HealthLevel": 0,
            "m_Quantity": 0.0,
            "m_QuantityType": 0,
            "m_LiquidType": -1,
            "m_IsBloodContainer": 0,
            "m_FoodStageType": -1,
            "m_Rarity": 0,
            "m_ContainerItemsCount": 0,
            "m_ContainerItems": [],
            "m_IsWeapon": 0,
            "m_IsMagazine": 0,
            "m_IsAttached": 1
        }
    ],
    "m_GlobalID": [
        -2147483648,
        -2147483648,
        -2147483648,
        -2147336323
    ],
    "m_OwnerUID": "uDOimHrXk9bc7X9EcqaHxzN34YaH2ZJMH1bjc0m8QGw=",
    "m_Price": 1000,
    "m_ListingTime": 1742306265,
    "m_ListingState": 2,
    "m_OwnerName": "[SoKill] AntZVZ"
}