{
    "m_Version": 2,
    "Enabled": 0,
    "Weight": 214.0,
    "MissionMaxTime": 1800,
    "MissionName": "Random_Chernogorsk",
    "Difficulty": 0,
    "Objective": 0,
    "Reward": "",
    "ShowNotification": 0,
    "Height": 450.0,
    "Speed": 25.0,
    "Container": "Random",
    "FallSpeed": 4.5,
    "DropLocation": {
        "x": 6128.0,
        "z": 2497.0,
        "Name": "Chernogorsk",
        "Radius": 100.0
    },
    "Infected": [],
    "ItemCount": -1,
    "InfectedCount": -1,
    "AirdropPlaneClassName": "",
    "Loot": []
}