{
    "m_Version": 2,
    "m_OwnerUID": "Xr9hwI_ozmlszSmRagMXtMNM9ePuU4cX6EAenEN8u70=",
    "m_ClassName": "TortillaBag",
    "m_SkinName": "",
    "m_HealthLevel": 1,
    "m_Quantity": 0.7199999690055847,
    "m_QuantityType": 64,
    "m_LiquidType": -1,
    "m_IsBloodContainer": 0,
    "m_FoodStageType": -1,
    "m_ContainerItemsCount": 15,
    "m_ContainerItems": [
        {
            "m_Version": 0,
            "m_OwnerUID": "Xr9hwI_ozmlszSmRagMXtMNM9ePuU4cX6EAenEN8u70=",
            "m_ClassName": "RIP_CuttingDisc",
            "m_SkinName": "",
            "m_HealthLevel": 3,
            "m_Quantity": 0.0,
            "m_QuantityType": 0,
            "m_LiquidType": -1,
            "m_IsBloodContainer": 0,
            "m_FoodStageType": -1,
            "m_ContainerItemsCount": 0,
            "m_ContainerItems": [],
            "m_IsWeapon": 0,
            "m_IsMagazine": 0,
            "m_IsAttached": 0
        },
        {
            "m_Version": 0,
            "m_OwnerUID": "Xr9hwI_ozmlszSmRagMXtMNM9ePuU4cX6EAenEN8u70=",
            "m_ClassName": "KashtanOptic",
            "m_SkinName": "",
            "m_HealthLevel": 0,
            "m_Quantity": 0.0,
            "m_QuantityType": 0,
            "m_LiquidType": -1,
            "m_IsBloodContainer": 0,
            "m_FoodStageType": -1,
            "m_ContainerItemsCount": 0,
            "m_ContainerItems": [],
            "m_IsWeapon": 0,
            "m_IsMagazine": 0,
            "m_IsAttached": 0
        },
        {
            "m_Version": 0,
            "m_OwnerUID": "Xr9hwI_ozmlszSmRagMXtMNM9ePuU4cX6EAenEN8u70=",
            "m_ClassName": "Whetstone",
            "m_SkinName": "",
            "m_HealthLevel": 2,
            "m_Quantity": 100.0,
            "m_QuantityType": 2,
            "m_LiquidType": -1,
            "m_IsBloodContainer": 0,
            "m_FoodStageType": -1,
            "m_ContainerItemsCount": 0,
            "m_ContainerItems": [],
            "m_IsWeapon": 0,
            "m_IsMagazine": 0,
            "m_IsAttached": 0
        },
        {
            "m_Version": 0,
            "m_OwnerUID": "Xr9hwI_ozmlszSmRagMXtMNM9ePuU4cX6EAenEN8u70=",
            "m_ClassName": "PUScopeOptic",
            "m_SkinName": "",
            "m_HealthLevel": 3,
            "m_Quantity": 0.0,
            "m_QuantityType": 0,
            "m_LiquidType": -1,
            "m_IsBloodContainer": 0,
            "m_FoodStageType": -1,
            "m_ContainerItemsCount": 0,
            "m_ContainerItems": [],
            "m_IsWeapon": 0,
            "m_IsMagazine": 0,
            "m_IsAttached": 0
        },
        {
            "m_Version": 0,
            "m_OwnerUID": "Xr9hwI_ozmlszSmRagMXtMNM9ePuU4cX6EAenEN8u70=",
            "m_ClassName": "Whetstone",
            "m_SkinName": "",
            "m_HealthLevel": 2,
            "m_Quantity": 100.0,
            "m_QuantityType": 2,
            "m_LiquidType": -1,
            "m_IsBloodContainer": 0,
            "m_FoodStageType": -1,
            "m_ContainerItemsCount": 0,
            "m_ContainerItems": [],
            "m_IsWeapon": 0,
            "m_IsMagazine": 0,
            "m_IsAttached": 0
        },
        {
            "m_Version": 0,
            "m_OwnerUID": "Xr9hwI_ozmlszSmRagMXtMNM9ePuU4cX6EAenEN8u70=",
            "m_ClassName": "Mag_MP5_30Rnd",
            "m_SkinName": "",
            "m_HealthLevel": 0,
            "m_Quantity": 30.0,
            "m_QuantityType": 16,
            "m_LiquidType": -1,
            "m_IsBloodContainer": 0,
            "m_FoodStageType": -1,
            "m_ContainerItemsCount": 2,
            "m_ContainerItems": [
                {
                    "m_Version": 0,
                    "m_OwnerUID": "Xr9hwI_ozmlszSmRagMXtMNM9ePuU4cX6EAenEN8u70=",
                    "m_ClassName": "Ammo_9x19",
                    "m_SkinName": "",
                    "m_HealthLevel": 0,
                    "m_Quantity": 25.0,
                    "m_QuantityType": 16,
                    "m_LiquidType": -1,
                    "m_IsBloodContainer": 0,
                    "m_FoodStageType": -1,
                    "m_ContainerItemsCount": 0,
                    "m_ContainerItems": [],
                    "m_IsWeapon": 0,
                    "m_IsMagazine": 0,
                    "m_IsAttached": 0
                },
                {
                    "m_Version": 0,
                    "m_OwnerUID": "Xr9hwI_ozmlszSmRagMXtMNM9ePuU4cX6EAenEN8u70=",
                    "m_ClassName": "Ammo_9x19",
                    "m_SkinName": "",
                    "m_HealthLevel": 0,
                    "m_Quantity": 5.0,
                    "m_QuantityType": 16,
                    "m_LiquidType": -1,
                    "m_IsBloodContainer": 0,
                    "m_FoodStageType": -1,
                    "m_ContainerItemsCount": 0,
                    "m_ContainerItems": [],
                    "m_IsWeapon": 0,
                    "m_IsMagazine": 0,
                    "m_IsAttached": 0
                }
            ],
            "m_IsWeapon": 0,
            "m_IsMagazine": 1,
            "m_IsAttached": 0
        },
        {
            "m_Version": 0,
            "m_OwnerUID": "Xr9hwI_ozmlszSmRagMXtMNM9ePuU4cX6EAenEN8u70=",
            "m_ClassName": "Mag_MP5_30Rnd",
            "m_SkinName": "",
            "m_HealthLevel": 3,
            "m_Quantity": 30.0,
            "m_QuantityType": 16,
            "m_LiquidType": -1,
            "m_IsBloodContainer": 0,
            "m_FoodStageType": -1,
            "m_ContainerItemsCount": 2,
            "m_ContainerItems": [
                {
                    "m_Version": 0,
                    "m_OwnerUID": "Xr9hwI_ozmlszSmRagMXtMNM9ePuU4cX6EAenEN8u70=",
                    "m_ClassName": "Ammo_9x19",
                    "m_SkinName": "",
                    "m_HealthLevel": 0,
                    "m_Quantity": 25.0,
                    "m_QuantityType": 16,
                    "m_LiquidType": -1,
                    "m_IsBloodContainer": 0,
                    "m_FoodStageType": -1,
                    "m_ContainerItemsCount": 0,
                    "m_ContainerItems": [],
                    "m_IsWeapon": 0,
                    "m_IsMagazine": 0,
                    "m_IsAttached": 0
                },
                {
                    "m_Version": 0,
                    "m_OwnerUID": "Xr9hwI_ozmlszSmRagMXtMNM9ePuU4cX6EAenEN8u70=",
                    "m_ClassName": "Ammo_9x19",
                    "m_SkinName": "",
                    "m_HealthLevel": 0,
                    "m_Quantity": 5.0,
                    "m_QuantityType": 16,
                    "m_LiquidType": -1,
                    "m_IsBloodContainer": 0,
                    "m_FoodStageType": -1,
                    "m_ContainerItemsCount": 0,
                    "m_ContainerItems": [],
                    "m_IsWeapon": 0,
                    "m_IsMagazine": 0,
                    "m_IsAttached": 0
                }
            ],
            "m_IsWeapon": 0,
            "m_IsMagazine": 1,
            "m_IsAttached": 0
        },
        {
            "m_Version": 0,
            "m_OwnerUID": "Xr9hwI_ozmlszSmRagMXtMNM9ePuU4cX6EAenEN8u70=",
            "m_ClassName": "Sickle",
            "m_SkinName": "",
            "m_HealthLevel": 2,
            "m_Quantity": 0.0,
            "m_QuantityType": 0,
            "m_LiquidType": -1,
            "m_IsBloodContainer": 0,
            "m_FoodStageType": -1,
            "m_ContainerItemsCount": 0,
            "m_ContainerItems": [],
            "m_IsWeapon": 0,
            "m_IsMagazine": 0,
            "m_IsAttached": 0
        },
        {
            "m_Version": 0,
            "m_OwnerUID": "Xr9hwI_ozmlszSmRagMXtMNM9ePuU4cX6EAenEN8u70=",
            "m_ClassName": "FieldShovel",
            "m_SkinName": "",
            "m_HealthLevel": 3,
            "m_Quantity": 0.0,
            "m_QuantityType": 0,
            "m_LiquidType": -1,
            "m_IsBloodContainer": 0,
            "m_FoodStageType": -1,
            "m_ContainerItemsCount": 0,
            "m_ContainerItems": [],
            "m_IsWeapon": 0,
            "m_IsMagazine": 0,
            "m_IsAttached": 0
        },
        {
            "m_Version": 0,
            "m_OwnerUID": "Xr9hwI_ozmlszSmRagMXtMNM9ePuU4cX6EAenEN8u70=",
            "m_ClassName": "Pliers",
            "m_SkinName": "",
            "m_HealthLevel": 1,
            "m_Quantity": 0.0,
            "m_QuantityType": 0,
            "m_LiquidType": -1,
            "m_IsBloodContainer": 0,
            "m_FoodStageType": -1,
            "m_ContainerItemsCount": 0,
            "m_ContainerItems": [],
            "m_IsWeapon": 0,
            "m_IsMagazine": 0,
            "m_IsAttached": 0
        },
        {
            "m_Version": 0,
            "m_OwnerUID": "Xr9hwI_ozmlszSmRagMXtMNM9ePuU4cX6EAenEN8u70=",
            "m_ClassName": "Pipe",
            "m_SkinName": "",
            "m_HealthLevel": 0,
            "m_Quantity": 0.0,
            "m_QuantityType": 0,
            "m_LiquidType": -1,
            "m_IsBloodContainer": 0,
            "m_FoodStageType": -1,
            "m_ContainerItemsCount": 0,
            "m_ContainerItems": [],
            "m_IsWeapon": 0,
            "m_IsMagazine": 0,
            "m_IsAttached": 0
        },
        {
            "m_Version": 0,
            "m_OwnerUID": "Xr9hwI_ozmlszSmRagMXtMNM9ePuU4cX6EAenEN8u70=",
            "m_ClassName": "MP5K",
            "m_SkinName": "",
            "m_HealthLevel": 0,
            "m_Quantity": 0.0,
            "m_QuantityType": 0,
            "m_LiquidType": -1,
            "m_IsBloodContainer": 0,
            "m_FoodStageType": -1,
            "m_ContainerItemsCount": 4,
            "m_ContainerItems": [
                {
                    "m_Version": 0,
                    "m_OwnerUID": "Xr9hwI_ozmlszSmRagMXtMNM9ePuU4cX6EAenEN8u70=",
                    "m_ClassName": "MP5_Compensator",
                    "m_SkinName": "",
                    "m_HealthLevel": 0,
                    "m_Quantity": 0.0,
                    "m_QuantityType": 0,
                    "m_LiquidType": -1,
                    "m_IsBloodContainer": 0,
                    "m_FoodStageType": -1,
                    "m_ContainerItemsCount": 0,
                    "m_ContainerItems": [],
                    "m_IsWeapon": 0,
                    "m_IsMagazine": 0,
                    "m_IsAttached": 1
                },
                {
                    "m_Version": 0,
                    "m_OwnerUID": "Xr9hwI_ozmlszSmRagMXtMNM9ePuU4cX6EAenEN8u70=",
                    "m_ClassName": "MP5k_StockBttstck",
                    "m_SkinName": "",
                    "m_HealthLevel": 0,
                    "m_Quantity": 0.0,
                    "m_QuantityType": 0,
                    "m_LiquidType": -1,
                    "m_IsBloodContainer": 0,
                    "m_FoodStageType": -1,
                    "m_ContainerItemsCount": 0,
                    "m_ContainerItems": [],
                    "m_IsWeapon": 0,
                    "m_IsMagazine": 0,
                    "m_IsAttached": 1
                },
                {
                    "m_Version": 0,
                    "m_OwnerUID": "Xr9hwI_ozmlszSmRagMXtMNM9ePuU4cX6EAenEN8u70=",
                    "m_ClassName": "MP5_RailHndgrd",
                    "m_SkinName": "",
                    "m_HealthLevel": 0,
                    "m_Quantity": 0.0,
                    "m_QuantityType": 0,
                    "m_LiquidType": -1,
                    "m_IsBloodContainer": 0,
                    "m_FoodStageType": -1,
                    "m_ContainerItemsCount": 0,
                    "m_ContainerItems": [],
                    "m_IsWeapon": 0,
                    "m_IsMagazine": 0,
                    "m_IsAttached": 1
                },
                {
                    "m_Version": 0,
                    "m_OwnerUID": "Xr9hwI_ozmlszSmRagMXtMNM9ePuU4cX6EAenEN8u70=",
                    "m_ClassName": "Mag_MP5_30Rnd",
                    "m_SkinName": "",
                    "m_HealthLevel": 1,
                    "m_Quantity": 30.0,
                    "m_QuantityType": 16,
                    "m_LiquidType": -1,
                    "m_IsBloodContainer": 0,
                    "m_FoodStageType": -1,
                    "m_ContainerItemsCount": 2,
                    "m_ContainerItems": [
                        {
                            "m_Version": 0,
                            "m_OwnerUID": "Xr9hwI_ozmlszSmRagMXtMNM9ePuU4cX6EAenEN8u70=",
                            "m_ClassName": "Ammo_9x19",
                            "m_SkinName": "",
                            "m_HealthLevel": 0,
                            "m_Quantity": 25.0,
                            "m_QuantityType": 16,
                            "m_LiquidType": -1,
                            "m_IsBloodContainer": 0,
                            "m_FoodStageType": -1,
                            "m_ContainerItemsCount": 0,
                            "m_ContainerItems": [],
                            "m_IsWeapon": 0,
                            "m_IsMagazine": 0,
                            "m_IsAttached": 0
                        },
                        {
                            "m_Version": 0,
                            "m_OwnerUID": "Xr9hwI_ozmlszSmRagMXtMNM9ePuU4cX6EAenEN8u70=",
                            "m_ClassName": "Ammo_9x19",
                            "m_SkinName": "",
                            "m_HealthLevel": 0,
                            "m_Quantity": 5.0,
                            "m_QuantityType": 16,
                            "m_LiquidType": -1,
                            "m_IsBloodContainer": 0,
                            "m_FoodStageType": -1,
                            "m_ContainerItemsCount": 0,
                            "m_ContainerItems": [],
                            "m_IsWeapon": 0,
                            "m_IsMagazine": 0,
                            "m_IsAttached": 0
                        }
                    ],
                    "m_IsWeapon": 0,
                    "m_IsMagazine": 1,
                    "m_IsAttached": 1
                }
            ],
            "m_IsWeapon": 1,
            "m_IsMagazine": 0,
            "m_IsAttached": 0
        },
        {
            "m_Version": 0,
            "m_OwnerUID": "Xr9hwI_ozmlszSmRagMXtMNM9ePuU4cX6EAenEN8u70=",
            "m_ClassName": "Mag_PP19_64Rnd",
            "m_SkinName": "",
            "m_HealthLevel": 0,
            "m_Quantity": 18.0,
            "m_QuantityType": 16,
            "m_LiquidType": -1,
            "m_IsBloodContainer": 0,
            "m_FoodStageType": -1,
            "m_ContainerItemsCount": 1,
            "m_ContainerItems": [
                {
                    "m_Version": 0,
                    "m_OwnerUID": "Xr9hwI_ozmlszSmRagMXtMNM9ePuU4cX6EAenEN8u70=",
                    "m_ClassName": "Ammo_380",
                    "m_SkinName": "",
                    "m_HealthLevel": 0,
                    "m_Quantity": 18.0,
                    "m_QuantityType": 16,
                    "m_LiquidType": -1,
                    "m_IsBloodContainer": 0,
                    "m_FoodStageType": -1,
                    "m_ContainerItemsCount": 0,
                    "m_ContainerItems": [],
                    "m_IsWeapon": 0,
                    "m_IsMagazine": 0,
                    "m_IsAttached": 0
                }
            ],
            "m_IsWeapon": 0,
            "m_IsMagazine": 1,
            "m_IsAttached": 0
        },
        {
            "m_Version": 0,
            "m_OwnerUID": "Xr9hwI_ozmlszSmRagMXtMNM9ePuU4cX6EAenEN8u70=",
            "m_ClassName": "M9A1_Bayonet",
            "m_SkinName": "",
            "m_HealthLevel": 0,
            "m_Quantity": 0.0,
            "m_QuantityType": 0,
            "m_LiquidType": -1,
            "m_IsBloodContainer": 0,
            "m_FoodStageType": -1,
            "m_ContainerItemsCount": 0,
            "m_ContainerItems": [],
            "m_IsWeapon": 0,
            "m_IsMagazine": 0,
            "m_IsAttached": 0
        },
        {
            "m_Version": 0,
            "m_OwnerUID": "Xr9hwI_ozmlszSmRagMXtMNM9ePuU4cX6EAenEN8u70=",
            "m_ClassName": "LongHorn",
            "m_SkinName": "",
            "m_HealthLevel": 2,
            "m_Quantity": 0.0,
            "m_QuantityType": 0,
            "m_LiquidType": -1,
            "m_IsBloodContainer": 0,
            "m_FoodStageType": -1,
            "m_ContainerItemsCount": 1,
            "m_ContainerItems": [
                {
                    "m_Version": 0,
                    "m_OwnerUID": "Xr9hwI_ozmlszSmRagMXtMNM9ePuU4cX6EAenEN8u70=",
                    "m_ClassName": "PistolOptic",
                    "m_SkinName": "",
                    "m_HealthLevel": 2,
                    "m_Quantity": 0.0,
                    "m_QuantityType": 0,
                    "m_LiquidType": -1,
                    "m_IsBloodContainer": 0,
                    "m_FoodStageType": -1,
                    "m_ContainerItemsCount": 0,
                    "m_ContainerItems": [],
                    "m_IsWeapon": 0,
                    "m_IsMagazine": 0,
                    "m_IsAttached": 1
                }
            ],
            "m_IsWeapon": 1,
            "m_IsMagazine": 0,
            "m_IsAttached": 0
        }
    ],
    "m_StorageID": 1,
    "m_GlobalID": [
        -2147483648,
        -2147483648,
        -2147483648,
        -2147481676
    ],
    "m_ItemSlotName": "",
    "m_StoreTime": 1737312014
}