{
    "m_Version": 1,
    "m_ClassName": "SCWS_CZ_Magazine",
    "m_SkinName": "",
    "m_HealthLevel": 0,
    "m_Quantity": 0.0,
    "m_QuantityType": 16,
    "m_LiquidType": -1,
    "m_IsBloodContainer": 0,
    "m_FoodStageType": -1,
    "m_Rarity": 0,
    "m_ContainerItemsCount": 0,
    "m_ContainerItems": [],
    "m_GlobalID": [
        -2147483648,
        -2147483648,
        -2147483648,
        -2147315204
    ],
    "m_OwnerUID": "Xr9hwI_ozmlszSmRagMXtMNM9ePuU4cX6EAenEN8u70=",
    "m_Price": 750,
    "m_ListingTime": 1742296525,
    "m_ListingState": 2,
    "m_OwnerName": "VoMa"
}