{
    "m_Version": 1,
    "m_ClassName": "CZ75",
    "m_SkinName": "",
    "m_HealthLevel": 3,
    "m_Quantity": 0.0,
    "m_QuantityType": 0,
    "m_LiquidType": -1,
    "m_IsBloodContainer": 0,
    "m_FoodStageType": -1,
    "m_Rarity": 0,
    "m_ContainerItemsCount": 1,
    "m_ContainerItems": [
        {
            "m_Version": 0,
            "m_ClassName": "Mag_CZ75_15Rnd",
            "m_SkinName": "",
            "m_HealthLevel": 3,
            "m_Quantity": 9.0,
            "m_QuantityType": 16,
            "m_LiquidType": -1,
            "m_IsBloodContainer": 0,
            "m_FoodStageType": -1,
            "m_Rarity": 0,
            "m_ContainerItemsCount": 1,
            "m_ContainerItems": [
                {
                    "m_Version": 0,
                    "m_ClassName": "Ammo_9x19",
                    "m_SkinName": "",
                    "m_HealthLevel": 0,
                    "m_Quantity": 9.0,
                    "m_QuantityType": 16,
                    "m_LiquidType": -1,
                    "m_IsBloodContainer": 0,
                    "m_FoodStageType": -1,
                    "m_Rarity": 0,
                    "m_ContainerItemsCount": 0,
                    "m_ContainerItems": [],
                    "m_IsWeapon": 0,
                    "m_IsMagazine": 0,
                    "m_IsAttached": 0
                }
            ],
            "m_IsWeapon": 0,
            "m_IsMagazine": 1,
            "m_IsAttached": 1
        }
    ],
    "m_GlobalID": [
        -2147483648,
        -2147483648,
        -2147483648,
        -2147315390
    ],
    "m_OwnerUID": "62ZZcFkdhgJlWMxNaR2LnfPpWcFwUWS15DqnFX5Iyuo=",
    "m_Price": 5000,
    "m_ListingTime": 1742291273,
    "m_ListingState": 1,
    "m_OwnerName": "Smirnoff1984[UA]"
}