{
    "m_Version": 5,
    "EnableMap": 1,
    "UseMapOnMapItem": 1,
    "ShowPlayerPosition": 1,
    "ShowMapStats": 1,
    "NeedPenItemForCreateMarker": 0,
    "NeedGPSItemForCreateMarker": 0,
    "CanCreateMarker": 1,
    "CanCreate3DMarker": 1,
    "CanOpenMapWithKeyBinding": 1,
    "ShowDistanceOnPersonalMarkers": 1,
    "EnableHUDGPS": 1,
    "NeedGPSItemForKeyBinding": 1,
    "NeedMapItemForKeyBinding": 0,
    "EnableServerMarkers": 1,
    "ShowNameOnServerMarkers": 1,
    "ShowDistanceOnServerMarkers": 1,

    "ServerMarkers": [
        {
            "m_UID": "ServerMarker_Trader_Green_Montain",
            "m_Visibility": 6,
            "m_Is3D": 1,
            "m_Text": "Прихисток на Зеленій горі",
            "m_IconName": "Trader",
            "m_Color": -13710223,
            "m_Position": [
                3715.0,
                549.0,
                5985.0
            ],
            "m_Locked": 0,
            "m_Persist": 1
        },
        {
            "m_UID": "ServerMarker_Trader_Altar",
            "m_Visibility": 6,
            "m_Is3D": 1,
            "m_Text": "Прихисток на Алтарі",
            "m_IconName": "Trader",
            "m_Color": -13710223,
            "m_Position": [
                8227.0,
                475.0,
                8999.0
            ],
            "m_Locked": 0,
            "m_Persist": 1
        },
        {
            "m_UID": "ServerMarker_Trader_Baron",
            "m_Visibility": 6,
            "m_Is3D": 1,
            "m_Text": "Дон Педро",
            "m_IconName": "Trader",
            "m_Color": -13710223,
            "m_Position": [
                175.029129,
                386.918182,
                12518.526367
            ],
            "m_Locked": 0,
            "m_Persist": 1
        },
        {
            "m_UID": "ServerMarker_Trader_Meat",
            "m_Visibility": 6,
            "m_Is3D": 1,
            "m_Text": "М'ясник",
            "m_IconName": "Trader",
            "m_Color": -13710223,
            "m_Position": [
                14124.838867, 
                140.338608, 
                13839.694336            
            ],
            "m_Locked": 0,
            "m_Persist": 1
        },
        {
            "m_UID": "ServerMarker_Trader_Toxic",
            "m_Visibility": 6,
            "m_Is3D": 1,
            "m_Text": "Зона 113",
            "m_IconName": "Trader",
            "m_Color": -13710223,
            "m_Position": [
                2124.696045, 92.631042, 3360.525391         
            ],
            "m_Locked": 0,
            "m_Persist": 1
        }
    ],
    "EnableHUDCompass": 1,
    "NeedCompassItemForHUDCompass": 1,
    "NeedGPSItemForHUDCompass": 1,
    "CompassColor": -1,
    "CreateDeathMarker": 1,
    "PlayerLocationNotifier": 1,
    "CompassBadgesColor": -1946157056
}