{
    "m_Version": 1,
    "m_ClassName": "NailBox",
    "m_SkinName": "",
    "m_HealthLevel": 0,
    "m_Quantity": 0.0,
    "m_QuantityType": 0,
    "m_LiquidType": -1,
    "m_IsBloodContainer": 0,
    "m_FoodStageType": -1,
    "m_Rarity": 0,
    "m_ContainerItemsCount": 0,
    "m_ContainerItems": [],
    "m_GlobalID": [
        -2147483648,
        -2147483648,
        -2147483648,
        -2147369666
    ],
    "m_OwnerUID": "5WK_BJ1IyhfeQK5ShwWiOEAbA2bK63tJxvRvHViEH54=",
    "m_Price": 7500,
    "m_ListingTime": 1741126842,
    "m_ListingState": 2,
    "m_OwnerName": "BodyaBo"
}