{
    "m_Version": 2,
    "Enabled": 0,
    "Weight": 277.0,
    "MissionMaxTime": 1800,
    "MissionName": "Random_Guglovo",
    "Difficulty": 0,
    "Objective": 0,
    "Reward": "",
    "ShowNotification": 0,
    "Height": 450.0,
    "Speed": 25.0,
    "Container": "Random",
    "FallSpeed": 4.5,
    "DropLocation": {
        "x": 8550.0,
        "z": 6400.0,
        "Name": "Guglovo",
        "Radius": 100.0
    },
    "Infected": [],
    "ItemCount": -1,
    "InfectedCount": -1,
    "AirdropPlaneClassName": "",
    "Loot": []
}