{
    "m_Version": 1,
    "m_ClassName": "rag_baseitems_cleaning_patches",
    "m_SkinName": "",
    "m_HealthLevel": 3,
    "m_Quantity": 100.0,
    "m_QuantityType": 8,
    "m_LiquidType": -1,
    "m_IsBloodContainer": 0,
    "m_FoodStageType": -1,
    "m_Rarity": 0,
    "m_ContainerItemsCount": 0,
    "m_ContainerItems": [],
    "m_GlobalID": [
        -2147483648,
        -2147483648,
        -2147483648,
        -2147318633
    ],
    "m_OwnerUID": "URzKUBrLNQwW2gD616ZFS6_OPAvG38kShBcqQHfJtsc=",
    "m_Price": 4000,
    "m_ListingTime": 1742212511,
    "m_ListingState": 1,
    "m_OwnerName": "Serdj"
}