{
    "m_Version": 2,
    "m_OwnerUID": "Xr9hwI_ozmlszSmRagMXtMNM9ePuU4cX6EAenEN8u70=",
    "m_ClassName": "TaloonBag_Green",
    "m_SkinName": "",
    "m_HealthLevel": 1,
    "m_Quantity": 0.44999998807907107,
    "m_QuantityType": 64,
    "m_LiquidType": -1,
    "m_IsBloodContainer": 0,
    "m_FoodStageType": -1,
    "m_ContainerItemsCount": 16,
    "m_ContainerItems": [
        {
            "m_Version": 0,
            "m_OwnerUID": "Xr9hwI_ozmlszSmRagMXtMNM9ePuU4cX6EAenEN8u70=",
            "m_ClassName": "TerjeSalveCapsicum",
            "m_SkinName": "",
            "m_HealthLevel": 0,
            "m_Quantity": 5.0,
            "m_QuantityType": 1,
            "m_LiquidType": -1,
            "m_IsBloodContainer": 0,
            "m_FoodStageType": -1,
            "m_ContainerItemsCount": 0,
            "m_ContainerItems": [],
            "m_IsWeapon": 0,
            "m_IsMagazine": 0,
            "m_IsAttached": 0
        },
        {
            "m_Version": 0,
            "m_OwnerUID": "Xr9hwI_ozmlszSmRagMXtMNM9ePuU4cX6EAenEN8u70=",
            "m_ClassName": "TerjeSalveCapsicum",
            "m_SkinName": "",
            "m_HealthLevel": 0,
            "m_Quantity": 5.0,
            "m_QuantityType": 1,
            "m_LiquidType": -1,
            "m_IsBloodContainer": 0,
            "m_FoodStageType": -1,
            "m_ContainerItemsCount": 0,
            "m_ContainerItems": [],
            "m_IsWeapon": 0,
            "m_IsMagazine": 0,
            "m_IsAttached": 0
        },
        {
            "m_Version": 0,
            "m_OwnerUID": "Xr9hwI_ozmlszSmRagMXtMNM9ePuU4cX6EAenEN8u70=",
            "m_ClassName": "CombatBoots_Black",
            "m_SkinName": "",
            "m_HealthLevel": 0,
            "m_Quantity": 1.0,
            "m_QuantityType": 64,
            "m_LiquidType": -1,
            "m_IsBloodContainer": 0,
            "m_FoodStageType": -1,
            "m_ContainerItemsCount": 0,
            "m_ContainerItems": [],
            "m_IsWeapon": 0,
            "m_IsMagazine": 0,
            "m_IsAttached": 0
        },
        {
            "m_Version": 0,
            "m_OwnerUID": "Xr9hwI_ozmlszSmRagMXtMNM9ePuU4cX6EAenEN8u70=",
            "m_ClassName": "WeaponCleaningKit",
            "m_SkinName": "",
            "m_HealthLevel": 0,
            "m_Quantity": 100.0,
            "m_QuantityType": 2,
            "m_LiquidType": -1,
            "m_IsBloodContainer": 0,
            "m_FoodStageType": -1,
            "m_ContainerItemsCount": 0,
            "m_ContainerItems": [],
            "m_IsWeapon": 0,
            "m_IsMagazine": 0,
            "m_IsAttached": 0
        },
        {
            "m_Version": 0,
            "m_OwnerUID": "Xr9hwI_ozmlszSmRagMXtMNM9ePuU4cX6EAenEN8u70=",
            "m_ClassName": "CharcoalTablets",
            "m_SkinName": "",
            "m_HealthLevel": 1,
            "m_Quantity": 0.0,
            "m_QuantityType": 0,
            "m_LiquidType": -1,
            "m_IsBloodContainer": 0,
            "m_FoodStageType": -1,
            "m_ContainerItemsCount": 0,
            "m_ContainerItems": [],
            "m_IsWeapon": 0,
            "m_IsMagazine": 0,
            "m_IsAttached": 0
        },
        {
            "m_Version": 0,
            "m_OwnerUID": "Xr9hwI_ozmlszSmRagMXtMNM9ePuU4cX6EAenEN8u70=",
            "m_ClassName": "TerjeSalveCapsicum",
            "m_SkinName": "",
            "m_HealthLevel": 0,
            "m_Quantity": 3.0,
            "m_QuantityType": 1,
            "m_LiquidType": -1,
            "m_IsBloodContainer": 0,
            "m_FoodStageType": -1,
            "m_ContainerItemsCount": 0,
            "m_ContainerItems": [],
            "m_IsWeapon": 0,
            "m_IsMagazine": 0,
            "m_IsAttached": 0
        },
        {
            "m_Version": 0,
            "m_OwnerUID": "Xr9hwI_ozmlszSmRagMXtMNM9ePuU4cX6EAenEN8u70=",
            "m_ClassName": "DuctTape",
            "m_SkinName": "",
            "m_HealthLevel": 3,
            "m_Quantity": 100.0,
            "m_QuantityType": 2,
            "m_LiquidType": -1,
            "m_IsBloodContainer": 0,
            "m_FoodStageType": -1,
            "m_ContainerItemsCount": 0,
            "m_ContainerItems": [],
            "m_IsWeapon": 0,
            "m_IsMagazine": 0,
            "m_IsAttached": 0
        },
        {
            "m_Version": 0,
            "m_OwnerUID": "Xr9hwI_ozmlszSmRagMXtMNM9ePuU4cX6EAenEN8u70=",
            "m_ClassName": "TerjeAmpouleActaparoxetine",
            "m_SkinName": "",
            "m_HealthLevel": 2,
            "m_Quantity": 100.0,
            "m_QuantityType": 2,
            "m_LiquidType": -1,
            "m_IsBloodContainer": 0,
            "m_FoodStageType": -1,
            "m_ContainerItemsCount": 0,
            "m_ContainerItems": [],
            "m_IsWeapon": 0,
            "m_IsMagazine": 0,
            "m_IsAttached": 0
        },
        {
            "m_Version": 0,
            "m_OwnerUID": "Xr9hwI_ozmlszSmRagMXtMNM9ePuU4cX6EAenEN8u70=",
            "m_ClassName": "Shemag_White",
            "m_SkinName": "",
            "m_HealthLevel": 1,
            "m_Quantity": 0.7199999690055847,
            "m_QuantityType": 64,
            "m_LiquidType": -1,
            "m_IsBloodContainer": 0,
            "m_FoodStageType": -1,
            "m_ContainerItemsCount": 0,
            "m_ContainerItems": [],
            "m_IsWeapon": 0,
            "m_IsMagazine": 0,
            "m_IsAttached": 0
        },
        {
            "m_Version": 0,
            "m_OwnerUID": "Xr9hwI_ozmlszSmRagMXtMNM9ePuU4cX6EAenEN8u70=",
            "m_ClassName": "TacticalBaconCan",
            "m_SkinName": "",
            "m_HealthLevel": 2,
            "m_Quantity": 0.0,
            "m_QuantityType": 0,
            "m_LiquidType": -1,
            "m_IsBloodContainer": 0,
            "m_FoodStageType": -1,
            "m_ContainerItemsCount": 0,
            "m_ContainerItems": [],
            "m_IsWeapon": 0,
            "m_IsMagazine": 0,
            "m_IsAttached": 0
        },
        {
            "m_Version": 0,
            "m_OwnerUID": "Xr9hwI_ozmlszSmRagMXtMNM9ePuU4cX6EAenEN8u70=",
            "m_ClassName": "DisinfectantAlcohol",
            "m_SkinName": "",
            "m_HealthLevel": 0,
            "m_Quantity": 88.0,
            "m_QuantityType": 4,
            "m_LiquidType": -1,
            "m_IsBloodContainer": 0,
            "m_FoodStageType": -1,
            "m_ContainerItemsCount": 0,
            "m_ContainerItems": [],
            "m_IsWeapon": 0,
            "m_IsMagazine": 0,
            "m_IsAttached": 0
        },
        {
            "m_Version": 0,
            "m_OwnerUID": "Xr9hwI_ozmlszSmRagMXtMNM9ePuU4cX6EAenEN8u70=",
            "m_ClassName": "RIP_rivets",
            "m_SkinName": "",
            "m_HealthLevel": 1,
            "m_Quantity": 3.0,
            "m_QuantityType": 1,
            "m_LiquidType": -1,
            "m_IsBloodContainer": 0,
            "m_FoodStageType": -1,
            "m_ContainerItemsCount": 0,
            "m_ContainerItems": [],
            "m_IsWeapon": 0,
            "m_IsMagazine": 0,
            "m_IsAttached": 0
        },
        {
            "m_Version": 0,
            "m_OwnerUID": "Xr9hwI_ozmlszSmRagMXtMNM9ePuU4cX6EAenEN8u70=",
            "m_ClassName": "Ammo_762x54",
            "m_SkinName": "",
            "m_HealthLevel": 2,
            "m_Quantity": 3.0,
            "m_QuantityType": 16,
            "m_LiquidType": -1,
            "m_IsBloodContainer": 0,
            "m_FoodStageType": -1,
            "m_ContainerItemsCount": 0,
            "m_ContainerItems": [],
            "m_IsWeapon": 0,
            "m_IsMagazine": 0,
            "m_IsAttached": 0
        },
        {
            "m_Version": 0,
            "m_OwnerUID": "Xr9hwI_ozmlszSmRagMXtMNM9ePuU4cX6EAenEN8u70=",
            "m_ClassName": "Ammo_45ACP",
            "m_SkinName": "",
            "m_HealthLevel": 1,
            "m_Quantity": 8.0,
            "m_QuantityType": 16,
            "m_LiquidType": -1,
            "m_IsBloodContainer": 0,
            "m_FoodStageType": -1,
            "m_ContainerItemsCount": 0,
            "m_ContainerItems": [],
            "m_IsWeapon": 0,
            "m_IsMagazine": 0,
            "m_IsAttached": 0
        },
        {
            "m_Version": 0,
            "m_OwnerUID": "Xr9hwI_ozmlszSmRagMXtMNM9ePuU4cX6EAenEN8u70=",
            "m_ClassName": "Ammo_556x45",
            "m_SkinName": "",
            "m_HealthLevel": 0,
            "m_Quantity": 3.0,
            "m_QuantityType": 16,
            "m_LiquidType": -1,
            "m_IsBloodContainer": 0,
            "m_FoodStageType": -1,
            "m_ContainerItemsCount": 0,
            "m_ContainerItems": [],
            "m_IsWeapon": 0,
            "m_IsMagazine": 0,
            "m_IsAttached": 0
        },
        {
            "m_Version": 0,
            "m_OwnerUID": "Xr9hwI_ozmlszSmRagMXtMNM9ePuU4cX6EAenEN8u70=",
            "m_ClassName": "Ammo_762x54Tracer",
            "m_SkinName": "",
            "m_HealthLevel": 1,
            "m_Quantity": 2.0,
            "m_QuantityType": 16,
            "m_LiquidType": -1,
            "m_IsBloodContainer": 0,
            "m_FoodStageType": -1,
            "m_ContainerItemsCount": 0,
            "m_ContainerItems": [],
            "m_IsWeapon": 0,
            "m_IsMagazine": 0,
            "m_IsAttached": 0
        }
    ],
    "m_StorageID": 1,
    "m_GlobalID": [
        -2147483648,
        -2147483648,
        -2147483648,
        -2147481701
    ],
    "m_ItemSlotName": "",
    "m_StoreTime": 1737312060
}