{
  "m_Version": 15,
  "MarketSystemEnabled": 1,
  "NetworkCategories": [],
  "CurrencyIcon": "DayZExpansion/Core/GUI/icons/misc/coinstack2_64x64.edds",
  "ATMSystemEnabled": 1,
  "MaxDepositMoney": 10000000,
  "DefaultDepositMoney": 0,
  "ATMPlayerTransferEnabled": 1,
  "ATMPartyLockerEnabled": 1,
  "MaxPartyDepositMoney": 10000000,
  "UseWholeMapForATMPlayerList": 0,
  "SellPricePercent": 75.0,
  "NetworkBatchSize": 100,
  "MaxVehicleDistanceToTrader": 120.0,
  "MaxLargeVehicleDistanceToTrader": 744.0,
  "LargeVehicles": ["expansionlhd"],
  "LandSpawnPositions": [
    {
      "Position": [3698.005859, 401.98764, 6001.208008],
      "Orientation": [152.142838, -0.117667, 0.239738]
    },
    {
      "Position": [11898.400390625, 140.0, 12481.599609375],
      "Orientation": [24.0, 0.0, 0.0]
    },
    {
      "Position": [11878.0, 140.0, 12482.7998046875],
      "Orientation": [24.0, 0.0, 0.0]
    },
    {
      "Position": [1145.0, 6.0, 2405.0],
      "Orientation": [0.0, 0.0, 0.0]
    },
    {
      "Position": [8253.849609, 466.190399, 9068.044922],
      "Orientation": [-28.569359, -2.601629, 7.397539]
    }
  ],
  "AirSpawnPositions": [
    {
      "Position": [12178.900390625, 140.0, 12638.400390625],
      "Orientation": [-157.1999969482422, 0.0, 0.0]
    },
    {
      "Position": [12126.7001953125, 140.0, 12664.7001953125],
      "Orientation": [-66.5999984741211, 0.0, 0.0]
    },
    {
      "Position": [5006.27001953125, 9.5, 2491.10009765625],
      "Orientation": [-131.6999969482422, 0.0, 0.0]
    },
    {
      "Position": [4982.0, 9.5, 2468.0],
      "Orientation": [-131.6999969482422, 0.0, 0.0]
    },
    {
      "Position": [4968.0, 9.5, 2513.0],
      "Orientation": [-131.6999969482422, 0.0, 0.0]
    }
  ],
  "WaterSpawnPositions": [
    {
      "Position": [1759.0, 0.0, 1994.0],
      "Orientation": [0.0, 0.0, 0.0]
    },
    {
      "Position": [14347.7998046875, 0.0, 13235.7998046875],
      "Orientation": [-147.5, 0.0, 0.0]
    },
    {
      "Position": [14344.099609375, 0.0, 13219.7001953125],
      "Orientation": [-147.5, 0.0, 0.0]
    },
    {
      "Position": [14360.900390625, 0.0, 13246.7001953125],
      "Orientation": [-147.5, 0.0, 0.0]
    },
    {
      "Position": [1760.0, 0.0, 1730.0],
      "Orientation": [0.0, 0.0, 0.0]
    },
    {
      "Position": [14540.0, 0.0, 12995.0],
      "Orientation": [0.0, 0.0, 0.0]
    }
  ],
  "MarketMenuColors": {
    "BaseColorVignette": "000000C8",
    "BaseColorHeaders": "13171BFF",
    "BaseColorLabels": "27272DFF",
    "BaseColorText": "FBFCFEFF",
    "BaseColorCheckboxes": "FBFCFEFF",
    "BaseColorInfoSectionBackground": "2225268C",
    "BaseColorTooltipsHeaders": "000000F0",
    "BaseColorTooltipsBackground": "000000DC",
    "ColorDecreaseQuantityButton": "DD262614",
    "ColorDecreaseQuantityIcon": "DD262628",
    "ColorSetQuantityButton": "C7265114",
    "ColorIncreaseQuantityButton": "A0CC7114",
    "ColorIncreaseQuantityIcon": "A0CC7128",
    "ColorSellPanel": "27272DFF",
    "ColorSellButton": "DD262628",
    "ColorBuyPanel": "27272DFF",
    "ColorBuyButton": "A0CC7128",
    "ColorMarketIcon": "E241428C",
    "ColorFilterOptionsButton": "C726518C",
    "ColorFilterOptionsIcon": "C726518C",
    "ColorSearchFilterButton": "C726518C",
    "ColorCategoryButton": "C726518C",
    "ColorCategoryCollapseIcon": "C726518C",
    "ColorCurrencyDenominationText": "FFB418FF",
    "ColorItemButton": "C726518C",
    "ColorItemInfoIcon": "FFB418FF",
    "ColorItemInfoTitle": "FFB418FF",
    "ColorItemInfoHasContainerItems": "FFB418FF",
    "ColorItemInfoHasAttachments": "FFB418FF",
    "ColorItemInfoHasBullets": "FFB418FF",
    "ColorItemInfoIsAttachment": "FFB418FF",
    "ColorItemInfoIsEquipped": "FFB418FF",
    "ColorItemInfoAttachments": "FFB418FF",
    "ColorToggleCategoriesText": "C726518C",
    "ColorCategoryCorners": "FBFCFEFF",
    "ColorCategoryBackground": "222526FF"
  },
  "Currencies": [
    "TraderPlus_Money_Euro1",
    "TraderPlus_Money_Euro2",
    "TraderPlus_Money_Euro5",
    "TraderPlus_Money_Euro10",
    "TraderPlus_Money_Euro20",
    "TraderPlus_Money_Euro50",
    "TraderPlus_Money_Euro100",
    "TraderPlus_Money_Euro200",
    "TraderPlus_Money_Euro500"
  ],
  "VehicleKeys": [],
  "MaxSZVehicleParkingTime": 1800.0,
  "SZVehicleParkingTicketFine": 0,
  "SZVehicleParkingFineUseKey": 0,
  "TrainSpawnPositions": [],
  "DisallowUnpersisted": 0
}
