<?xml version="1.0" encoding="UTF-8" standalone="yes"?>
<types>
	<!-- Vehicles Start -->
	<type name="rag_hummer_Armored">
        <nominal>0</nominal>
        <lifetime>1209600</lifetime>
        <restock>0</restock>
        <min>0</min>
        <quantmin>-1</quantmin>
        <quantmax>-1</quantmax>
        <cost>100</cost>
        <flags count_in_cargo="0" count_in_hoarder="0" count_in_map="1" count_in_player="0" crafted="0" deloot="0"/>
    </type>
	<type name="rag_hummer_olive_Armored">
        <nominal>0</nominal>
        <lifetime>1209600</lifetime>
        <restock>0</restock>
        <min>0</min>
        <quantmin>-1</quantmin>
        <quantmax>-1</quantmax>
        <cost>100</cost>
        <flags count_in_cargo="0" count_in_hoarder="0" count_in_map="1" count_in_player="0" crafted="0" deloot="0"/>
    </type>
	<type name="rag_hummer_tan_Armored">
        <nominal>0</nominal>
        <lifetime>1209600</lifetime>
        <restock>0</restock>
        <min>0</min>
        <quantmin>-1</quantmin>
        <quantmax>-1</quantmax>
        <cost>100</cost>
        <flags count_in_cargo="0" count_in_hoarder="0" count_in_map="1" count_in_player="0" crafted="0" deloot="0"/>
    </type>
	<type name="rag_hummer_camo_Armored">
        <nominal>0</nominal>
        <lifetime>1209600</lifetime>
        <restock>0</restock>
        <min>0</min>
        <quantmin>-1</quantmin>
        <quantmax>-1</quantmax>
        <cost>100</cost>
        <flags count_in_cargo="0" count_in_hoarder="0" count_in_map="1" count_in_player="0" crafted="0" deloot="0"/>
    </type>
	<type name="rag_hummer_purple_Armored">
        <nominal>0</nominal>
        <lifetime>1209600</lifetime>
        <restock>0</restock>
        <min>0</min>
        <quantmin>-1</quantmin>
        <quantmax>-1</quantmax>
        <cost>100</cost>
        <flags count_in_cargo="0" count_in_hoarder="0" count_in_map="1" count_in_player="0" crafted="0" deloot="0"/>
    </type>
	<type name="rag_hummer_red_Armored">
        <nominal>0</nominal>
        <lifetime>1209600</lifetime>
        <restock>0</restock>
        <min>0</min>
        <quantmin>-1</quantmin>
        <quantmax>-1</quantmax>
        <cost>100</cost>
        <flags count_in_cargo="0" count_in_hoarder="0" count_in_map="1" count_in_player="0" crafted="0" deloot="0"/>
    </type>
	<type name="rag_hummer_winter_Armored">
        <nominal>0</nominal>
        <lifetime>1209600</lifetime>
        <restock>0</restock>
        <min>0</min>
        <quantmin>-1</quantmin>
        <quantmax>-1</quantmax>
        <cost>100</cost>
        <flags count_in_cargo="0" count_in_hoarder="0" count_in_map="1" count_in_player="0" crafted="0" deloot="0"/>
    </type>
	<type name="rag_hummer_anarchy_Armored">
        <nominal>0</nominal>
        <lifetime>1209600</lifetime>
        <restock>0</restock>
        <min>0</min>
        <quantmin>-1</quantmin>
        <quantmax>-1</quantmax>
        <cost>100</cost>
        <flags count_in_cargo="0" count_in_hoarder="0" count_in_map="1" count_in_player="0" crafted="0" deloot="0"/>
    </type>
	<type name="rag_hummer_gold_Armored">
        <nominal>0</nominal>
        <lifetime>1209600</lifetime>
        <restock>0</restock>
        <min>0</min>
        <quantmin>-1</quantmin>
        <quantmax>-1</quantmax>
        <cost>100</cost>
        <flags count_in_cargo="0" count_in_hoarder="0" count_in_map="1" count_in_player="0" crafted="0" deloot="0"/>
    </type>
	<!-- Vehicles End -->
	
	<!-- Black Parts Start -->
	<type name="rag_hummer_door_1">
        <nominal>0</nominal>
        <lifetime>7200</lifetime>
        <restock>600</restock>
        <min>0</min>
        <quantmin>-1</quantmin>
        <quantmax>-1</quantmax>
        <cost>100</cost>
        <flags count_in_cargo="0" count_in_hoarder="0" count_in_map="1" count_in_player="0" crafted="0" deloot="0"/>
        <category name="tools"/>
        <usage name="Industrial"/>
    </type>
	<type name="rag_hummer_door_2">
        <nominal>0</nominal>
        <lifetime>7200</lifetime>
        <restock>600</restock>
        <min>0</min>
        <quantmin>-1</quantmin>
        <quantmax>-1</quantmax>
        <cost>100</cost>
        <flags count_in_cargo="0" count_in_hoarder="0" count_in_map="1" count_in_player="0" crafted="0" deloot="0"/>
        <category name="tools"/>
        <usage name="Industrial"/>
    </type>
	<type name="rag_hummer_door_3">
        <nominal>0</nominal>
        <lifetime>7200</lifetime>
        <restock>600</restock>
        <min>0</min>
        <quantmin>-1</quantmin>
        <quantmax>-1</quantmax>
        <cost>100</cost>
        <flags count_in_cargo="0" count_in_hoarder="0" count_in_map="1" count_in_player="0" crafted="0" deloot="0"/>
        <category name="tools"/>
        <usage name="Industrial"/>
    </type>
	<type name="rag_hummer_door_4">
        <nominal>0</nominal>
        <lifetime>7200</lifetime>
        <restock>600</restock>
        <min>0</min>
        <quantmin>-1</quantmin>
        <quantmax>-1</quantmax>
        <cost>100</cost>
        <flags count_in_cargo="0" count_in_hoarder="0" count_in_map="1" count_in_player="0" crafted="0" deloot="0"/>
        <category name="tools"/>
        <usage name="Industrial"/>
    </type>
	<type name="rag_hummer_hood">
        <nominal>0</nominal>
        <lifetime>7200</lifetime>
        <restock>600</restock>
        <min>0</min>
        <quantmin>-1</quantmin>
        <quantmax>-1</quantmax>
        <cost>100</cost>
        <flags count_in_cargo="0" count_in_hoarder="0" count_in_map="1" count_in_player="0" crafted="0" deloot="0"/>
        <category name="tools"/>
        <usage name="Industrial"/>
    </type>
	<type name="rag_hummer_trunk">
        <nominal>0</nominal>
        <lifetime>7200</lifetime>
        <restock>600</restock>
        <min>0</min>
        <quantmin>-1</quantmin>
        <quantmax>-1</quantmax>
        <cost>100</cost>
        <flags count_in_cargo="0" count_in_hoarder="0" count_in_map="1" count_in_player="0" crafted="0" deloot="0"/>
        <category name="tools"/>
        <usage name="Industrial"/>
    </type>
	<!-- Black Parts End -->
	
	<!-- Olive Parts Start -->
	<type name="rag_hummer_door_olive_1">
        <nominal>0</nominal>
        <lifetime>7200</lifetime>
        <restock>600</restock>
        <min>0</min>
        <quantmin>-1</quantmin>
        <quantmax>-1</quantmax>
        <cost>100</cost>
        <flags count_in_cargo="0" count_in_hoarder="0" count_in_map="1" count_in_player="0" crafted="0" deloot="0"/>
        <category name="tools"/>
        <usage name="Industrial"/>
    </type>
	<type name="rag_hummer_door_olive_2">
        <nominal>0</nominal>
        <lifetime>7200</lifetime>
        <restock>600</restock>
        <min>0</min>
        <quantmin>-1</quantmin>
        <quantmax>-1</quantmax>
        <cost>100</cost>
        <flags count_in_cargo="0" count_in_hoarder="0" count_in_map="1" count_in_player="0" crafted="0" deloot="0"/>
        <category name="tools"/>
        <usage name="Industrial"/>
    </type>
	<type name="rag_hummer_door_olive_3">
        <nominal>0</nominal>
        <lifetime>7200</lifetime>
        <restock>600</restock>
        <min>0</min>
        <quantmin>-1</quantmin>
        <quantmax>-1</quantmax>
        <cost>100</cost>
        <flags count_in_cargo="0" count_in_hoarder="0" count_in_map="1" count_in_player="0" crafted="0" deloot="0"/>
        <category name="tools"/>
        <usage name="Industrial"/>
    </type>
	<type name="rag_hummer_door_olive_4">
        <nominal>0</nominal>
        <lifetime>7200</lifetime>
        <restock>600</restock>
        <min>0</min>
        <quantmin>-1</quantmin>
        <quantmax>-1</quantmax>
        <cost>100</cost>
        <flags count_in_cargo="0" count_in_hoarder="0" count_in_map="1" count_in_player="0" crafted="0" deloot="0"/>
        <category name="tools"/>
        <usage name="Industrial"/>
    </type>
	<type name="rag_hummer_hood_olive">
        <nominal>0</nominal>
        <lifetime>7200</lifetime>
        <restock>600</restock>
        <min>0</min>
        <quantmin>-1</quantmin>
        <quantmax>-1</quantmax>
        <cost>100</cost>
        <flags count_in_cargo="0" count_in_hoarder="0" count_in_map="1" count_in_player="0" crafted="0" deloot="0"/>
        <category name="tools"/>
        <usage name="Industrial"/>
    </type>
	<type name="rag_hummer_trunk_olive">
        <nominal>0</nominal>
        <lifetime>7200</lifetime>
        <restock>600</restock>
        <min>0</min>
        <quantmin>-1</quantmin>
        <quantmax>-1</quantmax>
        <cost>100</cost>
        <flags count_in_cargo="0" count_in_hoarder="0" count_in_map="1" count_in_player="0" crafted="0" deloot="0"/>
        <category name="tools"/>
        <usage name="Industrial"/>
    </type>
	<!-- Olive Parts End -->
	
	<!-- Tan Parts Start -->
	<type name="rag_hummer_door_tan_1">
        <nominal>0</nominal>
        <lifetime>7200</lifetime>
        <restock>600</restock>
        <min>0</min>
        <quantmin>-1</quantmin>
        <quantmax>-1</quantmax>
        <cost>100</cost>
        <flags count_in_cargo="0" count_in_hoarder="0" count_in_map="1" count_in_player="0" crafted="0" deloot="0"/>
        <category name="tools"/>
        <usage name="Industrial"/>
    </type>
	<type name="rag_hummer_door_tan_2">
        <nominal>0</nominal>
        <lifetime>7200</lifetime>
        <restock>600</restock>
        <min>0</min>
        <quantmin>-1</quantmin>
        <quantmax>-1</quantmax>
        <cost>100</cost>
        <flags count_in_cargo="0" count_in_hoarder="0" count_in_map="1" count_in_player="0" crafted="0" deloot="0"/>
        <category name="tools"/>
        <usage name="Industrial"/>
    </type>
	<type name="rag_hummer_door_tan_3">
        <nominal>0</nominal>
        <lifetime>7200</lifetime>
        <restock>600</restock>
        <min>0</min>
        <quantmin>-1</quantmin>
        <quantmax>-1</quantmax>
        <cost>100</cost>
        <flags count_in_cargo="0" count_in_hoarder="0" count_in_map="1" count_in_player="0" crafted="0" deloot="0"/>
        <category name="tools"/>
        <usage name="Industrial"/>
    </type>
	<type name="rag_hummer_door_tan_4">
        <nominal>0</nominal>
        <lifetime>7200</lifetime>
        <restock>600</restock>
        <min>0</min>
        <quantmin>-1</quantmin>
        <quantmax>-1</quantmax>
        <cost>100</cost>
        <flags count_in_cargo="0" count_in_hoarder="0" count_in_map="1" count_in_player="0" crafted="0" deloot="0"/>
        <category name="tools"/>
        <usage name="Industrial"/>
    </type>
	<type name="rag_hummer_hood_tan">
        <nominal>0</nominal>
        <lifetime>7200</lifetime>
        <restock>600</restock>
        <min>0</min>
        <quantmin>-1</quantmin>
        <quantmax>-1</quantmax>
        <cost>100</cost>
        <flags count_in_cargo="0" count_in_hoarder="0" count_in_map="1" count_in_player="0" crafted="0" deloot="0"/>
        <category name="tools"/>
        <usage name="Industrial"/>
    </type>
	<type name="rag_hummer_trunk_tan">
        <nominal>0</nominal>
        <lifetime>7200</lifetime>
        <restock>600</restock>
        <min>0</min>
        <quantmin>-1</quantmin>
        <quantmax>-1</quantmax>
        <cost>100</cost>
        <flags count_in_cargo="0" count_in_hoarder="0" count_in_map="1" count_in_player="0" crafted="0" deloot="0"/>
        <category name="tools"/>
        <usage name="Industrial"/>
    </type>
	<!-- Tan Parts End -->
	
	<!-- Camo Parts Start -->
	<type name="rag_hummer_door_camo_1">
        <nominal>0</nominal>
        <lifetime>7200</lifetime>
        <restock>600</restock>
        <min>0</min>
        <quantmin>-1</quantmin>
        <quantmax>-1</quantmax>
        <cost>100</cost>
        <flags count_in_cargo="0" count_in_hoarder="0" count_in_map="1" count_in_player="0" crafted="0" deloot="0"/>
        <category name="tools"/>
        <usage name="Industrial"/>
    </type>
	<type name="rag_hummer_door_camo_2">
        <nominal>0</nominal>
        <lifetime>7200</lifetime>
        <restock>600</restock>
        <min>0</min>
        <quantmin>-1</quantmin>
        <quantmax>-1</quantmax>
        <cost>100</cost>
        <flags count_in_cargo="0" count_in_hoarder="0" count_in_map="1" count_in_player="0" crafted="0" deloot="0"/>
        <category name="tools"/>
        <usage name="Industrial"/>
    </type>
	<type name="rag_hummer_door_camo_3">
        <nominal>0</nominal>
        <lifetime>7200</lifetime>
        <restock>600</restock>
        <min>0</min>
        <quantmin>-1</quantmin>
        <quantmax>-1</quantmax>
        <cost>100</cost>
        <flags count_in_cargo="0" count_in_hoarder="0" count_in_map="1" count_in_player="0" crafted="0" deloot="0"/>
        <category name="tools"/>
        <usage name="Industrial"/>
    </type>
	<type name="rag_hummer_door_camo_4">
        <nominal>0</nominal>
        <lifetime>7200</lifetime>
        <restock>600</restock>
        <min>0</min>
        <quantmin>-1</quantmin>
        <quantmax>-1</quantmax>
        <cost>100</cost>
        <flags count_in_cargo="0" count_in_hoarder="0" count_in_map="1" count_in_player="0" crafted="0" deloot="0"/>
        <category name="tools"/>
        <usage name="Industrial"/>
    </type>
	<type name="rag_hummer_hood_camo">
        <nominal>0</nominal>
        <lifetime>7200</lifetime>
        <restock>600</restock>
        <min>0</min>
        <quantmin>-1</quantmin>
        <quantmax>-1</quantmax>
        <cost>100</cost>
        <flags count_in_cargo="0" count_in_hoarder="0" count_in_map="1" count_in_player="0" crafted="0" deloot="0"/>
        <category name="tools"/>
        <usage name="Industrial"/>
    </type>
	<type name="rag_hummer_trunk_camo">
        <nominal>0</nominal>
        <lifetime>7200</lifetime>
        <restock>600</restock>
        <min>0</min>
        <quantmin>-1</quantmin>
        <quantmax>-1</quantmax>
        <cost>100</cost>
        <flags count_in_cargo="0" count_in_hoarder="0" count_in_map="1" count_in_player="0" crafted="0" deloot="0"/>
        <category name="tools"/>
        <usage name="Industrial"/>
    </type>
	<!-- Camo Parts End -->
	
	<!-- Purple Parts Start -->
	<type name="rag_hummer_door_purple_1">
        <nominal>0</nominal>
        <lifetime>7200</lifetime>
        <restock>600</restock>
        <min>0</min>
        <quantmin>-1</quantmin>
        <quantmax>-1</quantmax>
        <cost>100</cost>
        <flags count_in_cargo="0" count_in_hoarder="0" count_in_map="1" count_in_player="0" crafted="0" deloot="0"/>
        <category name="tools"/>
        <usage name="Industrial"/>
    </type>
	<type name="rag_hummer_door_purple_2">
        <nominal>0</nominal>
        <lifetime>7200</lifetime>
        <restock>600</restock>
        <min>0</min>
        <quantmin>-1</quantmin>
        <quantmax>-1</quantmax>
        <cost>100</cost>
        <flags count_in_cargo="0" count_in_hoarder="0" count_in_map="1" count_in_player="0" crafted="0" deloot="0"/>
        <category name="tools"/>
        <usage name="Industrial"/>
    </type>
	<type name="rag_hummer_door_purple_3">
        <nominal>0</nominal>
        <lifetime>7200</lifetime>
        <restock>600</restock>
        <min>0</min>
        <quantmin>-1</quantmin>
        <quantmax>-1</quantmax>
        <cost>100</cost>
        <flags count_in_cargo="0" count_in_hoarder="0" count_in_map="1" count_in_player="0" crafted="0" deloot="0"/>
        <category name="tools"/>
        <usage name="Industrial"/>
    </type>
	<type name="rag_hummer_door_purple_4">
        <nominal>0</nominal>
        <lifetime>7200</lifetime>
        <restock>600</restock>
        <min>0</min>
        <quantmin>-1</quantmin>
        <quantmax>-1</quantmax>
        <cost>100</cost>
        <flags count_in_cargo="0" count_in_hoarder="0" count_in_map="1" count_in_player="0" crafted="0" deloot="0"/>
        <category name="tools"/>
        <usage name="Industrial"/>
    </type>
	<type name="rag_hummer_hood_purple">
        <nominal>0</nominal>
        <lifetime>7200</lifetime>
        <restock>600</restock>
        <min>0</min>
        <quantmin>-1</quantmin>
        <quantmax>-1</quantmax>
        <cost>100</cost>
        <flags count_in_cargo="0" count_in_hoarder="0" count_in_map="1" count_in_player="0" crafted="0" deloot="0"/>
        <category name="tools"/>
        <usage name="Industrial"/>
    </type>
	<type name="rag_hummer_trunk_purple">
        <nominal>0</nominal>
        <lifetime>7200</lifetime>
        <restock>600</restock>
        <min>0</min>
        <quantmin>-1</quantmin>
        <quantmax>-1</quantmax>
        <cost>100</cost>
        <flags count_in_cargo="0" count_in_hoarder="0" count_in_map="1" count_in_player="0" crafted="0" deloot="0"/>
        <category name="tools"/>
        <usage name="Industrial"/>
    </type>
	<!-- Purple Parts End -->
	
	<!-- Red Parts Start -->
	<type name="rag_hummer_door_red_1">
        <nominal>0</nominal>
        <lifetime>7200</lifetime>
        <restock>600</restock>
        <min>0</min>
        <quantmin>-1</quantmin>
        <quantmax>-1</quantmax>
        <cost>100</cost>
        <flags count_in_cargo="0" count_in_hoarder="0" count_in_map="1" count_in_player="0" crafted="0" deloot="0"/>
        <category name="tools"/>
        <usage name="Industrial"/>
    </type>
	<type name="rag_hummer_door_red_2">
        <nominal>0</nominal>
        <lifetime>7200</lifetime>
        <restock>600</restock>
        <min>0</min>
        <quantmin>-1</quantmin>
        <quantmax>-1</quantmax>
        <cost>100</cost>
        <flags count_in_cargo="0" count_in_hoarder="0" count_in_map="1" count_in_player="0" crafted="0" deloot="0"/>
        <category name="tools"/>
        <usage name="Industrial"/>
    </type>
	<type name="rag_hummer_door_red_3">
        <nominal>0</nominal>
        <lifetime>7200</lifetime>
        <restock>600</restock>
        <min>0</min>
        <quantmin>-1</quantmin>
        <quantmax>-1</quantmax>
        <cost>100</cost>
        <flags count_in_cargo="0" count_in_hoarder="0" count_in_map="1" count_in_player="0" crafted="0" deloot="0"/>
        <category name="tools"/>
        <usage name="Industrial"/>
    </type>
	<type name="rag_hummer_door_red_4">
        <nominal>0</nominal>
        <lifetime>7200</lifetime>
        <restock>600</restock>
        <min>0</min>
        <quantmin>-1</quantmin>
        <quantmax>-1</quantmax>
        <cost>100</cost>
        <flags count_in_cargo="0" count_in_hoarder="0" count_in_map="1" count_in_player="0" crafted="0" deloot="0"/>
        <category name="tools"/>
        <usage name="Industrial"/>
    </type>
	<type name="rag_hummer_hood_red">
        <nominal>0</nominal>
        <lifetime>7200</lifetime>
        <restock>600</restock>
        <min>0</min>
        <quantmin>-1</quantmin>
        <quantmax>-1</quantmax>
        <cost>100</cost>
        <flags count_in_cargo="0" count_in_hoarder="0" count_in_map="1" count_in_player="0" crafted="0" deloot="0"/>
        <category name="tools"/>
        <usage name="Industrial"/>
    </type>
	<type name="rag_hummer_trunk_red">
        <nominal>0</nominal>
        <lifetime>7200</lifetime>
        <restock>600</restock>
        <min>0</min>
        <quantmin>-1</quantmin>
        <quantmax>-1</quantmax>
        <cost>100</cost>
        <flags count_in_cargo="0" count_in_hoarder="0" count_in_map="1" count_in_player="0" crafted="0" deloot="0"/>
        <category name="tools"/>
        <usage name="Industrial"/>
    </type>
	<!-- Red Parts End -->
	
	<!-- Winter Parts Start -->
	<type name="rag_hummer_door_winter_1">
        <nominal>0</nominal>
        <lifetime>7200</lifetime>
        <restock>600</restock>
        <min>0</min>
        <quantmin>-1</quantmin>
        <quantmax>-1</quantmax>
        <cost>100</cost>
        <flags count_in_cargo="0" count_in_hoarder="0" count_in_map="1" count_in_player="0" crafted="0" deloot="0"/>
        <category name="tools"/>
        <usage name="Industrial"/>
    </type>
	<type name="rag_hummer_door_winter_2">
        <nominal>0</nominal>
        <lifetime>7200</lifetime>
        <restock>600</restock>
        <min>0</min>
        <quantmin>-1</quantmin>
        <quantmax>-1</quantmax>
        <cost>100</cost>
        <flags count_in_cargo="0" count_in_hoarder="0" count_in_map="1" count_in_player="0" crafted="0" deloot="0"/>
        <category name="tools"/>
        <usage name="Industrial"/>
    </type>
	<type name="rag_hummer_door_winter_3">
        <nominal>0</nominal>
        <lifetime>7200</lifetime>
        <restock>600</restock>
        <min>0</min>
        <quantmin>-1</quantmin>
        <quantmax>-1</quantmax>
        <cost>100</cost>
        <flags count_in_cargo="0" count_in_hoarder="0" count_in_map="1" count_in_player="0" crafted="0" deloot="0"/>
        <category name="tools"/>
        <usage name="Industrial"/>
    </type>
	<type name="rag_hummer_door_winter_4">
        <nominal>0</nominal>
        <lifetime>7200</lifetime>
        <restock>600</restock>
        <min>0</min>
        <quantmin>-1</quantmin>
        <quantmax>-1</quantmax>
        <cost>100</cost>
        <flags count_in_cargo="0" count_in_hoarder="0" count_in_map="1" count_in_player="0" crafted="0" deloot="0"/>
        <category name="tools"/>
        <usage name="Industrial"/>
    </type>
	<type name="rag_hummer_hood_winter">
        <nominal>0</nominal>
        <lifetime>7200</lifetime>
        <restock>600</restock>
        <min>0</min>
        <quantmin>-1</quantmin>
        <quantmax>-1</quantmax>
        <cost>100</cost>
        <flags count_in_cargo="0" count_in_hoarder="0" count_in_map="1" count_in_player="0" crafted="0" deloot="0"/>
        <category name="tools"/>
        <usage name="Industrial"/>
    </type>
	<type name="rag_hummer_trunk_winter">
        <nominal>0</nominal>
        <lifetime>7200</lifetime>
        <restock>600</restock>
        <min>0</min>
        <quantmin>-1</quantmin>
        <quantmax>-1</quantmax>
        <cost>100</cost>
        <flags count_in_cargo="0" count_in_hoarder="0" count_in_map="1" count_in_player="0" crafted="0" deloot="0"/>
        <category name="tools"/>
        <usage name="Industrial"/>
    </type>
	<!-- Winter Parts End -->
	
	<!-- Anarchy Parts Start -->
	<type name="rag_hummer_door_anarchy_1">
        <nominal>0</nominal>
        <lifetime>7200</lifetime>
        <restock>600</restock>
        <min>0</min>
        <quantmin>-1</quantmin>
        <quantmax>-1</quantmax>
        <cost>100</cost>
        <flags count_in_cargo="0" count_in_hoarder="0" count_in_map="1" count_in_player="0" crafted="0" deloot="0"/>
        <category name="tools"/>
        <usage name="Industrial"/>
    </type>
	<type name="rag_hummer_door_anarchy_2">
        <nominal>0</nominal>
        <lifetime>7200</lifetime>
        <restock>600</restock>
        <min>0</min>
        <quantmin>-1</quantmin>
        <quantmax>-1</quantmax>
        <cost>100</cost>
        <flags count_in_cargo="0" count_in_hoarder="0" count_in_map="1" count_in_player="0" crafted="0" deloot="0"/>
        <category name="tools"/>
        <usage name="Industrial"/>
    </type>
	<type name="rag_hummer_door_anarchy_3">
        <nominal>0</nominal>
        <lifetime>7200</lifetime>
        <restock>600</restock>
        <min>0</min>
        <quantmin>-1</quantmin>
        <quantmax>-1</quantmax>
        <cost>100</cost>
        <flags count_in_cargo="0" count_in_hoarder="0" count_in_map="1" count_in_player="0" crafted="0" deloot="0"/>
        <category name="tools"/>
        <usage name="Industrial"/>
    </type>
	<type name="rag_hummer_door_anarchy_4">
        <nominal>0</nominal>
        <lifetime>7200</lifetime>
        <restock>600</restock>
        <min>0</min>
        <quantmin>-1</quantmin>
        <quantmax>-1</quantmax>
        <cost>100</cost>
        <flags count_in_cargo="0" count_in_hoarder="0" count_in_map="1" count_in_player="0" crafted="0" deloot="0"/>
        <category name="tools"/>
        <usage name="Industrial"/>
    </type>
	<type name="rag_hummer_hood_anarchy">
        <nominal>0</nominal>
        <lifetime>7200</lifetime>
        <restock>600</restock>
        <min>0</min>
        <quantmin>-1</quantmin>
        <quantmax>-1</quantmax>
        <cost>100</cost>
        <flags count_in_cargo="0" count_in_hoarder="0" count_in_map="1" count_in_player="0" crafted="0" deloot="0"/>
        <category name="tools"/>
        <usage name="Industrial"/>
    </type>
	<type name="rag_hummer_trunk_anarchy">
        <nominal>0</nominal>
        <lifetime>7200</lifetime>
        <restock>600</restock>
        <min>0</min>
        <quantmin>-1</quantmin>
        <quantmax>-1</quantmax>
        <cost>100</cost>
        <flags count_in_cargo="0" count_in_hoarder="0" count_in_map="1" count_in_player="0" crafted="0" deloot="0"/>
        <category name="tools"/>
        <usage name="Industrial"/>
    </type>
	<!-- Anarchy Parts End -->
	
	<!-- Gold Parts Start -->
	<type name="rag_hummer_door_gold_1">
        <nominal>0</nominal>
        <lifetime>7200</lifetime>
        <restock>600</restock>
        <min>0</min>
        <quantmin>-1</quantmin>
        <quantmax>-1</quantmax>
        <cost>100</cost>
        <flags count_in_cargo="0" count_in_hoarder="0" count_in_map="1" count_in_player="0" crafted="0" deloot="0"/>
        <category name="tools"/>
        <usage name="Industrial"/>
    </type>
	<type name="rag_hummer_door_gold_2">
        <nominal>0</nominal>
        <lifetime>7200</lifetime>
        <restock>600</restock>
        <min>0</min>
        <quantmin>-1</quantmin>
        <quantmax>-1</quantmax>
        <cost>100</cost>
        <flags count_in_cargo="0" count_in_hoarder="0" count_in_map="1" count_in_player="0" crafted="0" deloot="0"/>
        <category name="tools"/>
        <usage name="Industrial"/>
    </type>
	<type name="rag_hummer_door_gold_3">
        <nominal>0</nominal>
        <lifetime>7200</lifetime>
        <restock>600</restock>
        <min>0</min>
        <quantmin>-1</quantmin>
        <quantmax>-1</quantmax>
        <cost>100</cost>
        <flags count_in_cargo="0" count_in_hoarder="0" count_in_map="1" count_in_player="0" crafted="0" deloot="0"/>
        <category name="tools"/>
        <usage name="Industrial"/>
    </type>
	<type name="rag_hummer_door_gold_4">
        <nominal>0</nominal>
        <lifetime>7200</lifetime>
        <restock>600</restock>
        <min>0</min>
        <quantmin>-1</quantmin>
        <quantmax>-1</quantmax>
        <cost>100</cost>
        <flags count_in_cargo="0" count_in_hoarder="0" count_in_map="1" count_in_player="0" crafted="0" deloot="0"/>
        <category name="tools"/>
        <usage name="Industrial"/>
    </type>
	<type name="rag_hummer_hood_gold">
        <nominal>0</nominal>
        <lifetime>7200</lifetime>
        <restock>600</restock>
        <min>0</min>
        <quantmin>-1</quantmin>
        <quantmax>-1</quantmax>
        <cost>100</cost>
        <flags count_in_cargo="0" count_in_hoarder="0" count_in_map="1" count_in_player="0" crafted="0" deloot="0"/>
        <category name="tools"/>
        <usage name="Industrial"/>
    </type>
	<type name="rag_hummer_trunk_gold">
        <nominal>0</nominal>
        <lifetime>7200</lifetime>
        <restock>600</restock>
        <min>0</min>
        <quantmin>-1</quantmin>
        <quantmax>-1</quantmax>
        <cost>100</cost>
        <flags count_in_cargo="0" count_in_hoarder="0" count_in_map="1" count_in_player="0" crafted="0" deloot="0"/>
        <category name="tools"/>
        <usage name="Industrial"/>
    </type>
	<!-- Gold Parts End -->
	
	<!-- Wheel -->
	<type name="rag_hummer_wheel">
        <nominal>0</nominal>
        <lifetime>7200</lifetime>
        <restock>600</restock>
        <min>0</min>
        <quantmin>-1</quantmin>
        <quantmax>-1</quantmax>
        <cost>100</cost>
        <flags count_in_cargo="0" count_in_hoarder="0" count_in_map="1" count_in_player="0" crafted="0" deloot="0"/>
		<category name="tools"/>
        <usage name="Industrial"/>
    </type>
	<!-- Wheel -->
</types>