<?xml version="1.0" encoding="UTF-8" standalone="yes"?>
<prototype>
	<clusters>
		<export name="PathD10" shape="dz\structures\Roads\Parts\path_dirt_10.p3d" />
		<export name="PathD30" shape="dz\structures\Roads\Parts\path_dirt_30.p3d" />
		<export name="PathDCurve" shape="dz\structures\Roads\Parts\path_dirt_curve.p3d" />
		<export name="PathRCurve" shape="dz\structures\Roads\Parts\path_rock_curve.p3d" />
		<export name="PathR10" shape="dz\structures\Roads\Parts\path_rock_10.p3d" />
		<export name="PathR30" shape="dz\structures\Roads\Parts\path_rock_30.p3d" />
		<export name="Stones" shape="dz\rocks\stones_erosion.p3d" />

		<export name="Rail1" shape="dz\structures\rail\tracks\rail_track_25.p3d" />
		<export name="Rail2" shape="dz\structures\rail\tracks\rail_tracke_25.p3d" />
		<export name="Rail3" shape="dz\structures\rail\tracks\rail_tracke_40.p3d" />
		<export name="Rail4" shape="dz\structures\rail\tracks\rail_tracke_l25_5.p3d" />
		<export name="Rail5" shape="dz\structures\rail\tracks\rail_tracke_r25_5.p3d" />
		<export name="Rail6" shape="dz\structures\rail\tracks\rail_tracke_l30_20.p3d" />
		<export name="Rail7" shape="dz\structures\rail\tracks\rail_tracke_r30_20.p3d" />
		<export name="Rail8" shape="dz\structures\rail\tracks\rail_tracke_l25_10.p3d" />
		<export name="Rail9" shape="dz\structures\rail\tracks\rail_tracke_r25_10.p3d" />
		<!--
			<export name="Stone1" shape="dz\rocks\stone1.p3d" />
			<export name="Stone2" shape="dz\rocks\stone2.p3d" />
			<export name="Stone3" shape="dz\rocks\stone3.p3d" />
			<export name="Stone4" shape="dz\rocks\stone4.p3d" />
			<export name="Stone5" shape="dz\rocks\stone5.p3d" />

			<export name="QuercusRobur_3d" shape="dz\plants\tree\t_quercusRobur_3d.p3d" />
-->
		<export name="AppleTree1" shape="dz\plants\tree\t_malusDomestica_1s.p3d" />
		<export name="AppleTree2" shape="dz\plants\tree\t_malusDomestica_2s.p3d" />
		<export name="AppleTree3" shape="dz\plants\tree\t_malusDomestica_3s.p3d" />
		<export name="PearTree1" shape="dz\plants\tree\t_pyrusCommunis_3sb.p3d" />
		<export name="PearTree2" shape="dz\plants\tree\t_pyrusCommunis_2s.p3d" />
		<export name="PearTree3" shape="dz\plants\tree\t_pyrusCommunis_3s.p3d" />
		<export name="PlumTree1" shape="dz\plants\tree\t_prunusDomestica_2s.p3d" />
		<!-- 		<export name="ChickenCoop" shape="dz\structures\Residential\Misc\misc_chickenCoop.p3d" /> --><!--Feathers
		Eggs Will be moved to normal groups-->
		<!-- -->
		<export name="PiceaAbies_2d" shape="dz\plants\tree\t_piceaabies_2d.p3d" />
		<export name="PiceaAbies_3d" shape="dz\plants\tree\t_piceaabies_3d.p3d" />
		<export name="PiceaAbies_fallen" shape="dz\plants\tree\d_piceaabies_fallen.p3d" />
		<export name="PiceaAbies_fallenB" shape="dz\plants\tree\d_piceaabies_fallenb.p3d" />
		<export name="PiceaAbies_fallenC" shape="dz\plants\tree\d_piceaabies_fallenc.p3d" />
		<export name="PiceaAbies_stump" shape="dz\plants\tree\d_piceaabies_stump.p3d" />
		<export name="PiceaAbies_stumpB" shape="dz\plants\tree\d_piceaabies_stumpb.p3d" />
		<!-- -->
		<export name="PinusSylvestris_3d" shape="dz\plants\tree\t_PinusSylvestris_3d.p3d" />
		<export name="PinusSylvestris_stump" shape="dz\plants\tree\d_PinusSylvestris_stump.p3d" />
		<export name="PinusSylvestris_stumpB" shape="dz\plants\tree\d_PinusSylvestris_stumpb.p3d" />
		<export name="PinusSylvestris_fallen" shape="dz\plants\tree\d_PinusSylvestris_fallen.p3d" />
		<export name="PinusSylvestris_fallenB" shape="dz\plants\tree\d_PinusSylvestris_fallenb.p3d" />
		<export name="PinusSylvestris_fallenc" shape="dz\plants\tree\d_PinusSylvestris_fallenc.p3d" />
		<!-- -->
		<export name="FagusSylvatica_2d" shape="dz\plants\tree\t_FagusSylvatica_2d.p3d" />
		<export name="FagusSylvatica_3d" shape="dz\plants\tree\t_FagusSylvatica_3d.p3d" />
		<export name="FagusSylvatica_stump" shape="dz\plants\tree\d_FagusSylvatica_stump.p3d" />
		<export name="FagusSylvatica_stumpB" shape="dz\plants\tree\d_FagusSylvatica_stumpB.p3d" />
		<export name="FagusSylvatica_stumpC" shape="dz\plants\tree\d_FagusSylvatica_stumpc.p3d" />
		<export name="FagusSylvatica_fallen" shape="dz\plants\tree\d_FagusSylvatica_fallen.p3d" />
		<export name="FagusSylvatica_fallenB" shape="dz\plants\tree\d_FagusSylvatica_fallenB.p3d" />
		<export name="FagusSylvatica_fallenC" shape="dz\plants\tree\d_FagusSylvatica_fallenC.p3d" />
		<!-- -->
		<export name="QuercusRobur_2d" shape="dz\plants\tree\t_quercusRobur_2d.p3d" />
		<export name="QuercusRobur_fallenB" shape="dz\plants\tree\d_quercusRobur_fallenb.p3d" />
		<export name="QuercusRobur_fallenC" shape="dz\plants\tree\d_quercusRobur_fallenc.p3d" />
		<export name="QuercusRobur_stumpB" shape="dz\plants\tree\d_quercusRobur_stumpb.p3d" />
		<export name="QuercusRobur_stump" shape="dz\plants\tree\d_quercusRobur_stump.p3d" />
		<!-- -->
		<export name="Haybale" shape="dz\structures\industrial\misc\misc_haybale.p3d" />
		<export name="Strawstack" shape="dz\structures\industrial\farms\farm_strawstack.p3d" />
		<!-- -->
		<export name="CaninaBush1" shape="dz\plants\bush\b_rosaCanina_1s.p3d" />
		<export name="CaninaBush2" shape="dz\plants\bush\b_rosaCanina_2s.p3d" />
		<!-- -->
		<export name="SambucusBush1" shape="dz\plants\bush\b_sambucusNigra_1s.p3d" />
		<export name="SambucusBush2" shape="dz\plants\bush\b_sambucusNigra_2s.p3d" />
	</clusters>

	<!--Groups -->
	<!--Apple -->
	<cluster name="CaninaBush1" lootmax="2" maxinstances="25">
		<de name="TrajectoryCanina" />
		<container name="branch" lootmax="1">
			<point pos="-1.86 -2.40 0.12" range="0.55" height="1.0" flags="32" />
			<point pos="0.51 -2.40 0.85" range="0.55" height="1.0" flags="32" />
			<point pos="0.15 -2.40 -0.57" range="0.55" height="1.0" flags="32" />
			<point pos="-1.09 -2.40 1.47" range="0.55" height="1.0" flags="32" />
		</container>
	</cluster>
	<cluster name="CaninaBush2" lootmax="2" maxinstances="25">
		<de name="TrajectoryCanina" />
		<container name="branch" lootmax="1">
			<point pos="-1.86 -2.40 0.12" range="0.55" height="1.0" flags="32" />
			<point pos="0.51 -2.40 0.85" range="0.55" height="1.0" flags="32" />
			<point pos="0.15 -2.40 -0.57" range="0.55" height="1.0" flags="32" />
			<point pos="-1.09 -2.40 1.47" range="0.55" height="1.0" flags="32" />
		</container>
	</cluster>
	<cluster name="SambucusBush1" lootmax="2" maxinstances="25">
		<de name="TrajectorySambucus" />
		<container name="branch" lootmax="1">
			<point pos="-1.86 -2.40 0.12" range="0.55" height="1.0" flags="32" />
			<point pos="0.51 -2.40 0.85" range="0.55" height="1.0" flags="32" />
			<point pos="0.15 -2.40 -0.57" range="0.55" height="1.0" flags="32" />
			<point pos="-1.09 -2.40 1.47" range="0.55" height="1.0" flags="32" />
		</container>
	</cluster>
	<cluster name="SambucusBush2" lootmax="2" maxinstances="25">
		<de name="TrajectorySambucus" />
		<container name="branch" lootmax="1">
			<point pos="-1.86 -2.40 0.12" range="0.55" height="1.0" flags="32" />
			<point pos="0.51 -2.40 0.85" range="0.55" height="1.0" flags="32" />
			<point pos="0.15 -2.40 -0.57" range="0.55" height="1.0" flags="32" />
			<point pos="-1.09 -2.40 1.47" range="0.55" height="1.0" flags="32" />
		</container>
	</cluster>
	<cluster name="AppleTree1" lootmax="2" maxinstances="25">
		<de name="TrajectoryApple" />
		<container name="branch" lootmax="1">
			<point pos="-1.86 -2.40 0.12" range="0.55" height="1.63" flags="32" />
			<point pos="0.51 -2.40 0.85" range="0.55" height="1.63" flags="32" />
			<point pos="0.15 -2.40 -0.57" range="0.55" height="1.63" flags="32" />
			<point pos="-1.09 -2.40 1.47" range="0.55" height="1.63" flags="32" />
		</container>
	</cluster>
	<cluster name="AppleTree2" lootmax="2" maxinstances="25">
		<de name="TrajectoryApple" />
		<container name="branch" lootmax="1">
			<point pos="0.25 -3.88 -1.00" range="0.70" height="2.00" flags="32" />
			<point pos="1.15 -3.88 0.59" range="0.92" height="2.00" flags="32" />
			<point pos="-0.50 -3.88 1.20" range="0.63" height="2.00" flags="32" />
			<point pos="-1.28 -3.88 -0.18" range="0.75" height="2.00" flags="32" />
		</container>
	</cluster>
	<cluster name="AppleTree3" lootmax="2" maxinstances="25">
		<de name="TrajectoryApple" />
		<container name="branch" lootmax="1">
			<point pos="0.13 -5.73 1.23" range="1.00" height="2.00" flags="32" />
			<point pos="1.40 -5.73 -1.21" range="1.00" height="2.00" flags="32" />
			<point pos="-1.36 -5.73 -0.95" range="1.00" height="2.00" flags="32" />
			<point pos="1.94 -5.73 0.62" range="0.71" height="2.00" flags="32" />
		</container>
	</cluster>
	<!--Pear -->
	<cluster name="PearTree1" lootmax="2" maxinstances="25">
		<de name="TrajectoryPear" />
		<container name="branch" lootmax="2">
			<point pos="-0.82 -5.20 -0.37" range="0.55" height="1.63" flags="32" />
			<point pos="0.88 -5.20 -0.37" range="0.55" height="1.63" flags="32" />
			<point pos="0.86 -5.20 1.11" range="0.55" height="1.63" flags="32" />
			<point pos="-0.59 -5.20 1.42" range="0.55" height="1.63" flags="32" />
		</container>
	</cluster>
	<cluster name="PearTree2" lootmax="2" maxinstances="25">
		<de name="TrajectoryPear" />
		<container name="branch" lootmax="2">
			<point pos="-0.34 -3.10 1.20" range="1.08" height="1.90" flags="32" />
			<point pos="-1.00 -3.10 -0.90" range="0.92" height="2.00" flags="32" />
			<point pos="1.42 -3.10 0.24" range="0.72" height="2.00" flags="32" />
			<point pos="0.81 -3.10 -1.55" range="0.80" height="2.00" flags="32" />
		</container>
	</cluster>
	<cluster name="PearTree3" lootmax="2" maxinstances="25">
		<de name="TrajectoryPear" />
		<container name="branch" lootmax="2">
			<point pos="-1.52 -5.77 -0.18" range="0.84" height="2.00" flags="32" />
			<point pos="1.32 -5.77 0.16" range="1.00" height="2.00" flags="32" />
			<point pos="-0.16 -5.77 1.70" range="0.93" height="2.00" flags="32" />
			<point pos="-0.03 -5.77 -1.72" range="1.07" height="2.00" flags="32" />
		</container>
	</cluster>
	<!--Plum -->
	<cluster name="PlumTree1" lootmax="2" maxinstances="25">
		<de name="TrajectoryPlum" />
		<container name="branch" lootmax="2">
			<point pos="-1.37 -4.75 0.040" range="0.89" height="2.00" flags="32" />
			<point pos="0.80 -4.75 0.80" range="0.45" height="1.63" flags="32" />
			<point pos="0.48 -4.75 -1.40" range="0.45" height="1.63" flags="32" />
			<point pos="1.20 -4.75 -0.42" range="0.45" height="1.63" flags="32" />
		</container>
	</cluster>
	<!--Mushrooms
	- Coniferous -->
	<cluster name="PiceaAbies_2d" lootmax="2" maxinstances="25">
		<de name="TrajectoryConiferous" />
		<container name="branch" lootmax="1">
			<point pos="1.50 -6.50 0.12" range="0.30" height="1.20" flags="32" />
			<point pos="-0.04 -6.50 -1.21" range="0.30" height="1.20" flags="32" />
			<point pos="0.75 -6.50 0.54" range="0.70" height="2.00" flags="32" />
			<point pos="-1.20 -6.50 -0.79" range="0.70" height="2.00" flags="32" />
			<point pos="-0.78 -6.50 1.10" range="0.70" height="2.00" flags="32" />
			<point pos="0.80 -6.50 -1.43" range="1.00" height="2.00" flags="32" />
		</container>
	</cluster>
	<cluster name="PiceaAbies_3d" lootmax="2" maxinstances="25">
		<de name="TrajectoryConiferous" />
		<container name="branch" lootmax="1">
			<point pos="1.97 -09.90 0.09" range="1.01" height="2.00" flags="32" />
			<point pos="-0.28 -09.90 -1.79" range="0.90" height="2.00" flags="32" />
			<point pos="-1.86 -09.90 -0.21" range="1.00" height="2.00" flags="32" />
			<point pos="-0.05 -09.90 2.08" range="1.05" height="2.00" flags="32" />
		</container>
	</cluster>
	<cluster name="PiceaAbies_fallen" lootmax="2" maxinstances="25">
		<de name="TrajectoryConiferous" />
		<container name="branch" lootmax="1">
			<point pos="0.90 0.15 -4.38" range="0.83" height="2.00" flags="32" />
			<point pos="1.23 0.15 -1.40" range="0.91" height="2.00" flags="32" />
			<point pos="-1.31 0.15 -2.70" range="0.83" height="2.00" flags="32" />
			<point pos="-1.20 0.15 1.46" range="0.77" height="2.00" flags="32" />
		</container>
	</cluster>
	<cluster name="PiceaAbies_fallenB" lootmax="2" maxinstances="25">
		<de name="TrajectoryConiferous" />
		<container name="branch" lootmax="1">
			<point pos="1.44 0.12 0.59" range="1.09" height="2.00" flags="32" />
			<point pos="-1.12 0.12 0.38" range="0.94" height="2.00" flags="32" />
			<point pos="-1.16 0.12 -1.52" range="0.75" height="2.00" flags="32" />
			<point pos="1.16 0.12 -1.45" range="0.75" height="2.00" flags="32" />
		</container>
	</cluster>
	<cluster name="PiceaAbies_fallenC" lootmax="2" maxinstances="25">
		<de name="TrajectoryConiferous" />
		<container name="branch" lootmax="1">
			<point pos="0.55 -0.32 -0.21" range="0.75" height="2.00" flags="32" />
			<point pos="-1.39 -0.32 0.06" range="0.85" height="2.00" flags="32" />
			<point pos="-0.18 -0.32 2.21" range="1.00" height="2.00" flags="32" />
			<point pos="-0.43 -0.32 -2.23" range="1.00" height="2.00" flags="32" />
		</container>
	</cluster>
	<cluster name="PiceaAbies_stump" lootmax="2" maxinstances="25">
		<de name="TrajectoryConiferous" />
		<container name="branch" lootmax="1">
			<point pos="0.91 0.20 0.44" range="0.65" height="2.00" flags="32" />
			<point pos="0.34 0.20 -1.05" range="0.70" height="2.00" flags="32" />
			<point pos="-0.53 0.20 0.95" range="0.60" height="2.00" flags="32" />
			<point pos="-1.13 0.20 -0.28" range="0.39" height="2.00" flags="32" />
		</container>
	</cluster>
	<cluster name="PiceaAbies_stumpB" lootmax="2" maxinstances="25">
		<de name="TrajectoryConiferous" />
		<container name="branch" lootmax="1">
			<point pos="-0.15 -0.45 1.15" range="0.77" height="2.00" flags="32" />
			<point pos="-1.04 -0.45 -0.56" range="0.76" height="2.00" flags="32" />
			<point pos="0.79 -0.45 -0.12" range="0.40" height="1.55" flags="32" />
		</container>
	</cluster>
	<cluster name="PinusSylvestris_3d" lootmax="2" maxinstances="25">
		<de name="TrajectoryConiferous" />
		<container name="branch" lootmax="1">
			<point pos="1.30 -7.95 -0.35" range="1.06" height="2.00" flags="32" />
			<point pos="-0.43 -7.95 1.68" range="1.09" height="2.00" flags="32" />
			<point pos="-0.64 -7.95 -1.77" range="1.09" height="2.00" flags="32" />
			<point pos="-2.50 -7.95 0.09" range="1.09" height="2.00" flags="32" />
		</container>
	</cluster>
	<cluster name="PinusSylvestris_stump" lootmax="2" maxinstances="25">
		<de name="TrajectoryConiferous" />
		<container name="branch" lootmax="1">
			<point pos="1.05 -0.82 -1.35" range="1.00" height="2.00" flags="32" />
			<point pos="-1.20 -0.82 -0.80" range="0.90" height="2.00" flags="32" />
			<point pos="-0.74 -0.82 1.01" range="0.57" height="2.00" flags="32" />
			<point pos="1.05 -0.82 1.18" range="0.83" height="2.00" flags="32" />
		</container>
	</cluster>
	<cluster name="PinusSylvestris_stumpB" lootmax="2" maxinstances="25">
		<de name="TrajectoryConiferous" />
		<container name="branch" lootmax="1">
			<point pos="0.01 -0.01 -1.38" range="0.84" height="2.00" flags="32" />
			<point pos="1.32 -0.01 0.74" range="0.90" height="2.00" flags="32" />
			<point pos="-1.60 -0.01 1.00" range="0.90" height="2.00" flags="32" />
		</container>
	</cluster>
	<cluster name="PinusSylvestris_fallen" lootmax="2" maxinstances="25">
		<de name="TrajectoryConiferous" />
		<container name="branch" lootmax="1">
			<point pos="0.93 -0.28 1.047" range="0.90" height="2.00" flags="32" />
			<point pos="-1.20 -0.28 -0.75" range="0.90" height="2.00" flags="32" />
			<point pos="-1.70 -0.28 1.60" range="0.90" height="2.00" flags="32" />
		</container>
	</cluster>
	<cluster name="PinusSylvestris_fallenB" lootmax="2" maxinstances="25">
		<de name="TrajectoryConiferous" />
		<container name="branch" lootmax="1">
			<point pos="0.50 -0.10 2.07" range="0.43" height="1.57" flags="32" />
			<point pos="-1.33 -0.10 -2.08" range="1.0" height="2.00" flags="32" />
			<point pos="0.67 -0.10 0.05" range="0.70" height="2.00" flags="32" />
			<point pos="-1.04 -0.10 0.95" range="0.60" height="2.00" flags="32" />
		</container>
	</cluster>
	<cluster name="PinusSylvestris_fallenc" lootmax="2" maxinstances="25">
		<de name="TrajectoryConiferous" />
		<container name="branch" lootmax="1">
			<point pos="0.82 -0.17 -1.35" range="0.77" height="2.00" flags="32" />
			<point pos="1.15 -0.17 0.20" range="0.61" height="2.00" flags="32" />
			<point pos="-1.16 -0.17 -1.24" range="1.01" height="2.00" flags="32" />
			<point pos="-1.43 -0.17 0.72" range="0.77" height="2.00" flags="32" />
		</container>
	</cluster>
	<!--Mushrooms
	- DECIDUOUS -->
	<cluster name="FagusSylvatica_2d" lootmax="2" maxinstances="25">
		<de name="TrajectoryDeciduous" />
		<container name="branch" lootmax="1">
			<point pos="1.50 -8.50 0.12" range="0.478125" height="1.195313" flags="32" />
			<point pos="-1.82 -8.50 -0.07" range="0.478125" height="1.195313" flags="32" />
			<point pos="-0.04 -8.50 -1.20" range="0.478125" height="1.195313" flags="32" />
		</container>
	</cluster>
	<cluster name="FagusSylvatica_3d" lootmax="2" maxinstances="25">
		<de name="TrajectoryDeciduous" />
		<container name="branch" lootmax="1">
			<point pos="0.70 -9.40 1.85" range="1.08" height="2.00" flags="32" />
			<point pos="2.05 -9.40 -0.40" range="1.20" height="2.00" flags="32" />
			<point pos="-1.40 -9.40 0.10" range="1.11" height="2.00" flags="32" />
			<point pos="-0.04 -9.40 2.21" range="1.16" height="2.00" flags="32" />
			<point pos="-2.08 -9.40 -1.91" range="0.98" height="2.00" flags="32" />
		</container>
	</cluster>
	<cluster name="FagusSylvatica_stump" lootmax="2" maxinstances="25">
		<de name="TrajectoryDeciduous" />
		<container name="branch" lootmax="1">
			<point pos="-1.17 -0.73 1.36" range="1.00" height="2.00" flags="32" />
			<point pos="-1.08 -0.73 -0.89" range="0.91" height="2.00" flags="32" />
			<point pos="1.10 -0.73 -0.79" range="0.88" height="2.00" flags="32" />
			<point pos="1.11 -0.73 1.13" range="0.63" height="2.00" flags="32" />
		</container>
	</cluster>
	<cluster name="FagusSylvatica_stumpB" lootmax="2" maxinstances="25">
		<de name="TrajectoryDeciduous" />
		<container name="branch" lootmax="1">
			<point pos="-2.2 -0.66 0.15" range="1.00" height="2.00" flags="32" />
			<point pos="-0.10 -0.66 1.82" range="0.67" height="2.00" flags="32" />
			<point pos="0.45 -0.66 2.43" range="0.50" height="2.00" flags="32" />
			<point pos="1.67 -0.66 1.29" range="0.78" height="2.00" flags="32" />
			<point pos="1.35 -0.66 -0.87" range="1.00" height="2.00" flags="32" />
			<point pos="-1.53 -0.66 -2.02" range="0.80" height="2.00" flags="32" />
			<point pos="0.42 -0.66 -2.97" range="0.80" height="2.00" flags="32" />
		</container>
	</cluster>
	<cluster name="FagusSylvatica_stumpC" lootmax="2" maxinstances="25">
		<de name="TrajectoryDeciduous" />
		<container name="branch" lootmax="1">
			<point pos="-1.11 -0.05 0.07" range="0.61" height="1.78" flags="32" />
			<point pos="0.13 -0.05 -0.90" range="0.56" height="1.66" flags="32" />
			<point pos="1.25 -0.05 0.91" range="1.10" height="2.00" flags="32" />
		</container>
	</cluster>
	<cluster name="FagusSylvatica_fallen" lootmax="2" maxinstances="25">
		<de name="TrajectoryDeciduous" />
		<container name="branch" lootmax="1">
			<point pos="-1.30 -0.33 -1.25" range="1.00" height="2.00" flags="32" />
			<point pos="-1.54 -0.33 1.58" range="1.00" height="2.00" flags="32" />
			<point pos="-2.54 -0.33 3.77" range="1.00" height="2.00" flags="32" />
			<point pos="-2.07 -0.33 -4.62" range="1.00" height="2.00" flags="32" />
			<point pos="-2.20 -0.33 -8.08" range="1.00" height="2.00" flags="32" />
			<point pos="1.91 -0.33 -7.99" range="1.00" height="2.00" flags="32" />
			<point pos="1.94 -0.33 -4.35" range="1.00" height="2.00" flags="32" />
			<point pos="1.35 -0.33 -1.46" range="1.00" height="2.00" flags="32" />
			<point pos="2.54 -0.33 2.62" range="1.00" height="2.00" flags="32" />
			<point pos="1.35 -0.33 8.39" range="1.00" height="2.00" flags="32" />
			<point pos="3.54 -0.33 6.16" range="1.00" height="2.00" flags="32" />
			<point pos="-2.12 -0.33 8.97" range="1.00" height="2.00" flags="32" />
			<point pos="-3.17 -0.33 6.47" range="1.00" height="2.00" flags="32" />
		</container>
	</cluster>
	<cluster name="FagusSylvatica_fallenB" lootmax="2" maxinstances="25">
		<de name="TrajectoryDeciduous" />
		<container name="branch" lootmax="1">
			<point pos="0.96 -0.35 -2.03" range="1.10" height="2.00" flags="32" />
			<point pos="-1.29 -0.35 0.30" range="1.00" height="2.00" flags="32" />
			<point pos="1.16 -0.35 0.68" range="0.90" height="1.28" flags="32" />
		</container>
	</cluster>
	<cluster name="FagusSylvatica_fallenC" lootmax="2" maxinstances="25">
		<de name="TrajectoryDeciduous" />
		<container name="branch" lootmax="1">
			<point pos="0.52 -0.30 -1.04" range="0.85" height="2.00" flags="32" />
			<point pos="-1.77 -0.30 0.18" range="1.10" height="2.00" flags="32" />
			<point pos="0.89 -0.30 1.27" range="0.90" height="2.00" flags="32" />
			<point pos="-0.70 -0.30 2.16" range="0.80" height="2.00" flags="32" />
		</container>
	</cluster>
	<cluster name="QuercusRobur_2d" lootmax="2" maxinstances="25">
		<de name="TrajectoryDeciduous" />
		<container name="branch" lootmax="1">
			<point pos="-0.02 -10.50 2.44" range="0.90" height="2.00" flags="32" />
			<point pos="-2.67 -10.50 4.55" range="1.10" height="2.00" flags="32" />
			<point pos="-2.62 -10.50 1.15" range="1.10" height="2.00" flags="32" />
			<point pos="-0.39 -10.50 4.37" range="0.88" height="2.00" flags="32" />
		</container>
	</cluster>
	<!--
		<cluster name="QuercusRobur_3d" lootmax="2" maxinstances="25">
			<de name="TrajectoryDeciduous" />
			<container name="branch" lootmax="1">
			<point pos="1.495153 -0.501526 0.119188" range="0.478125" height="1.195313" flags="32" />
			<point pos="-1.820516 -0.879303 -0.069031" range="0.478125" height="1.195313" flags="32" />
			<point pos="-0.040581 -0.670837 -1.206359" range="0.478125" height="1.195313" flags="32" />
			</container>
		</cluster>
-->
	<cluster name="QuercusRobur_fallenB" lootmax="2" maxinstances="25">
		<de name="TrajectoryDeciduous" />
		<container name="branch" lootmax="1">
			<point pos="0.23 -0.15 1.69" range="1.00" height="2.00" flags="32" />
			<point pos="-3.03 -0.15 -1.13" range="0.79" height="2.00" flags="32" />
			<point pos="-0.60 -0.15 -0.29" range="0.75" height="0.18" flags="32" />
			<point pos="-3.10 -0.15 1.90" range="1.00" height="2.00" flags="32" />
			<point pos="1.17 -0.15 -0.53" range="0.70" height="0.21" flags="32" />
		</container>
	</cluster>
	<cluster name="QuercusRobur_fallenC" lootmax="2" maxinstances="25">
		<de name="TrajectoryDeciduous" />
		<container name="branch" lootmax="1">
			<point pos="1.03 0.10 -0.85" range="0.47" height="1.68" flags="32" />
			<point pos="-1.23 0.10 0.75" range="0.40" height="1.30" flags="32" />
			<point pos="-1.13 0.10 -1.05" range="0.78" height="2.00" flags="32" />
			<point pos="0.55 0.10 1.12" range="0.70" height="2.00" flags="32" />
		</container>
	</cluster>
	<cluster name="QuercusRobur_stump" lootmax="2" maxinstances="25">
		<de name="TrajectoryDeciduous" />
		<container name="branch" lootmax="1">
			<point pos="1.43 -0.18 -0.34" range="0.92" height="2.00" flags="32" />
			<point pos="-0.42 -0.18 -1.17" range="0.64" height="2.00" flags="32" />
			<point pos="-1.04 -0.18 0.71" range="0.52" height="2.00" flags="32" />
			<point pos="0.56 -0.18 1.45" range="0.68" height="2.00" flags="32" />
		</container>
	</cluster>
	<cluster name="QuercusRobur_stumpB" lootmax="2" maxinstances="25">
		<de name="TrajectoryDeciduous" />
		<container name="branch" lootmax="1">
			<point pos="1.12 0.38 -0.64" range="0.66" height="2.00" flags="32" />
			<point pos="0.09 0.38 1.33" range="0.79" height="2.00" flags="32" />
			<point pos="-0.13 0.38 -1.46" range="0.15" height="0.75" flags="32" />
			<point pos="-1.48 0.38 -0.63" range="0.99" height="2.00" flags="32" />
		</container>
	</cluster>
	<!--Mushrooms
	- HUMUS -->
	<cluster name="Haybale" lootmax="2" maxinstances="25">
		<de name="TrajectoryHumus" />
		<container name="branch" lootmax="1">
			<point pos="-0.01 -0.57 -1.40" range="0.90" height="2.000000" flags="32" />
			<point pos="-0.00 -0.57 1.32" range="0.83" height="2.000000" flags="32" />
			<point pos="-1.77 -0.57 0.12" range="0.96" height="2.000000" flags="32" />
			<point pos="1.70 -0.57 0.14" range="0.90" height="2.000000" flags="32" />
		</container>
	</cluster>
	<cluster name="Strawstack" lootmax="2" maxinstances="25">
		<de name="TrajectoryHumus" />
		<container name="branch" lootmax="1">
			<point pos="4.83 0.44 -2.29" range="1.09" height="2.00" flags="32" />
			<point pos="5.23 0.44 1.17" range="1.09" height="2.00" flags="32" />
			<point pos="-5.17 0.44 -2.63" range="1.09" height="2.00" flags="32" />
			<point pos="-5.47 0.44 1.67" range="1.09" height="2.00" flags="32" />
		</container>
	</cluster>
	<!--STONES -->
	<cluster name="PathD10" lootmax="2" maxinstances="5">
		<de name="TrajectoryStones" />
		<container name="road" lootmax="1">
			<point pos="2.19 0.20 -0.46" range="0.75" height="1.00" flags="32" />
			<point pos="-3.41 0.20 -0.11" range="0.75" height="1.00" flags="32" />
			<point pos="-0.53 0.20 -0.09" range="0.75" height="1.00" flags="32" />
		</container>
	</cluster>
	<cluster name="PathD30" lootmax="2" maxinstances="5">
		<de name="TrajectoryStones" />
		<container name="road" lootmax="1">
			<point pos="-2.40 0.20 0.12" range="0.75" height="1.00" flags="32" />
			<point pos="-5.04 0.20 -0.10" range="0.75" height="1.00" flags="32" />
			<point pos="1.59 0.20 0.30" range="0.75" height="1.00" flags="32" />
			<point pos="6.23 0.20 -0.02" range="0.75" height="1.00" flags="32" />
			<point pos="-10.04 0.20 -0.29" range="0.75" height="1.00" flags="32" />
		</container>
	</cluster>
	<cluster name="PathR10" lootmax="2" maxinstances="5">
		<de name="TrajectoryStones" />
		<container name="road" lootmax="1">
			<point pos="1.89 0.20 -0.34" range="0.75" height="1.00" flags="32" />
			<point pos="-1.13 0.20 -0.11" range="0.75" height="1.00" flags="32" />
			<point pos="-3.74 0.20 -0.03" range="0.75" height="1.00" flags="32" />
		</container>
	</cluster>
	<cluster name="PathR30" lootmax="2" maxinstances="5">
		<de name="TrajectoryStones" />
		<container name="road" lootmax="1">
			<point pos="-9.11 0.20 -0.50" range="0.75" height="1.00" flags="32" />
			<point pos="-4.72 0.20 -0.35" range="0.75" height="1.00" flags="32" />
			<point pos="-0.48 0.20 0.16" range="0.75" height="1.00" flags="32" />
			<point pos="7.44 0.20 -0.33" range="0.75" height="1.00" flags="32" />
		</container>
	</cluster>
	<cluster name="PathDCurve" lootmax="2" maxinstances="5">
		<de name="TrajectoryStones" />
		<container name="road" lootmax="1">
			<point pos="-3.68 0.20 0.85" range="0.75" height="1.00" flags="32" />
			<point pos="-0.71 0.20 0.97" range="0.75" height="1.00" flags="32" />
			<point pos="3.10 0.20 0.18" range="0.75" height="1.00" flags="32" />
		</container>
	</cluster>
	<cluster name="PathRCurve" lootmax="2" maxinstances="5">
		<de name="TrajectoryStones" />
		<container name="road" lootmax="1">
			<point pos="4.02 0.20 -0.41" range="0.75" height="1.00" flags="32" />
			<point pos="0.40 0.20 0.73" range="0.75" height="1.00" flags="32" />
			<point pos="-3.34 0.20 0.90" range="0.75" height="1.00" flags="32" />
		</container>
	</cluster>
	<cluster name="Stones" lootmax="2" maxinstances="5">
		<de name="TrajectoryStones" />
		<container name="road" lootmax="1">
			<point pos="-2.07 0.20 -0.41" range="0.75" height="1.00" flags="32" />
			<point pos="0.32 0.20 0.84" range="0.75" height="1.00" flags="32" />
			<point pos="-1.92 0.20 -2.90" range="0.75" height="1.00" flags="32" />
			<point pos="0.89 0.20 -2.82" range="0.75" height="1.00" flags="32" />
		</container>
	</cluster>
	<cluster name="Rail1" lootmax="2" maxinstances="5">
		<de name="TrajectoryStones" />
		<container name="road" lootmax="1">
			<point pos="-2.92 0.75 0.04" range="0.50" height="1.50" />
			<point pos="0.40 0.75 0.06" range="0.50" height="1.50" />
			<point pos="5.46 0.75 0.15" range="0.50" height="1.50" />
			<point pos="8.44 0.75 0.20" range="0.50" height="1.50" />
			<point pos="-7.38 0.75 -0.17" range="0.50" height="1.50" />
		</container>
	</cluster>
	<cluster name="Rail2" lootmax="2" maxinstances="5">
		<de name="TrajectoryStones" />
		<container name="road" lootmax="1">
			<point pos="-1.09 0.95 0.12" range="0.50" height="1.50" />
			<point pos="2.17 0.95 0.20" range="0.50" height="1.50" />
			<point pos="6.22 0.95 0.32" range="0.50" height="1.50" />
			<point pos="-5.83 0.95 0.01" range="0.50" height="1.50" />
		</container>
	</cluster>
	<cluster name="Rail3" lootmax="2" maxinstances="5">
		<de name="TrajectoryStones" />
		<container name="road" lootmax="1">
			<point pos="-9.82 0.95 -0.05" range="0.50" height="1.50" />
			<point pos="-6.27 0.95 -0.15" range="0.50" height="1.50" />
			<point pos="-3.02 0.95 -0.01" range="0.50" height="1.50" />
			<point pos="-0.31 0.95 0.04" range="0.50" height="1.50" />
			<point pos="2.94 0.95 0.15" range="0.50" height="1.50" />
			<point pos="5.54 0.95 0.27" range="0.50" height="1.50" />
			<point pos="9.00 0.95 0.33" range="0.50" height="1.50" />
			<point pos="12.59 0.95 0.34" range="0.50" height="1.50" />
			<point pos="-12.35 0.95 -0.20" range="0.50" height="1.50" />
		</container>
	</cluster>
	<cluster name="Rail4" lootmax="2" maxinstances="5">
		<de name="TrajectoryStones" />
		<container name="road" lootmax="1">
			<point pos="2.34 0.95 -0.03" range="0.50" height="1.50" />
			<point pos="-2.26 0.95 -0.13" range="0.50" height="1.50" />
			<point pos="-5.98 0.95 -0.19" range="0.50" height="1.50" />
			<point pos="6.61 0.95 0.10" range="0.50" height="1.50" />
		</container>
	</cluster>
	<cluster name="Rail5" lootmax="2" maxinstances="5">
		<de name="TrajectoryStones" />
		<container name="road" lootmax="1">
			<point pos="-6.27 0.95 -0.150061" range="0.50" height="1.50" />
			<point pos="-1.77 0.95 -0.058546" range="0.50" height="1.50" />
			<point pos="1.76 0.95 0.019553" range="0.50" height="1.50" />
			<point pos="5.25 0.95 0.021179" range="0.50" height="1.50" />
		</container>
	</cluster>
	<cluster name="Rail6" lootmax="2" maxinstances="5">
		<de name="TrajectoryStones" />
		<container name="road" lootmax="1">
			<point pos="5.46 0.95 0.15" range="0.50" height="1.50" />
			<point pos="1.05 0.95 -0.11" range="0.50" height="1.50" />
			<point pos="-4.30 0.95 -0.21" range="0.50" height="1.50" />
		</container>
	</cluster>
	<cluster name="Rail7" lootmax="2" maxinstances="5">
		<de name="TrajectoryStones" />
		<container name="road" lootmax="1">
			<point pos="2.64 0.95 0.23" range="0.50" height="1.50" />
			<point pos="-1.27 0.95 0.07" range="0.50" height="1.50" />
			<point pos="-4.46 0.95 0.11" range="0.50" height="1.50" />
		</container>
	</cluster>
	<cluster name="Rail8" lootmax="2" maxinstances="5">
		<de name="TrajectoryStones" />
		<container name="road" lootmax="1">
			<point pos="-2.82 0.95 -0.23" range="0.50" height="1.50" />
			<point pos="0.60 0.95 -0.20" range="0.50" height="1.50" />
			<point pos="4.60 0.95 -0.02" range="0.50" height="1.50" />
			<point pos="8.46 0.95 0.11" range="0.50" height="1.50" />
			<point pos="-7.62 0.95 -0.22" range="0.50" height="1.50" />
		</container>
	</cluster>
	<cluster name="Rail9" lootmax="2" maxinstances="5">
		<de name="TrajectoryStones" />
		<container name="road" lootmax="1">
			<point pos="-5.83 0.95 0.01" range="0.50" height="1.50" />
			<point pos="-0.87 0.95 0.28" range="0.50" height="1.50" />
			<point pos="1.63 0.95 0.33" range="0.50" height="1.50" />
			<point pos="6.21 0.95 0.31" range="0.50" height="1.50" />
		</container>
	</cluster>
	<!--
		<cluster name="Stone1" lootmax="2">
			<de name="TrajectoryStones" />
			<container name="road" lootmax="1">
			<point pos="1.495153 -0.501526 0.119188" range="0.478125" height="1.195313" flags="32" />
			<point pos="-1.820516 -0.879303 -0.069031" range="0.478125" height="1.195313" flags="32" />
			<point pos="-0.040581 -0.670837 -1.206359" range="0.478125" height="1.195313" flags="32" />
			</container>
		</cluster>
		<cluster name="Stone2" lootmax="2">
			<de name="TrajectoryStones" />
			<container name="road" lootmax="1">
			<point pos="1.495153 -0.501526 0.119188" range="0.478125" height="1.195313" flags="32" />
			<point pos="-1.820516 -0.879303 -0.069031" range="0.478125" height="1.195313" flags="32" />
			<point pos="-0.040581 -0.670837 -1.206359" range="0.478125" height="1.195313" flags="32" />
			</container>
		</cluster>
		<cluster name="Stone3" lootmax="2">
			<de name="TrajectoryStones" />
			<container name="road" lootmax="1">
			<point pos="1.495153 -0.501526 0.119188" range="0.478125" height="1.195313" flags="32" />
			<point pos="-1.820516 -0.879303 -0.069031" range="0.478125" height="1.195313" flags="32" />
			<point pos="-0.040581 -0.670837 -1.206359" range="0.478125" height="1.195313" flags="32" />
			</container>
		</cluster>
		<cluster name="Stone4" lootmax="2">
			<de name="TrajectoryStones" />
			<container name="road" lootmax="1">
			<point pos="1.495153 -0.501526 0.119188" range="0.478125" height="1.195313" flags="32" />
			<point pos="-1.820516 -0.879303 -0.069031" range="0.478125" height="1.195313" flags="32" />
			<point pos="-0.040581 -0.670837 -1.206359" range="0.478125" height="1.195313" flags="32" />
			</container>
		</cluster>
		<cluster name="Stone5" lootmax="2">
			<de name="TrajectoryStones" />
			<container name="road" lootmax="1">
			<point pos="1.495153 -0.501526 0.119188" range="0.478125" height="1.195313" flags="32" />
			<point pos="-1.820516 -0.879303 -0.069031" range="0.478125" height="1.195313" flags="32" />
			<point pos="-0.040581 -0.670837 -1.206359" range="0.478125" height="1.195313" flags="32" />
			</container>
		</cluster>
-->
</prototype>