{
    "m_Version": 5,
    "CanBuildAnywhere": 1,
    "AllowBuildingWithoutATerritory": 0,
    "DeployableOutsideATerritory": [
        "ExpansionSatchel",
        "Fireplace",
        "TerritoryFlagKit",
        "TerritoryFlag",
        "MediumTent",
        "LargeTent",
        "CarTent",
        "PartyTent",
        "TerjeRadTent",
        "ExpansionCamoTentKit",
        "ExpansionCamoBoxKit",
        "ShelterKit",
        "BearTrap",
        "ExpansionSafeLarge",
        "ExpansionSafeMedium",
        "ExpansionSafeSmall",
        "SeaChest",
        "TerjeSleepingBag_Woodland",
        "TerjeSleepingBag_Blue",
        "GardenPlot"
    ],
    "DeployableInsideAEnemyTerritory": [
        "ExpansionSatchel",
        "LandMineTrap",
        "BearTrap",
        "FishNetTrap",
        "RabbitSnareTrap",
        "SmallFishTrap",
        "TripwireTrap"
    ],
    "CanCraftVanillaBasebuilding": 0,
    "CanCraftExpansionBasebuilding": 0,
    "DestroyFlagOnDismantle": 1,
    "DismantleOutsideTerritory": 1,
    "DismantleInsideTerritory": 0,
    "DismantleAnywhere": 0,
    "CodelockActionsAnywhere": 0,
    "CodeLockLength": 6,
    "DoDamageWhenEnterWrongCodeLock": 1,
    "DamageWhenEnterWrongCodeLock": 10.0,
    "RememberCode": 1,
    "CanCraftTerritoryFlagKit": 1,
    "SimpleTerritory": 1,
    "AutomaticFlagOnCreation": 1,
    "GetTerritoryFlagKitAfterBuild": 0,
    "BuildZoneRequiredCustomMessage": "",
    "Zones": [
        {
            "Name": "Krasnostav Trader Camp",
            "Center": [
                11882.0,
                143.0,
                12466.0
            ],
            "Radius": 1000.0,
            "Items": [
                "Fireplace",
                "LandMineTrap",
                "BearTrap",
                "FishNetTrap",
                "RabbitSnareTrap",
                "SmallFishTrap",
                "TripwireTrap"
            ],
            "IsWhitelist": 1,
            "CustomMessage": ""
        },
        {
            "Name": "Green Mountain Trader Camp",
            "Center": [
                3728.27001953125,
                403.0,
                6003.60009765625
            ],
            "Radius": 1000.0,
            "Items": [
                "Fireplace",
                "LandMineTrap",
                "BearTrap",
                "FishNetTrap",
                "RabbitSnareTrap",
                "SmallFishTrap",
                "TripwireTrap"
            ],
            "IsWhitelist": 1,
            "CustomMessage": ""
        }
    ],
    "ZonesAreNoBuildZones": 1,
    "CodelockAttachMode": 1,
    "DismantleFlagMode": -1,
    "FlagMenuMode": 1,
    "PreventItemAccessThroughObstructingItems": 1,
    "EnableVirtualStorage": 0,
    "VirtualStorageExcludedContainers": []
}