<?xml version="1.0" encoding="UTF-8" standalone="yes"?>
<types>
    <!-- Weapons -->
    <type name="SCWS_MP7A1">
        <nominal>1</nominal>
        <lifetime>28800</lifetime>
        <restock>0</restock>
        <min>1</min>
        <quantmin>30</quantmin>
        <quantmax>80</quantmax>
        <cost>100</cost>
        <flags count_in_cargo="0" count_in_hoarder="0" count_in_map="1" count_in_player="0" crafted="0" deloot="0" />
        <category name="weapons" />
        <usage name="Military" />
        <value name="Tier4" />

    </type>
    <type name="SCWS_MP7A1_Fall">
        <nominal>1</nominal>
        <lifetime>28800</lifetime>
        <restock>0</restock>
        <min>1</min>
        <quantmin>30</quantmin>
        <quantmax>80</quantmax>
        <cost>100</cost>
        <flags count_in_cargo="0" count_in_hoarder="0" count_in_map="1" count_in_player="0" crafted="0" deloot="0" />
        <category name="weapons" />
        <usage name="Military" />
        <value name="Tier4" />

    </type>
    <type name="SCWS_P90">
        <nominal>1</nominal>
        <lifetime>28800</lifetime>
        <restock>0</restock>
        <min>1</min>
        <quantmin>30</quantmin>
        <quantmax>80</quantmax>
        <cost>100</cost>
        <flags count_in_cargo="0" count_in_hoarder="0" count_in_map="1" count_in_player="0" crafted="0" deloot="0" />
        <category name="weapons" />
        <usage name="Military" />
        <value name="Tier4" />
    </type>
    <type name="SCWS_P90_Fall">
        <nominal>1</nominal>
        <lifetime>28800</lifetime>
        <restock>0</restock>
        <min>1</min>
        <quantmin>30</quantmin>
        <quantmax>80</quantmax>
        <cost>100</cost>
        <flags count_in_cargo="0" count_in_hoarder="0" count_in_map="1" count_in_player="0" crafted="0" deloot="0" />
        <category name="weapons" />
        <usage name="Military" />
        <value name="Tier4" />
    </type>
    <type name="SCWS_AK400">
        <nominal>1</nominal>
        <lifetime>28800</lifetime>
        <restock>0</restock>
        <min>0</min>
        <quantmin>30</quantmin>
        <quantmax>80</quantmax>
        <cost>100</cost>
        <flags count_in_cargo="0" count_in_hoarder="0" count_in_map="1" count_in_player="0" crafted="0" deloot="0" />
        <category name="weapons" />
        <value name="Tier4" />

    </type>
    <type name="SCWS_APC9">
        <nominal>2</nominal>
        <lifetime>28800</lifetime>
        <restock>0</restock>
        <min>0</min>
        <quantmin>30</quantmin>
        <quantmax>80</quantmax>
        <cost>100</cost>
        <flags count_in_cargo="0" count_in_hoarder="0" count_in_map="1" count_in_player="0" crafted="0" deloot="0" />
        <category name="weapons" />
        <usage name="Village" />
        <usage name="Hunting" />
        <value name="Tier3" />
        <value name="Tier4" />
    </type>
    <type name="SCWS_AR10">
        <nominal>0</nominal>
        <lifetime>28800</lifetime>
        <restock>0</restock>
        <min>0</min>
        <quantmin>30</quantmin>
        <quantmax>80</quantmax>
        <cost>100</cost>
        <flags count_in_cargo="0" count_in_hoarder="0" count_in_map="1" count_in_player="0" crafted="0" deloot="0" />
        <category name="weapons" />
        <usage name="Farm" />
        <usage name="Village" />
    </type>
    <type name="SCWS_AUGA3">
        <nominal>0</nominal>
        <lifetime>28800</lifetime>
        <restock>0</restock>
        <min>0</min>
        <quantmin>30</quantmin>
        <quantmax>80</quantmax>
        <cost>100</cost>
        <flags count_in_cargo="0" count_in_hoarder="0" count_in_map="1" count_in_player="0" crafted="0" deloot="0" />
        <category name="weapons" />
        <usage name="Village" />
        <usage name="Hunting" />
    </type>
    <type name="SCWS_CZ">
        <nominal>3</nominal>
        <lifetime>28800</lifetime>
        <restock>0</restock>
        <min>1</min>
        <quantmin>30</quantmin>
        <quantmax>80</quantmax>
        <cost>100</cost>
        <flags count_in_cargo="0" count_in_hoarder="0" count_in_map="1" count_in_player="0" crafted="0" deloot="0" />
        <category name="weapons" />
        <usage name="Military" />
        <value name="Tier4" />
    </type>
    <type name="SCWS_CZ_Pink">
        <nominal>0</nominal>
        <lifetime>28800</lifetime>
        <restock>0</restock>
        <min>0</min>
        <quantmin>30</quantmin>
        <quantmax>80</quantmax>
        <cost>100</cost>
        <flags count_in_cargo="0" count_in_hoarder="0" count_in_map="1" count_in_player="0" crafted="0" deloot="0" />
        <category name="weapons" />
        <usage name="Hunting" />
    </type>
    <type name="SCWS_CZ_Red">
        <nominal>0</nominal>
        <lifetime>28800</lifetime>
        <restock>0</restock>
        <min>0</min>
        <quantmin>30</quantmin>
        <quantmax>80</quantmax>
        <cost>100</cost>
        <flags count_in_cargo="0" count_in_hoarder="0" count_in_map="1" count_in_player="0" crafted="0" deloot="0" />
        <category name="weapons" />
        <usage name="Hunting" />
    </type>
    <type name="SCWS_DT408">
        <nominal>0</nominal>
        <lifetime>28800</lifetime>
        <restock>0</restock>
        <min>0</min>
        <quantmin>30</quantmin>
        <quantmax>80</quantmax>
        <cost>100</cost>
        <flags count_in_cargo="0" count_in_hoarder="0" count_in_map="1" count_in_player="0" crafted="0" deloot="0" />
        <category name="weapons" />
    </type>
    <type name="SCWS_FAMASF1">
        <nominal>0</nominal>
        <lifetime>28800</lifetime>
        <restock>0</restock>
        <min>0</min>
        <quantmin>30</quantmin>
        <quantmax>80</quantmax>
        <cost>100</cost>
        <flags count_in_cargo="0" count_in_hoarder="0" count_in_map="1" count_in_player="0" crafted="0" deloot="0" />
        <category name="weapons" />
    </type>
    <type name="SCWS_FAMASF1TAN">
        <nominal>0</nominal>
        <lifetime>28800</lifetime>
        <restock>0</restock>
        <min>0</min>
        <quantmin>30</quantmin>
        <quantmax>80</quantmax>
        <cost>100</cost>
        <flags count_in_cargo="0" count_in_hoarder="0" count_in_map="1" count_in_player="0" crafted="0" deloot="0" />
        <category name="weapons" />
    </type>
    <type name="SCWS_FAMASF1FALL">
        <nominal>0</nominal>
        <lifetime>28800</lifetime>
        <restock>0</restock>
        <min>0</min>
        <quantmin>30</quantmin>
        <quantmax>80</quantmax>
        <cost>100</cost>
        <flags count_in_cargo="0" count_in_hoarder="0" count_in_map="1" count_in_player="0" crafted="0" deloot="0" />
        <category name="weapons" />
    </type>
    <type name="SCWS_SCARH">
        <nominal>0</nominal>
        <lifetime>28800</lifetime>
        <restock>0</restock>
        <min>0</min>
        <quantmin>30</quantmin>
        <quantmax>80</quantmax>
        <cost>100</cost>
        <flags count_in_cargo="0" count_in_hoarder="0" count_in_map="1" count_in_player="0" crafted="0" deloot="0" />
        <category name="weapons" />
    </type>
    <type name="SCWS_SPEAR">
        <nominal>0</nominal>
        <lifetime>28800</lifetime>
        <restock>0</restock>
        <min>0</min>
        <quantmin>30</quantmin>
        <quantmax>80</quantmax>
        <cost>100</cost>
        <flags count_in_cargo="0" count_in_hoarder="0" count_in_map="1" count_in_player="0" crafted="0" deloot="0" />
        <category name="weapons" />
    </type>
    <type name="SCWS_SPEAR_Fall">
        <nominal>0</nominal>
        <lifetime>28800</lifetime>
        <restock>0</restock>
        <min>0</min>
        <quantmin>30</quantmin>
        <quantmax>80</quantmax>
        <cost>100</cost>
        <flags count_in_cargo="0" count_in_hoarder="0" count_in_map="1" count_in_player="0" crafted="0" deloot="0" />
        <category name="weapons" />
    </type>
    <type name="SCWS_GM6LYNX">
        <nominal>0</nominal>
        <lifetime>28800</lifetime>
        <restock>0</restock>
        <min>0</min>
        <quantmin>30</quantmin>
        <quantmax>80</quantmax>
        <cost>100</cost>
        <flags count_in_cargo="0" count_in_hoarder="0" count_in_map="1" count_in_player="0" crafted="0" deloot="0" />
        <category name="weapons" />
    </type>
    <type name="SCWS_GM6LYNXK">
        <nominal>0</nominal>
        <lifetime>28800</lifetime>
        <restock>0</restock>
        <min>0</min>
        <quantmin>30</quantmin>
        <quantmax>80</quantmax>
        <cost>100</cost>
        <flags count_in_cargo="0" count_in_hoarder="0" count_in_map="1" count_in_player="0" crafted="0" deloot="0" />
        <category name="weapons" />
    </type>
    <type name="SCWS_M14">
        <nominal>0</nominal>
        <lifetime>28800</lifetime>
        <restock>0</restock>
        <min>0</min>
        <quantmin>30</quantmin>
        <quantmax>80</quantmax>
        <cost>100</cost>
        <flags count_in_cargo="0" count_in_hoarder="0" count_in_map="1" count_in_player="0" crafted="0" deloot="0" />
        <category name="weapons" />
    </type>
    <type name="SCWS_M82A1">
        <nominal>0</nominal>
        <lifetime>28800</lifetime>
        <restock>0</restock>
        <min>0</min>
        <quantmin>30</quantmin>
        <quantmax>80</quantmax>
        <cost>100</cost>
        <flags count_in_cargo="0" count_in_hoarder="0" count_in_map="1" count_in_player="0" crafted="0" deloot="0" />
        <category name="weapons" />
    </type>
    <type name="SCWS_M82A1FALL">
        <nominal>0</nominal>
        <lifetime>28800</lifetime>
        <restock>0</restock>
        <min>0</min>
        <quantmin>30</quantmin>
        <quantmax>80</quantmax>
        <cost>100</cost>
        <flags count_in_cargo="0" count_in_hoarder="0" count_in_map="1" count_in_player="0" crafted="0" deloot="0" />
        <category name="weapons" />
    </type>
    <type name="SCWS_M200">
        <nominal>0</nominal>
        <lifetime>28800</lifetime>
        <restock>0</restock>
        <min>0</min>
        <quantmin>30</quantmin>
        <quantmax>80</quantmax>
        <cost>100</cost>
        <flags count_in_cargo="0" count_in_hoarder="0" count_in_map="1" count_in_player="0" crafted="0" deloot="0" />
        <category name="weapons" />
    </type>
    <type name="SCWS_MCX">
        <nominal>0</nominal>
        <lifetime>28800</lifetime>
        <restock>0</restock>
        <min>0</min>
        <quantmin>30</quantmin>
        <quantmax>80</quantmax>
        <cost>100</cost>
        <flags count_in_cargo="0" count_in_hoarder="0" count_in_map="1" count_in_player="0" crafted="0" deloot="0" />
        <category name="weapons" />
    </type>
    <type name="SCWS_MCXTan">
        <nominal>0</nominal>
        <lifetime>28800</lifetime>
        <restock>0</restock>
        <min>0</min>
        <quantmin>30</quantmin>
        <quantmax>80</quantmax>
        <cost>100</cost>
        <flags count_in_cargo="0" count_in_hoarder="0" count_in_map="1" count_in_player="0" crafted="0" deloot="0" />
        <category name="weapons" />
    </type>
    <type name="SCWS_MDR">
        <nominal>0</nominal>
        <lifetime>28800</lifetime>
        <restock>0</restock>
        <min>0</min>
        <quantmin>30</quantmin>
        <quantmax>80</quantmax>
        <cost>100</cost>
        <flags count_in_cargo="0" count_in_hoarder="0" count_in_map="1" count_in_player="0" crafted="0" deloot="0" />
        <category name="weapons" />
    </type>
    <type name="SCWS_MDRBLACK">
        <nominal>0</nominal>
        <lifetime>28800</lifetime>
        <restock>0</restock>
        <min>0</min>
        <quantmin>30</quantmin>
        <quantmax>80</quantmax>
        <cost>100</cost>
        <flags count_in_cargo="0" count_in_hoarder="0" count_in_map="1" count_in_player="0" crafted="0" deloot="0" />
        <category name="weapons" />
    </type>
    <type name="SCWS_MDX">
        <nominal>0</nominal>
        <lifetime>28800</lifetime>
        <restock>0</restock>
        <min>0</min>
        <quantmin>30</quantmin>
        <quantmax>80</quantmax>
        <cost>100</cost>
        <flags count_in_cargo="0" count_in_hoarder="0" count_in_map="1" count_in_player="0" crafted="0" deloot="0" />
        <category name="weapons" />
    </type>
    <type name="SCWS_MK18">
        <nominal>0</nominal>
        <lifetime>28800</lifetime>
        <restock>0</restock>
        <min>0</min>
        <quantmin>30</quantmin>
        <quantmax>80</quantmax>
        <cost>100</cost>
        <flags count_in_cargo="0" count_in_hoarder="0" count_in_map="1" count_in_player="0" crafted="0" deloot="0" />
        <category name="weapons" />
    </type>
    <type name="SCWS_MK18Tan">
        <nominal>0</nominal>
        <lifetime>28800</lifetime>
        <restock>0</restock>
        <min>0</min>
        <quantmin>30</quantmin>
        <quantmax>80</quantmax>
        <cost>100</cost>
        <flags count_in_cargo="0" count_in_hoarder="0" count_in_map="1" count_in_player="0" crafted="0" deloot="0" />
        <category name="weapons" />
    </type>
    <type name="SCWS_SPR">
        <nominal>0</nominal>
        <lifetime>28800</lifetime>
        <restock>0</restock>
        <min>0</min>
        <quantmin>30</quantmin>
        <quantmax>80</quantmax>
        <cost>100</cost>
        <flags count_in_cargo="0" count_in_hoarder="0" count_in_map="1" count_in_player="0" crafted="0" deloot="0" />
        <category name="weapons" />
    </type>
    <type name="SCWS_STI">
        <nominal>0</nominal>
        <lifetime>28800</lifetime>
        <restock>0</restock>
        <min>0</min>
        <quantmin>30</quantmin>
        <quantmax>80</quantmax>
        <cost>100</cost>
        <flags count_in_cargo="0" count_in_hoarder="0" count_in_map="1" count_in_player="0" crafted="0" deloot="0" />
        <category name="weapons" />
    </type>
    <type name="SCWS_TIMBERWOLF">
        <nominal>0</nominal>
        <lifetime>28800</lifetime>
        <restock>0</restock>
        <min>0</min>
        <quantmin>30</quantmin>
        <quantmax>80</quantmax>
        <cost>100</cost>
        <flags count_in_cargo="0" count_in_hoarder="0" count_in_map="1" count_in_player="0" crafted="0" deloot="0" />
        <category name="weapons" />
    </type>
    <type name="SCWS_TIMBERWOLFCAMO">
        <nominal>0</nominal>
        <lifetime>28800</lifetime>
        <restock>0</restock>
        <min>0</min>
        <quantmin>30</quantmin>
        <quantmax>80</quantmax>
        <cost>100</cost>
        <flags count_in_cargo="0" count_in_hoarder="0" count_in_map="1" count_in_player="0" crafted="0" deloot="0" />
        <category name="weapons" />
    </type>
    <type name="SCWS_TIMBERWOLFANIME">
        <nominal>0</nominal>
        <lifetime>28800</lifetime>
        <restock>0</restock>
        <min>0</min>
        <quantmin>30</quantmin>
        <quantmax>80</quantmax>
        <cost>100</cost>
        <flags count_in_cargo="0" count_in_hoarder="0" count_in_map="1" count_in_player="0" crafted="0" deloot="0" />
        <category name="weapons" />
    </type>
    <type name="SCWS_AAC">
        <nominal>0</nominal>
        <lifetime>28800</lifetime>
        <restock>0</restock>
        <min>0</min>
        <quantmin>30</quantmin>
        <quantmax>80</quantmax>
        <cost>100</cost>
        <flags count_in_cargo="0" count_in_hoarder="0" count_in_map="1" count_in_player="0" crafted="0" deloot="0" />
        <category name="weapons" />
    </type>
    <type name="SCWS_AAC_Fall">
        <nominal>0</nominal>
        <lifetime>28800</lifetime>
        <restock>0</restock>
        <min>0</min>
        <quantmin>30</quantmin>
        <quantmax>80</quantmax>
        <cost>100</cost>
        <flags count_in_cargo="0" count_in_hoarder="0" count_in_map="1" count_in_player="0" crafted="0" deloot="0" />
        <category name="weapons" />
    </type>
    <type name="SCWS_M249">
        <nominal>0</nominal>
        <lifetime>28800</lifetime>
        <restock>0</restock>
        <min>0</min>
        <quantmin>30</quantmin>
        <quantmax>80</quantmax>
        <cost>100</cost>
        <flags count_in_cargo="0" count_in_hoarder="0" count_in_map="1" count_in_player="0" crafted="0" deloot="0" />
        <category name="weapons" />
    </type>
    <!-- Magazines -->
    <type name="SCWS_AAC_Magazine">
        <nominal>5</nominal>
        <lifetime>28800</lifetime>
        <restock>0</restock>
        <min>1</min>
        <quantmin>30</quantmin>
        <quantmax>80</quantmax>
        <cost>100</cost>
        <flags count_in_cargo="0" count_in_hoarder="0" count_in_map="1" count_in_player="0" crafted="0" deloot="0" />
        <category name="weapons" />
        <usage name="Military" />
        <value name="Tier4" />
        <value name="Tier3" />
    </type>
    <type name="SCWS_AAC_DualMagazine">
        <nominal>0</nominal>
        <lifetime>28800</lifetime>
        <restock>0</restock>
        <min>0</min>
        <quantmin>30</quantmin>
        <quantmax>80</quantmax>
        <cost>100</cost>
        <flags count_in_cargo="0" count_in_hoarder="0" count_in_map="1" count_in_player="0" crafted="0" deloot="0" />
        <category name="weapons" />
    </type>
    <type name="SCWS_Pmag_75Rnd">
        <nominal>0</nominal>
        <lifetime>28800</lifetime>
        <restock>0</restock>
        <min>0</min>
        <quantmin>30</quantmin>
        <quantmax>80</quantmax>
        <cost>100</cost>
        <flags count_in_cargo="0" count_in_hoarder="0" count_in_map="1" count_in_player="0" crafted="0" deloot="0" />
        <category name="weapons" />
    </type>
    <type name="SCWS_MP7A1_Magazine">
        <nominal>6</nominal>
        <lifetime>28800</lifetime>
        <restock>0</restock>
        <min>2</min>
        <quantmin>30</quantmin>
        <quantmax>80</quantmax>
        <cost>100</cost>
        <flags count_in_cargo="0" count_in_hoarder="0" count_in_map="1" count_in_player="0" crafted="0" deloot="0" />
        <category name="weapons" />
        <usage name="Military" />
        <value name="Tier3" />
        <value name="Tier4" />

    </type>
    <type name="SCWS_MP7A1_DualMagazine">
        <nominal>0</nominal>
        <lifetime>28800</lifetime>
        <restock>0</restock>
        <min>0</min>
        <quantmin>30</quantmin>
        <quantmax>80</quantmax>
        <cost>100</cost>
        <flags count_in_cargo="0" count_in_hoarder="0" count_in_map="1" count_in_player="0" crafted="0" deloot="0" />
        <category name="weapons" />
    </type>
    <type name="SCWS_APC9_Magazine">
        <nominal>10</nominal>
        <lifetime>28800</lifetime>
        <restock>0</restock>
        <min>4</min>
        <quantmin>30</quantmin>
        <quantmax>80</quantmax>
        <cost>100</cost>
        <flags count_in_cargo="0" count_in_hoarder="0" count_in_map="1" count_in_player="0" crafted="0" deloot="0" />
        <category name="weapons" />
        <usage name="Military" />
        <value name="Tier3" />
        <value name="Tier4" />

    </type>
    <type name="SCWS_APC9_DualMagazine">
        <nominal>0</nominal>
        <lifetime>28800</lifetime>
        <restock>0</restock>
        <min>0</min>
        <quantmin>30</quantmin>
        <quantmax>80</quantmax>
        <cost>100</cost>
        <flags count_in_cargo="0" count_in_hoarder="0" count_in_map="1" count_in_player="0" crafted="0" deloot="0" />
        <category name="weapons" />
    </type>
    <type name="SCWS_9mm_DualMagazine">
        <nominal>0</nominal>
        <lifetime>28800</lifetime>
        <restock>0</restock>
        <min>0</min>
        <quantmin>30</quantmin>
        <quantmax>80</quantmax>
        <cost>100</cost>
        <flags count_in_cargo="1" count_in_hoarder="1" count_in_map="1" count_in_player="0" crafted="0" deloot="0" />
        <category name="weapons" />
        <tag name="shelves" />
        <value name="Tier2" />
        <value name="Tier3" />
    </type>
    <type name="SCWS_AR10_Magazine">
        <nominal>4</nominal>
        <lifetime>28800</lifetime>
        <restock>0</restock>
        <min>2</min>
        <quantmin>30</quantmin>
        <quantmax>80</quantmax>
        <cost>100</cost>
        <flags count_in_cargo="1" count_in_hoarder="1" count_in_map="1" count_in_player="0" crafted="0" deloot="0" />
        <category name="weapons" />
        <tag name="shelves" />
        <usage name="Military" />
        <value name="Tier3" />
        <value name="Tier4" />

    </type>
    <type name="SCWS_AK47G">
        <nominal>1</nominal>
        <lifetime>28800</lifetime>
        <restock>0</restock>
        <min>0</min>
        <quantmin>30</quantmin>
        <quantmax>80</quantmax>
        <cost>100</cost>
        <flags count_in_cargo="1" count_in_hoarder="1" count_in_map="1" count_in_player="0" crafted="0" deloot="0" />
        <category name="RadiationZone" />
        <tag name="shelves" />

    </type>
    <type name="SCWS_AK47G_Magazine">
        <nominal>4</nominal>
        <lifetime>28800</lifetime>
        <restock>0</restock>
        <min>2</min>
        <quantmin>30</quantmin>
        <quantmax>80</quantmax>
        <cost>100</cost>
        <flags count_in_cargo="1" count_in_hoarder="1" count_in_map="1" count_in_player="0" crafted="0" deloot="0" />
        <category name="weapons" />
        <tag name="shelves" />
        <usage name="Military" />
        <value name="Tier4" />

    </type>
    <type name="SCWS_AK47G_DualMagazine">
        <nominal>0</nominal>
        <lifetime>28800</lifetime>
        <restock>0</restock>
        <min>0</min>
        <quantmin>30</quantmin>
        <quantmax>80</quantmax>
        <cost>100</cost>
        <flags count_in_cargo="1" count_in_hoarder="1" count_in_map="1" count_in_player="0" crafted="0" deloot="0" />
        <category name="weapons" />
        <tag name="shelves" />
        <value name="Tier2" />
        <value name="Tier3" />
    </type>
    <type name="SCWS_SCARH_Magazine">
        <nominal>4</nominal>
        <lifetime>28800</lifetime>
        <restock>0</restock>
        <min>2</min>
        <quantmin>30</quantmin>
        <quantmax>80</quantmax>
        <cost>100</cost>
        <flags count_in_cargo="1" count_in_hoarder="1" count_in_map="1" count_in_player="0" crafted="0" deloot="0" />
        <category name="weapons" />
        <tag name="shelves" />
        <usage name="Military" />
        <value name="Tier3" />
        <value name="Tier4" />

    </type>
    <type name="SCWS_SCARH_DualMagazine">
        <nominal>0</nominal>
        <lifetime>28800</lifetime>
        <restock>0</restock>
        <min>0</min>
        <quantmin>30</quantmin>
        <quantmax>80</quantmax>
        <cost>100</cost>
        <flags count_in_cargo="1" count_in_hoarder="1" count_in_map="1" count_in_player="0" crafted="0" deloot="0" />
        <category name="weapons" />
        <tag name="shelves" />
        <value name="Tier2" />
        <value name="Tier3" />
    </type>
    <type name="SCWS_CZ_Magazine">
        <nominal>10</nominal>
        <lifetime>28800</lifetime>
        <restock>0</restock>
        <min>4</min>
        <quantmin>30</quantmin>
        <quantmax>80</quantmax>
        <cost>100</cost>
        <flags count_in_cargo="0" count_in_hoarder="0" count_in_map="1" count_in_player="0" crafted="0" deloot="0" />
        <category name="weapons" />
        <tag name="shelves" />
        <usage name="Hunting" />
        <usage name="Military" />
        <value name="Tier3" />
        <value name="Tier4" />
    </type>
    <type name="SCWS_CZ_Dual_Magazine">
        <nominal>0</nominal>
        <lifetime>28800</lifetime>
        <restock>0</restock>
        <min>0</min>
        <quantmin>10</quantmin>
        <quantmax>80</quantmax>
        <cost>100</cost>
        <flags count_in_cargo="0" count_in_hoarder="0" count_in_map="1" count_in_player="0" crafted="0" deloot="0" />
        <category name="weapons" />
        <usage name="Town" />
        <usage name="Village" />
        <usage name="Hunting" />
        <value name="Tier1" />
        <value name="Tier2" />
    </type>
    <type name="SCWS_DT408_Magazine">
        <nominal>2</nominal>
        <lifetime>28800</lifetime>
        <restock>0</restock>
        <min>1</min>
        <quantmin>30</quantmin>
        <quantmax>80</quantmax>
        <cost>100</cost>
        <flags count_in_cargo="0" count_in_hoarder="0" count_in_map="1" count_in_player="0" crafted="0" deloot="0" />
        <category name="weapons" />
        <usage name="Military" />
        <value name="Tier3" />
        <value name="Tier4" />

    </type>
    <type name="SCWSGM6LYNX_Magazine">
        <nominal>1</nominal>
        <lifetime>28800</lifetime>
        <restock>0</restock>
        <min>0</min>
        <quantmin>30</quantmin>
        <quantmax>80</quantmax>
        <cost>100</cost>
        <flags count_in_cargo="0" count_in_hoarder="0" count_in_map="1" count_in_player="0" crafted="0" deloot="0" />
        <category name="weapons" />
        <usage name="Military" />
        <value name="Tier4" />

    </type>
    <type name="SCWS_M14_Magazine">
        <nominal>4</nominal>
        <lifetime>28800</lifetime>
        <restock>0</restock>
        <min>2</min>
        <quantmin>30</quantmin>
        <quantmax>80</quantmax>
        <cost>100</cost>
        <flags count_in_cargo="0" count_in_hoarder="0" count_in_map="1" count_in_player="0" crafted="0" deloot="0" />
        <category name="weapons" />
        <usage name="Military" />
        <value name="Tier4" />

    </type>
    <type name="SCWS_M82A1_Magazine">
        <nominal>1</nominal>
        <lifetime>28800</lifetime>
        <restock>0</restock>
        <min>0</min>
        <quantmin>30</quantmin>
        <quantmax>80</quantmax>
        <cost>100</cost>
        <flags count_in_cargo="1" count_in_hoarder="1" count_in_map="1" count_in_player="1" crafted="0" deloot="0" />
        <category name="weapons" />
        <usage name="Military" />
        <value name="Tier4" />

    </type>
    <type name="SCWS_M200_Magazine">
        <nominal>1</nominal>
        <lifetime>28800</lifetime>
        <restock>0</restock>
        <min>1</min>
        <quantmin>30</quantmin>
        <quantmax>80</quantmax>
        <cost>100</cost>
        <flags count_in_cargo="1" count_in_hoarder="1" count_in_map="1" count_in_player="1" crafted="0" deloot="0" />
        <category name="weapons" />
        <usage name="Military" />
        <value name="Tier3" />
        <value name="Tier4" />

    </type>
    <type name="SCWS_MCX_Magazine">
        <nominal>2</nominal>
        <lifetime>28800</lifetime>
        <restock>0</restock>
        <min>1</min>
        <quantmin>30</quantmin>
        <quantmax>80</quantmax>
        <cost>100</cost>
        <flags count_in_cargo="1" count_in_hoarder="1" count_in_map="1" count_in_player="1" crafted="0" deloot="0" />
        <category name="weapons" />
        <category name="RadiationZone" />
        <usage name="Military" />
        <value name="Tier4" />

    </type>
    <type name="SCWS_MCX_DualMagazine">
        <nominal>0</nominal>
        <lifetime>28800</lifetime>
        <restock>0</restock>
        <min>0</min>
        <quantmin>30</quantmin>
        <quantmax>80</quantmax>
        <cost>100</cost>
        <flags count_in_cargo="0" count_in_hoarder="0" count_in_map="1" count_in_player="0" crafted="0" deloot="0" />
        <category name="weapons" />
        <tag name="shelves" />
    </type>
    <type name="SCWS_SPR_Magazine">
        <nominal>2</nominal>
        <lifetime>28800</lifetime>
        <restock>0</restock>
        <min>1</min>
        <quantmin>30</quantmin>
        <quantmax>80</quantmax>
        <cost>100</cost>
        <flags count_in_cargo="0" count_in_hoarder="0" count_in_map="1" count_in_player="0" crafted="0" deloot="0" />
        <category name="weapons" />
        <usage name="Military" />
        <value name="Tier4" />
    </type>
    <type name="SCWS_STI_Magazine">
        <nominal>0</nominal>
        <lifetime>28800</lifetime>
        <restock>0</restock>
        <min>0</min>
        <quantmin>30</quantmin>
        <quantmax>80</quantmax>
        <cost>100</cost>
        <flags count_in_cargo="0" count_in_hoarder="0" count_in_map="1" count_in_player="0" crafted="0" deloot="0" />
        <category name="weapons" />
        <tag name="shelves" />
    </type>
    <type name="SCWS_TIMBERWOLF_Magazine">
        <nominal>4</nominal>
        <lifetime>28800</lifetime>
        <restock>0</restock>
        <min>2</min>
        <quantmin>30</quantmin>
        <quantmax>80</quantmax>
        <cost>100</cost>
        <flags count_in_cargo="0" count_in_hoarder="0" count_in_map="1" count_in_player="0" crafted="0" deloot="0" />
        <category name="weapons" />
        <category name="RadiationZone" />
        <usage name="Military" />
        <value name="Tier3" />
        <value name="Tier4" />

    </type>
    <type name="SCWS_SPEAR_Magazine">
        <nominal>2</nominal>
        <lifetime>28800</lifetime>
        <restock>0</restock>
        <min>1</min>
        <quantmin>30</quantmin>
        <quantmax>80</quantmax>
        <cost>100</cost>
        <flags count_in_cargo="0" count_in_hoarder="0" count_in_map="1" count_in_player="0" crafted="0" deloot="0" />
        <tag name="floor" />
        <category name="RadiationZone" />
        <usage name="Military" />
        <value name="Tier3" />
        <value name="Tier4" />

    </type>
    <type name="SCWS_M249_Magazine">
        <nominal>0</nominal>
        <lifetime>28800</lifetime>
        <restock>0</restock>
        <min>0</min>
        <quantmin>30</quantmin>
        <quantmax>80</quantmax>
        <cost>100</cost>
        <flags count_in_cargo="0" count_in_hoarder="0" count_in_map="1" count_in_player="0" crafted="0" deloot="0" />
        <category name="weapons" />
    </type>
    <type name="SCWS_P90_Magazine">
        <nominal>6</nominal>
        <lifetime>28800</lifetime>
        <restock>0</restock>
        <min>2</min>
        <quantmin>30</quantmin>
        <quantmax>80</quantmax>
        <cost>100</cost>
        <flags count_in_cargo="0" count_in_hoarder="0" count_in_map="1" count_in_player="0" crafted="0" deloot="0" />
        <category name="weapons" />
        <usage name="Military" />
        <value name="Tier3" />
        <value name="Tier4" />
    </type>
    <!-- attachments -->
    <type name="SCWS_BipodF">
        <nominal>4</nominal>
        <lifetime>28800</lifetime>
        <restock>0</restock>
        <min>1</min>
        <quantmin>30</quantmin>
        <quantmax>80</quantmax>
        <cost>100</cost>
        <flags count_in_cargo="1" count_in_hoarder="1" count_in_map="1" count_in_player="1" crafted="0" deloot="0" />
        <category name="weapons" />
        <usage name="Military" />
        <value name="Tier3" />
        <value name="Tier4" />

    </type>
    <type name="SCWS_BipodU">
        <nominal>4</nominal>
        <lifetime>28800</lifetime>
        <restock>0</restock>
        <min>1</min>
        <quantmin>30</quantmin>
        <quantmax>80</quantmax>
        <cost>100</cost>
        <flags count_in_cargo="0" count_in_hoarder="0" count_in_map="1" count_in_player="0" crafted="0" deloot="0" />
        <category name="weapons" />
        <usage name="Military" />
        <value name="Tier3" />
        <value name="Tier4" />

    </type>
    <type name="SCWS_StubbyGrip">
        <nominal>4</nominal>
        <lifetime>28800</lifetime>
        <restock>0</restock>
        <min>1</min>
        <quantmin>30</quantmin>
        <quantmax>80</quantmax>
        <cost>100</cost>
        <flags count_in_cargo="0" count_in_hoarder="0" count_in_map="1" count_in_player="0" crafted="0" deloot="0" />
        <category name="weapons" />
        <usage name="Military" />
        <value name="Tier3" />
        <value name="Tier4" />

    </type>
    <type name="SCWS_AngledGrip">
        <nominal>4</nominal>
        <lifetime>28800</lifetime>
        <restock>0</restock>
        <min>1</min>
        <quantmin>10</quantmin>
        <quantmax>50</quantmax>
        <cost>100</cost>
        <flags count_in_cargo="0" count_in_hoarder="0" count_in_map="1" count_in_player="0" crafted="0" deloot="0" />
        <category name="weapons" />
        <tag name="shelves" />
        <usage name="Military" />
        <value name="Tier3" />
        <value name="Tier4" />

    </type>
    <type name="SCWS_50_Suppressor">
        <nominal>0</nominal>
        <lifetime>28800</lifetime>
        <restock>0</restock>
        <min>0</min>
        <quantmin>30</quantmin>
        <quantmax>80</quantmax>
        <cost>100</cost>
        <flags count_in_cargo="1" count_in_hoarder="1" count_in_map="1" count_in_player="1" crafted="0" deloot="0" />
        <category name="weapons" />
    </type>
    <type name="SCWS_Suppressor_Legion">
        <nominal>0</nominal>
        <lifetime>28800</lifetime>
        <restock>0</restock>
        <min>0</min>
        <quantmin>30</quantmin>
        <quantmax>80</quantmax>
        <cost>100</cost>
        <flags count_in_cargo="1" count_in_hoarder="1" count_in_map="1" count_in_player="1" crafted="0" deloot="0" />
        <category name="weapons" />
    </type>
    <type name="SCWS_Suppressor_Legion_Black">
        <nominal>0</nominal>
        <lifetime>28800</lifetime>
        <restock>0</restock>
        <min>0</min>
        <quantmin>30</quantmin>
        <quantmax>80</quantmax>
        <cost>100</cost>
        <flags count_in_cargo="1" count_in_hoarder="1" count_in_map="1" count_in_player="1" crafted="0" deloot="0" />
        <category name="weapons" />
    </type>
    <type name="SCWS_Uni_Suppressor_Black">
        <nominal>0</nominal>
        <lifetime>28800</lifetime>
        <restock>0</restock>
        <min>0</min>
        <quantmin>30</quantmin>
        <quantmax>80</quantmax>
        <cost>100</cost>
        <flags count_in_cargo="1" count_in_hoarder="1" count_in_map="1" count_in_player="1" crafted="0" deloot="0" />
        <category name="weapons" />
    </type>
    <type name="SCWSUni_Suppressor_Tan">
        <nominal>0</nominal>
        <lifetime>28800</lifetime>
        <restock>0</restock>
        <min>0</min>
        <quantmin>30</quantmin>
        <quantmax>80</quantmax>
        <cost>100</cost>
        <flags count_in_cargo="1" count_in_hoarder="1" count_in_map="1" count_in_player="1" crafted="0" deloot="0" />
        <category name="weapons" />
    </type>
    <type name="SCWS_Uni_Suppressor_Gold">
        <nominal>0</nominal>
        <lifetime>28800</lifetime>
        <restock>0</restock>
        <min>0</min>
        <quantmin>30</quantmin>
        <quantmax>80</quantmax>
        <cost>100</cost>
        <flags count_in_cargo="0" count_in_hoarder="0" count_in_map="1" count_in_player="0" crafted="0" deloot="0" />
        <category name="weapons" />
    </type>
    <type name="SCWS_408_Suppressor">
        <nominal>0</nominal>
        <lifetime>28800</lifetime>
        <restock>0</restock>
        <min>0</min>
        <quantmin>30</quantmin>
        <quantmax>80</quantmax>
        <cost>100</cost>
        <flags count_in_cargo="0" count_in_hoarder="0" count_in_map="1" count_in_player="0" crafted="0" deloot="0" />
        <category name="weapons" />
    </type>
    <type name="SCWS_9mm_Suppressor">
        <nominal>0</nominal>
        <lifetime>28800</lifetime>
        <restock>0</restock>
        <min>0</min>
        <quantmin>30</quantmin>
        <quantmax>80</quantmax>
        <cost>100</cost>
        <flags count_in_cargo="0" count_in_hoarder="0" count_in_map="1" count_in_player="0" crafted="0" deloot="0" />
        <category name="weapons" />
    </type>
    <type name="SCWS_Anpeq">
        <nominal>3</nominal>
        <lifetime>28800</lifetime>
        <restock>0</restock>
        <min>1</min>
        <quantmin>30</quantmin>
        <quantmax>80</quantmax>
        <cost>100</cost>
        <flags count_in_cargo="0" count_in_hoarder="0" count_in_map="1" count_in_player="0" crafted="0" deloot="0" />
        <category name="weapons" />
        <usage name="Military" />
        <value name="Tier3" />
        <value name="Tier4" />

    </type>
    <type name="SCWS_ATACR">
        <nominal>3</nominal>
        <lifetime>28800</lifetime>
        <restock>0</restock>
        <min>1</min>
        <quantmin>30</quantmin>
        <quantmax>80</quantmax>
        <cost>100</cost>
        <flags count_in_cargo="0" count_in_hoarder="0" count_in_map="1" count_in_player="0" crafted="0" deloot="0" />
        <category name="weapons" />
        <usage name="Military" />
        <value name="Tier3" />
        <value name="Tier4" />

    </type>
    <type name="SCWS_BipodF">
        <nominal>3</nominal>
        <lifetime>28800</lifetime>
        <restock>0</restock>
        <min>1</min>
        <quantmin>30</quantmin>
        <quantmax>80</quantmax>
        <cost>100</cost>
        <flags count_in_cargo="0" count_in_hoarder="0" count_in_map="1" count_in_player="0" crafted="0" deloot="0" />
        <category name="weapons" />
        <usage name="Military" />
        <value name="Tier3" />
        <value name="Tier4" />

    </type>
    <!-- Optics -->
    <type name="SCWS_MRO">
        <nominal>3</nominal>
        <lifetime>28800</lifetime>
        <restock>0</restock>
        <min>1</min>
        <quantmin>30</quantmin>
        <quantmax>80</quantmax>
        <cost>100</cost>
        <flags count_in_cargo="0" count_in_hoarder="0" count_in_map="1" count_in_player="0" crafted="0" deloot="0" />
        <category name="weapons" />
        <usage name="Military" />
        <value name="Tier3" />
        <value name="Tier4" />

    </type>
    <type name="SCWS_Bravo">
        <nominal>3</nominal>
        <lifetime>28800</lifetime>
        <restock>0</restock>
        <min>1</min>
        <quantmin>10</quantmin>
        <quantmax>50</quantmax>
        <cost>100</cost>
        <flags count_in_cargo="0" count_in_hoarder="0" count_in_map="1" count_in_player="0" crafted="0" deloot="0" />
        <category name="weapons" />
        <tag name="shelves" />
        <usage name="Military" />
        <value name="Tier3" />
        <value name="Tier4" />

    </type>
    <type name="SCWS_HAMROptic">
        <nominal>3</nominal>
        <lifetime>28800</lifetime>
        <restock>0</restock>
        <min>1</min>
        <quantmin>30</quantmin>
        <quantmax>80</quantmax>
        <cost>100</cost>
        <flags count_in_cargo="0" count_in_hoarder="0" count_in_map="1" count_in_player="0" crafted="0" deloot="0" />
        <category name="weapons" />
        <usage name="Military" />
        <value name="Tier4" />
        <category name="RadiationZone" />

    </type>
    <type name="SCWS_M14_scope">
        <nominal>3</nominal>
        <lifetime>28800</lifetime>
        <restock>0</restock>
        <min>1</min>
        <quantmin>30</quantmin>
        <quantmax>80</quantmax>
        <cost>100</cost>
        <flags count_in_cargo="1" count_in_hoarder="1" count_in_map="1" count_in_player="0" crafted="0" deloot="0" />
        <category name="weapons" />
        <usage name="Military" />
        <value name="Tier3" />
        <value name="Tier4" />
        <category name="RadiationZone" />

    </type>
    <type name="SCWS_colimdot">
        <nominal>3</nominal>
        <lifetime>28800</lifetime>
        <restock>0</restock>
        <min>1</min>
        <quantmin>30</quantmin>
        <quantmax>80</quantmax>
        <cost>100</cost>
        <flags count_in_cargo="1" count_in_hoarder="1" count_in_map="1" count_in_player="1" crafted="0" deloot="0" />
        <category name="weapons" />
        <usage name="Military" />
        <value name="Tier3" />
        <value name="Tier4" />

    </type>
    <type name="SCWS_UH1">
        <nominal>3</nominal>
        <lifetime>28800</lifetime>
        <restock>0</restock>
        <min>1</min>
        <quantmin>30</quantmin>
        <quantmax>80</quantmax>
        <cost>100</cost>
        <flags count_in_cargo="1" count_in_hoarder="1" count_in_map="1" count_in_player="1" crafted="0" deloot="0" />
        <category name="weapons" />
        <usage name="Military" />
        <value name="Tier3" />
        <value name="Tier4" />

    </type>
    <type name="SCWS_uhScope">
        <nominal>3</nominal>
        <lifetime>28800</lifetime>
        <restock>0</restock>
        <min>1</min>
        <quantmin>30</quantmin>
        <quantmax>80</quantmax>
        <cost>100</cost>
        <flags count_in_cargo="1" count_in_hoarder="1" count_in_map="1" count_in_player="1" crafted="0" deloot="0" />
        <category name="weapons" />
        <usage name="Military" />
        <value name="Tier3" />
        <value name="Tier4" />

    </type>
    <type name="SCWS_CS5Scope">
        <nominal>3</nominal>
        <lifetime>28800</lifetime>
        <restock>0</restock>
        <min>1</min>
        <quantmin>30</quantmin>
        <quantmax>80</quantmax>
        <cost>100</cost>
        <flags count_in_cargo="1" count_in_hoarder="1" count_in_map="1" count_in_player="1" crafted="0" deloot="0" />
        <category name="weapons" />
        <usage name="Military" />
        <value name="Tier3" />
        <value name="Tier4" />

    </type>
    <type name="SCWS_46v2x">
        <nominal>3</nominal>
        <lifetime>28800</lifetime>
        <restock>0</restock>
        <min>1</min>
        <quantmin>30</quantmin>
        <quantmax>80</quantmax>
        <cost>100</cost>
        <flags count_in_cargo="0" count_in_hoarder="0" count_in_map="1" count_in_player="0" crafted="0" deloot="0" />
        <category name="weapons" />
        <usage name="Military" />
        <value name="Tier4" />
        <category name="RadiationZone" />


    </type>
    <type name="SCWS_Holosun">
        <nominal>3</nominal>
        <lifetime>28800</lifetime>
        <restock>0</restock>
        <min>1</min>
        <quantmin>30</quantmin>
        <quantmax>80</quantmax>
        <cost>100</cost>
        <flags count_in_cargo="0" count_in_hoarder="0" count_in_map="1" count_in_player="0" crafted="0" deloot="0" />
        <category name="weapons" />
        <usage name="Military" />
        <value name="Tier3" />
        <value name="Tier4" />

    </type>
    <type name="SCWS_EOTECH">
        <nominal>3</nominal>
        <lifetime>28800</lifetime>
        <restock>0</restock>
        <min>1</min>
        <quantmin>30</quantmin>
        <quantmax>80</quantmax>
        <cost>100</cost>
        <flags count_in_cargo="0" count_in_hoarder="0" count_in_map="1" count_in_player="0" crafted="0" deloot="0" />
        <category name="weapons" />
        <usage name="Military" />
        <value name="Tier3" />
        <value name="Tier4" />

    </type>
    <type name="SCWS_DeltaReflex">
        <nominal>3</nominal>
        <lifetime>28800</lifetime>
        <restock>0</restock>
        <min>1</min>
        <quantmin>30</quantmin>
        <quantmax>80</quantmax>
        <cost>100</cost>
        <flags count_in_cargo="0" count_in_hoarder="0" count_in_map="1" count_in_player="0" crafted="0" deloot="0" />
        <category name="weapons" />
        <usage name="Military" />
        <value name="Tier3" />
        <value name="Tier4" />

    </type>
    <type name="SCWS_BENDERScope">
        <nominal>3</nominal>
        <lifetime>28800</lifetime>
        <restock>0</restock>
        <min>1</min>
        <quantmin>30</quantmin>
        <quantmax>80</quantmax>
        <cost>100</cost>
        <flags count_in_cargo="0" count_in_hoarder="0" count_in_map="1" count_in_player="0" crafted="0" deloot="0" />
        <category name="weapons" />
        <usage name="Military" />
        <value name="Tier3" />
        <value name="Tier4" />

    </type>
    <type name="SCWS_AWMScope">
        <nominal>3</nominal>
        <lifetime>28800</lifetime>
        <restock>0</restock>
        <min>1</min>
        <quantmin>30</quantmin>
        <quantmax>80</quantmax>
        <cost>100</cost>
        <flags count_in_cargo="0" count_in_hoarder="0" count_in_map="1" count_in_player="0" crafted="0" deloot="0" />
        <category name="weapons" />
        <usage name="Military" />
        <value name="Tier4" />
        <category name="RadiationZone" />

    </type>
    <type name="SCWS_AmmoBox_338">
        <nominal>0</nominal>
        <lifetime>14400</lifetime>
        <restock>0</restock>
        <min>0</min>
        <quantmin>-1</quantmin>
        <quantmax>-1</quantmax>
        <cost>100</cost>
        <flags count_in_cargo="0" count_in_hoarder="0" count_in_map="1" count_in_player="0" crafted="0" deloot="0" />
        <category name="RadiationZone" />
    </type>
    <type name="SCWS_Ammo_338">
        <nominal>30</nominal>
        <lifetime>14400</lifetime>
        <restock>0</restock>
        <min>15</min>
        <quantmin>5</quantmin>
        <quantmax>15</quantmax>
        <cost>100</cost>
        <flags count_in_cargo="0" count_in_hoarder="0" count_in_map="1" count_in_player="0" crafted="0" deloot="0" />
        <category name="RadiationZone" />
        <usage name="Military" />
        <value name="Tier4" />
    </type>
    <type name="SCWS_Ammo_408Chey">
        <nominal>10</nominal>
        <lifetime>14400</lifetime>
        <restock>0</restock>
        <min>5</min>
        <quantmin>5</quantmin>
        <quantmax>15</quantmax>
        <cost>100</cost>
        <flags count_in_cargo="0" count_in_hoarder="0" count_in_map="1" count_in_player="0" crafted="0" deloot="0" />
        <category name="RadiationZone" />
    </type>
    <type name="SCWS_AmmoBox_408Chey">
        <nominal>0</nominal>
        <lifetime>14400</lifetime>
        <restock>0</restock>
        <min>0</min>
        <quantmin>5</quantmin>
        <quantmax>15</quantmax>
        <cost>100</cost>
        <flags count_in_cargo="0" count_in_hoarder="0" count_in_map="1" count_in_player="0" crafted="0" deloot="0" />
        <category name="RadiationZone" />
    </type>
    <type name="SCWS_AmmoBox_50Cal">
        <nominal>0</nominal>
        <lifetime>14400</lifetime>
        <restock>0</restock>
        <min>0</min>
        <quantmin>5</quantmin>
        <quantmax>15</quantmax>
        <cost>100</cost>
        <flags count_in_cargo="0" count_in_hoarder="0" count_in_map="1" count_in_player="0" crafted="0" deloot="0" />
        <category name="RadiationZone" />
    </type>
    <type name="SCWS_Ammo_50Cal">
        <nominal>5</nominal>
        <lifetime>14400</lifetime>
        <restock>0</restock>
        <min>0</min>
        <quantmin>5</quantmin>
        <quantmax>15</quantmax>
        <cost>100</cost>
        <flags count_in_cargo="0" count_in_hoarder="0" count_in_map="1" count_in_player="0" crafted="0" deloot="0" />
        <category name="RadiationZone" />
    </type>
</types>