<?xml version="1.0" encoding="UTF-8" standalone="yes"?>
<economycore>
	<classes>
		<!--
These are rootclasses to be used by economy.
Do not forget to add attribute act="character", if root class represents character (player,
		infected, animal)
Do not forget to add attribute act="car", if root class represents moveable vehicles
-->
		<rootclass name="DefaultWeapon" />
		<!-- weapons -->
		<rootclass name="DefaultMagazine" />
		<!-- magazines -->
		<rootclass name="Inventory_Base" />
		<!-- inventory items -->
		<rootclass name="HouseNoDestruct" reportMemoryLOD="no" />
		<!-- houses, wrecks -->
		<rootclass name="SurvivorBase" act="character" reportMemoryLOD="no" />
		<!-- player characters -->
		<rootclass name="DZ_LightAI" act="character" reportMemoryLOD="no" />
		<!-- infected, animals -->
		<rootclass name="CarScript" act="car" reportMemoryLOD="no" />
		<!-- cars (sedan, hatchback,
		transitBus, V3S, ...) -->
		<rootclass name="BoatScript" act="car" reportMemoryLOD="no" />
		<!-- boats -->
	</classes>
	<defaults>
		<default name="dyn_radius" value="30" />
		<default name="dyn_smin" value="0" />
		<default name="dyn_smax" value="0" />
		<default name="dyn_dmin" value="1" />
		<default name="dyn_dmax" value="5" />
		<default name="log_ce_loop" value="false" />
		<default name="log_ce_dynamicevent" value="false" />
		<default name="log_ce_vehicle" value="false" />
		<default name="log_ce_lootspawn" value="false" />
		<default name="log_ce_lootcleanup" value="false" />
		<default name="log_ce_lootrespawn" value="false" />
		<default name="log_ce_statistics" value="false" />
		<default name="log_ce_zombie" value="false" />
		<default name="log_storageinfo" value="false" />
		<default name="log_hivewarning" value="true" />
		<default name="log_missionfilewarning" value="true" />
		<default name="save_events_startup" value="true" />
		<default name="save_types_startup" value="true" />
	</defaults>
	<!-- KIWI ITEMS -->
	<ce folder="types/KIWI_Items_ce">
		<file name="kiwi_items.xml" type="types" />
		<file name="sets.xml" type="types" />
	</ce>
	<!-- CJ Chests -->
	<ce folder="types/CJ_Chests_ce">
		<file name="Lootchest_types.xml" type="types" />
	</ce>
	<!-- FC Cars -->
	<ce folder="types/FC_Cars_ce">
		<file name="FcVeh_types.xml" type="types" />
	</ce>
	<!-- CP -->
	<ce folder="types/CP_ce">
		<file name="CP.xml" type="types" />
	</ce>
	<!-- Trader Plus -->
	<ce folder="types/TraderPlus_ce">
		<file name="TraderPlus_types.xml" type="types" />
	</ce>
	<!-- HM -->
	<ce folder="types/HM_ce">
		<file name="HM.xml" type="types" />
	</ce>

	<!-- Boomlay -->
	<ce folder="types/BoomLay_ce">
		<file name="item_types.xml" type="types"/>
	</ce>
	<!-- Zombie -->
	<ce folder="types/Zombie_mod_ce">
		<file name="Zombie_mod.xml" type="types"/>
	</ce>
	<!-- HP -->
	<ce folder="types/HP_ce">
		<file name="HP.xml" type="types"/>
	</ce>
	<!-- Mod cars -->
	<ce folder="types/CARS_ce">
		<file name="Cars.xml" type="types"/>
	</ce>
	<!-- DNA KeyCard -->
	<ce folder="types/DNA_KeyCard_ce">
		<file name="DNA_KeyCard.xml" type="types"/>
	</ce>
	<!-- RZ key doors -->
	<!-- <ce folder="types/RZ_KeyCardDoors_ce">
		<file name="rz_keyCardDoors.xml" type="types"/>
	</ce> -->
	<!-- Nomad_Backpack -->
	<ce folder="types/Nomad_Backpack_ce">
		<file name="Nomad_Backpack.xml" type="types"/>
	</ce>
	<!-- TOFU -->
	<ce folder="types/Tofu_ce">
		<file name="Tofu_Barrels.xml" type="types" />
	</ce>
	<!-- Items -->
	<ce folder="types/Items_ce">
		<file name="random_items_types.xml" type="types" />
		<file name="other_items.xml" type="types" />
	</ce>
	<!-- TerjeMedicine -->
	<ce folder="types/TerjeMedicine_ce">
		<file name="Types_Optional_items.xml" type="types" />
		<file name="Types_Required_items.xml" type="types" />
		<file name="Types_TerjeRadiation_items.xml" type="types" />
	</ce>
	<!-- TerjeSkills -->
	<ce folder="types/TerjeSkills_ce">
		<file name="Types_Skills.xml" type="types" />
	</ce>
	<!-- SCWS -->
	<ce folder="types/SCWS_ce">
		<file name="SCWS.xml" type="types" />
	</ce>
	<!-- FOG -->
	<ce folder="types/FOG_ce">
		<file name="FOG.xml" type="types" />
		<file name="FOG_Helmets.xml" type="types" />
		<file name="FOG_Pants.xml" type="types" />
		<file name="FOG_PNV.xml" type="types" />
		<file name="FOG_Vests.xml" type="types" />
		<file name="FOG_T_Shirts.xml" type="types" />
		<file name="FOG_Bags.xml" type="types" />
	</ce>
	<!-- RaG -->
	<ce folder="types/RaG_ce">
		<file name="rag_baseitems.xml" type="types" />
		<file name="rag_basebuilding.xml" type="types" />
		<file name="rag_vehicle_pack.xml" type="types" />
		<file name="rag_hummer_types.xml" type="types" />
		<file name="rag_landrover_types.xml" type="types" />
	</ce>

</economycore>