{
    "m_Version": 1,
    "m_ClassName": "Mag_Saiga_5Rnd",
    "m_SkinName": "",
    "m_HealthLevel": 2,
    "m_Quantity": 4.0,
    "m_QuantityType": 16,
    "m_LiquidType": -1,
    "m_IsBloodContainer": 0,
    "m_FoodStageType": -1,
    "m_Rarity": 0,
    "m_ContainerItemsCount": 1,
    "m_ContainerItems": [
        {
            "m_Version": 0,
            "m_ClassName": "Ammo_12gaPellets",
            "m_SkinName": "",
            "m_HealthLevel": 0,
            "m_Quantity": 4.0,
            "m_QuantityType": 16,
            "m_LiquidType": -1,
            "m_IsBloodContainer": 0,
            "m_FoodStageType": -1,
            "m_Rarity": 0,
            "m_ContainerItemsCount": 0,
            "m_ContainerItems": [],
            "m_IsWeapon": 0,
            "m_IsMagazine": 0,
            "m_IsAttached": 0
        }
    ],
    "m_GlobalID": [
        -2147483648,
        -2147483648,
        -2147483648,
        -2147315382
    ],
    "m_OwnerUID": "62ZZcFkdhgJlWMxNaR2LnfPpWcFwUWS15DqnFX5Iyuo=",
    "m_Price": 2000,
    "m_ListingTime": 1742291359,
    "m_ListingState": 1,
    "m_OwnerName": "Smirnoff1984[UA]"
}